1.848591485979633120e+01	6.533811719883908076e+00	5.715264108003160537e+00	5.947807296896879592e+00	5.448135885612938267e+00
2.246400924648159858e+01	5.981546932419586682e+00	6.631582928499150320e+00	5.209856641103909780e+00	5.608477092964668564e+00
2.302987935388275886e+01	6.838701544852388459e+00	4.689303025222134380e+00	6.908705975009895361e+00	4.341752907136741335e+00
1.937861123437710376e+01	6.270209883891290303e+00	5.841623988049212457e+00	5.393620884367543056e+00	5.455662772064538757e+00
2.732079593645737603e+01	4.315810497413210989e+00	6.080021101160883568e+00	5.021501083853122438e+00	4.584449894313725515e+00
2.721593370977954862e+01	5.531641199834138156e+00	6.163834261136793558e+00	5.158807444813175103e+00	5.540388714046915020e+00
2.258525118173414015e+01	6.700484657129273991e+00	4.633578854948143366e+00	6.903112574355643183e+00	5.946828928916626289e+00
2.134511663136401083e+01	5.070915210088109859e+00	5.890422893762456091e+00	6.820250475005139812e+00	4.133217609578981211e+00
1.903533833161588618e+01	6.351475276242441126e+00	6.108824819715995780e+00	6.738800304548854037e+00	4.844597960389666724e+00
2.047012807294257186e+01	4.507404820954401536e+00	6.374520485694978866e+00	4.867202173767801732e+00	4.807573756979735435e+00
2.730908430025290556e+01	5.085683959401732679e+00	5.339281020077258688e+00	4.881581799849864289e+00	5.240088992077961194e+00
2.533160756571086480e+01	5.147183341100791232e+00	5.429803486807307067e+00	6.449750508938667970e+00	6.732953557582655790e+00
2.480697256561159136e+01	6.916146564933556284e+00	4.736365415440440430e+00	6.848911405692275522e+00	4.306400370212020157e+00
2.647097471790479517e+01	4.583155935639431355e+00	4.540274229617868862e+00	5.047266352289829783e+00	4.137839362227692774e+00
2.799072334232171499e+01	6.134982347506525713e+00	5.473842344471576027e+00	6.762576521997877066e+00	5.462435375809279847e+00
2.355786643095900956e+01	6.197830922367419504e+00	4.679516196032100339e+00	4.821621244315741350e+00	4.498198653244765310e+00
2.569735006671945854e+01	6.241034248783136285e+00	4.804513117356609797e+00	6.822697324020682963e+00	5.701813400115146813e+00
2.799943123861429584e+01	4.565242589357536573e+00	4.370530356037833464e+00	4.686334134098922632e+00	4.364167161991044708e+00
1.807763852906588653e+01	5.165761616022717995e+00	6.421889254365228616e+00	6.333398333811850911e+00	5.529109317196244433e+00
2.697092664182586574e+01	4.136909711020386737e+00	5.462264038954910639e+00	6.508905847161277514e+00	6.460271926489857819e+00
2.146624975990387085e+01	4.442515782909485900e+00	4.438498428961565878e+00	6.562406969780183452e+00	6.123447282768687217e+00
2.016875963353871271e+01	4.575762520898618568e+00	6.456000935450869171e+00	4.987641962935241757e+00	6.955776396236788450e+00
2.652072008672869075e+01	6.272517864209687488e+00	5.782994769237850718e+00	4.712634729143251100e+00	5.662550560132380895e+00
2.122296218908199705e+01	4.116442765647221336e+00	5.447616422853031715e+00	4.645256150270214768e+00	4.887582141576533701e+00
2.305166263828508022e+01	6.092009790217522536e+00	4.645827893656765184e+00	6.520764631601142725e+00	4.081664680848112070e+00
2.343639851542091890e+01	5.149718079137358018e+00	5.739471247865965964e+00	5.806619221768209549e+00	5.766624144664798557e+00
2.123109397419205635e+01	4.119669884014271588e+00	4.474813678546988527e+00	4.784562173194222723e+00	6.473249197579414194e+00
2.437833245416491579e+01	6.555127127863650927e+00	5.098947210840548472e+00	6.577462481613264522e+00	4.582430407430574171e+00
1.931005680016427917e+01	4.226788713693741428e+00	5.700654867555506655e+00	6.886912516731190870e+00	6.008525770909454167e+00
1.836976050227285384e+01	5.453792645871180511e+00	5.764989318759641712e+00	5.554981347175242057e+00	5.182849885503172160e+00
2.575680613636852101e+01	6.708366302239541668e+00	6.918089283302228942e+00	6.051447094872593802e+00	5.799892090953110646e+00
2.455060099250117744e+01	4.959958094720048116e+00	5.673405831491063367e+00	5.100485366973853907e+00	6.795389760374052734e+00
2.113699573686605149e+01	5.073661953260879542e+00	5.663442666538022863e+00	4.195716967495213723e+00	6.333527272059026103e+00
1.943878514014771497e+01	6.911426614135038449e+00	6.439060737650170729e+00	6.415588019326742497e+00	4.240206068065175415e+00
2.564533460975337320e+01	4.105366272208886613e+00	4.017552195026635964e+00	4.271552650084111669e+00	5.368198023968988153e+00
1.847698589780334899e+01	4.513894101032971840e+00	5.081059459547258683e+00	6.265584817196705458e+00	6.038370909285921684e+00
1.918396592631492581e+01	4.378665372997326166e+00	6.966357453035767477e+00	4.970580287924305729e+00	6.978024603289445515e+00
2.241052659242324552e+01	5.591544281143653095e+00	6.085661358090151296e+00	6.570816410923124629e+00	6.816510566433754192e+00
2.648059563257974247e+01	5.485902281170261574e+00	6.879445697006246974e+00	4.791859019845871259e+00	4.095528379443006628e+00
2.661114859594679061e+01	6.177240400173660717e+00	4.596339000735023994e+00	4.108761661130511555e+00	4.087819990516296187e+00
2.596039510210151136e+01	4.121046134757928137e+00	4.443051553463738479e+00	5.513404096581118630e+00	5.517223836695889894e+00
2.158841837049800816e+01	4.159624131804871894e+00	5.742355905703012020e+00	5.655697953072591488e+00	5.506744648317721591e+00
2.120466339823061475e+01	5.551784571644520661e+00	5.378347461443387267e+00	4.084126883435241773e+00	5.264354820394808954e+00
2.483242000419064510e+01	4.098039230920686116e+00	6.804825205136560307e+00	6.403125652637651655e+00	5.568169992411291958e+00
2.578517268000495122e+01	4.393337429095137914e+00	4.251481326477339451e+00	4.285845231439406433e+00	4.389740778014425970e+00
2.426343864651571991e+01	5.847294462923395386e+00	5.166610131942043438e+00	5.873981910640728721e+00	4.798177246519324868e+00
2.284727710008530366e+01	4.664804145609843467e+00	5.507751212267155694e+00	6.971124344744286994e+00	4.760154359472396735e+00
2.664705916127703844e+01	6.867177555325076455e+00	5.919962648881906375e+00	5.560638085518516682e+00	4.070883232691951292e+00
2.471312164802549560e+01	6.247063800006734446e+00	6.188191548550777910e+00	5.852608320511257567e+00	4.074372855163008289e+00
1.995614650880334651e+01	5.054085093016554175e+00	4.520144615362665874e+00	6.550678850003031961e+00	5.319589254130500322e+00
2.163713439444181219e+01	4.832408676484472032e+00	4.960475641500041277e+00	5.538881449013856262e+00	5.594863558503234024e+00
2.522055549227136595e+01	5.623088342873546530e+00	4.303522573885851799e+00	4.641475041400789259e+00	5.611100061616348889e+00
2.714113440850071868e+01	5.594823593941510964e+00	5.578461134260678911e+00	6.105133190531470078e+00	5.428174638932277141e+00
2.619423526176026229e+01	6.112041497093661846e+00	5.111575758927372704e+00	4.246712458353561814e+00	5.785198188562193700e+00
2.254640558459824007e+01	6.151413504415020661e+00	5.324158952374869358e+00	6.409809862819908943e+00	4.864823153630011277e+00
2.486203603474118395e+01	5.015448437585850350e+00	5.481743551339144815e+00	6.236409269784157772e+00	6.134327187627757638e+00
2.001862807719841797e+01	4.296690639719974669e+00	6.612845574981485619e+00	4.710729976329124824e+00	6.611905563985986056e+00
2.290206071505027552e+01	4.404557817293953903e+00	6.926876148581070147e+00	4.698790407227370736e+00	4.488670083894406027e+00
2.275252290013188627e+01	5.820030002875141939e+00	4.189125363674016000e+00	4.009087541834272628e+00	6.483636980552414997e+00
2.190530849614854247e+01	6.792604198938624549e+00	6.514284059672024618e+00	4.275344451808401836e+00	5.249793919656716490e+00
2.016402438184195134e+01	5.727036126718282105e+00	5.899194155989103905e+00	4.431443090610221347e+00	5.783792091843428018e+00
2.687693661392315647e+01	4.943389883267585994e+00	5.722843221612367692e+00	4.659544201156491816e+00	4.560340299750374804e+00
2.420878223682452912e+01	4.020366814866970451e+00	5.123297562467476141e+00	4.807621649284614662e+00	4.495305395966948225e+00
2.696346731173973410e+01	5.747193444426613951e+00	4.150656173625367984e+00	5.415666196757297435e+00	4.299634592384748544e+00
2.326616108784928727e+01	5.999294889219465965e+00	4.365923358959309830e+00	5.668415162897313841e+00	4.064232214173272517e+00
2.210688913995320348e+01	5.778671234637166698e+00	6.036114911830370744e+00	5.329642301046379593e+00	4.784625724326492247e+00
2.015511825102205279e+01	4.901040548624871818e+00	4.752765483924332734e+00	4.063987547524053667e+00	5.520354550651997094e+00
2.669702833150687837e+01	6.164465868014077365e+00	6.014843207618428167e+00	4.578244175361414037e+00	6.233253948000974098e+00
1.924474249153370664e+01	5.780788518004706944e+00	4.874180100148334027e+00	6.642851805598022352e+00	5.334138439654899422e+00
2.711114570655369960e+01	6.846968195897054521e+00	4.815303121871875369e+00	5.219439751847025910e+00	5.039077575087869576e+00
2.083454226944119014e+01	6.454313979936094903e+00	6.501280809182136800e+00	5.662545917053385836e+00	6.061226086909175415e+00
2.746828148377402812e+01	5.600477133704365507e+00	5.420419045971353711e+00	6.704019014880421956e+00	5.139166810175538558e+00
1.956812574044738540e+01	6.942689500413042225e+00	6.693615902305587007e+00	6.558363395722514255e+00	6.642375114685154180e+00
2.784436232412426548e+01	6.948817470025982601e+00	4.468833984131059367e+00	6.816127723798930838e+00	5.040887247377805913e+00
2.021471740518656546e+01	4.531883102143567932e+00	4.972282527460922807e+00	5.330629036043749380e+00	6.441193839807583643e+00
2.323256158312801389e+01	4.481654928599683174e+00	4.908917427661980248e+00	5.252261820173552920e+00	6.888254679693885940e+00
2.496083701705979863e+01	4.453540968881221751e+00	5.710873265332474524e+00	6.335140655494218898e+00	4.304646527501938991e+00
1.903071000878157193e+01	6.802989017012097683e+00	5.888508563954723662e+00	6.828484834692496896e+00	5.804297711439537544e+00
2.328053130874993926e+01	5.660302117655652054e+00	6.055514375885544531e+00	5.050780612163933370e+00	4.032656787409023558e+00
2.048225144358401906e+01	5.797409570878496510e+00	5.008833029497724354e+00	4.905498157704983875e+00	4.935473330248097312e+00
1.814885214195522423e+01	6.040214979659523031e+00	6.775726861236837095e+00	4.498478080265799761e+00	5.049643758118442349e+00
1.943120652949120242e+01	4.516790065061083048e+00	5.806599911905560241e+00	5.607847450656925581e+00	6.356621556606580903e+00
2.224299822211197153e+01	4.058527567975870554e+00	5.282404512658272822e+00	6.086380007301319672e+00	4.769162324402500985e+00
2.645312702916756820e+01	6.652889736047553626e+00	4.457013307520140799e+00	4.095061929900379205e+00	6.407339722567396478e+00
2.360033251239898178e+01	5.831905923437984640e+00	4.840107643973182938e+00	6.252798721180488961e+00	4.252078423411216335e+00
2.546686675482798634e+01	4.195466318993505084e+00	6.178566635263509355e+00	6.920006894948527609e+00	6.928907620331082207e+00
2.231962760190740269e+01	6.045375019559224405e+00	5.798409035090370978e+00	4.795037697327556359e+00	4.431102885312029116e+00
2.153468072958055757e+01	6.323891341539424005e+00	5.032864189705215985e+00	6.042953898167883864e+00	4.369682061332246903e+00
1.962897836234219540e+01	5.142546432939258061e+00	5.528302160565081280e+00	6.953514990175216681e+00	5.230492902110078113e+00
2.769606988228115441e+01	5.678994670882322460e+00	5.754177241762635120e+00	4.889252083111590430e+00	4.333256866916998185e+00
2.427397698572780271e+01	4.967466367026625029e+00	5.775824588877354060e+00	5.987042091866222826e+00	6.551633619210620374e+00
2.700489688028963897e+01	5.109726146941715896e+00	5.352486251730195654e+00	5.142953053061686042e+00	5.537156474346232926e+00
2.392173819365255838e+01	4.231336210108124440e+00	5.048477373933679679e+00	5.890677991870918007e+00	6.565899177979073187e+00
1.920803481917056743e+01	6.899453758303236484e+00	5.932505277939575272e+00	4.544585010032385242e+00	5.937726593272103948e+00
1.824652923290434003e+01	5.377039647673717226e+00	4.463089693036194738e+00	6.058218004948884960e+00	4.647821252494398259e+00
2.542935001220249447e+01	4.460328010313882707e+00	5.223608397328664665e+00	4.099954378384370379e+00	5.479887154482196543e+00
2.158159449775465788e+01	6.099319057531015886e+00	4.452974129032409856e+00	5.977753876535153665e+00	5.807592670604802443e+00
1.835457727002500405e+01	5.817531230816767263e+00	4.778405679327594413e+00	4.423200403572234762e+00	6.337882071235361181e+00
2.341321210369104477e+01	4.070393367462551204e+00	4.869422962029900326e+00	4.130796869862670917e+00	5.949011227478023578e+00
2.755285058878385129e+01	4.608532243956688035e+00	6.336208642005030534e+00	5.793577908086138706e+00	4.732464226612642655e+00
2.063964453218994777e+01	4.274286645398468032e+00	6.304788189294560752e+00	6.084204220933195018e+00	5.118714402883060899e+00
1.850023814746930739e+01	6.380578398685961439e+00	4.639559330943563431e+00	5.762972066905287072e+00	4.021053258763187088e+00
2.094655503269352081e+01	4.128499336399300113e+00	5.392356459471270291e+00	5.813577873333959367e+00	4.917928108568402124e+00
1.878197733120667934e+01	5.694064960779289919e+00	4.422282722924848919e+00	6.800980216777888110e+00	5.738626367247220195e+00
2.507385161860102585e+01	5.900838662026039572e+00	5.253833621340957549e+00	5.188200114833016130e+00	5.132755538045805643e+00
2.043394172122659924e+01	5.535200815067985225e+00	4.715982852933149339e+00	6.979316493215380390e+00	4.517201195662763347e+00
2.765638071791461883e+01	6.064650029840513490e+00	6.354626012640371968e+00	5.316690960084994089e+00	5.311618181655058279e+00
2.059231548668927658e+01	4.072570205890478690e+00	4.952170904934369844e+00	6.347076556335666808e+00	4.599396096354428032e+00
2.759350749884473331e+01	6.055773153220576077e+00	4.024962443602140283e+00	4.089956368677543530e+00	6.138017419933186503e+00
2.034529683698592351e+01	5.604614283047895107e+00	6.666270011213081048e+00	6.434015725182544720e+00	6.698013232764420621e+00
2.619068456487132934e+01	4.320003200971662238e+00	5.175948708155428513e+00	4.538496183910334381e+00	5.349528227297336791e+00
1.868769636155851899e+01	5.995004060740902752e+00	5.014618948983248892e+00	6.456445782508225761e+00	5.646614779866318656e+00
2.559395224908015010e+01	5.378398347379962807e+00	6.020751098102250509e+00	4.632625712273635621e+00	5.963210420993053873e+00
1.897934157065220617e+01	5.632591933532538064e+00	4.794666909994903747e+00	4.513812362546622658e+00	4.038119293221378747e+00
2.550354455102432283e+01	5.067637128235173094e+00	6.789580287274733728e+00	5.535092803694570129e+00	4.177633791129480301e+00
2.287383007145207969e+01	5.882322715643229394e+00	5.771021280978833268e+00	4.853682249177515118e+00	4.833590952607076829e+00
1.826714139479221899e+01	4.722003186708858991e+00	4.789510903787694396e+00	5.865104398503633298e+00	4.522175213587591891e+00
2.346303417816321968e+01	5.236315826409030372e+00	5.373332067404194667e+00	6.038886947251833170e+00	5.854336024112206438e+00
1.978784930390622065e+01	4.890735526825990220e+00	6.889580306673620314e+00	6.830538258727232304e+00	5.514420434030346208e+00
2.187947248764041319e+01	4.756539484855074384e+00	6.134056287511702621e+00	5.494276992357313816e+00	6.878390075938887627e+00
2.225476225248774043e+01	6.476294936221588472e+00	5.880547806750693773e+00	5.118772345424356551e+00	6.882840607651984577e+00
2.372715083897981003e+01	4.659829003799227820e+00	6.419094321939741832e+00	4.680763198585204954e+00	6.190024125184473647e+00
2.168829138377961741e+01	5.185006518803274567e+00	5.539225082885130824e+00	5.923637662743206356e+00	6.762066418443477112e+00
2.770129322240054393e+01	6.130830712614095290e+00	6.592843345617516171e+00	4.608542570146089368e+00	4.435589588955357598e+00
2.154873663131011341e+01	6.387009934371209674e+00	5.962350310050428703e+00	6.489693163230510820e+00	5.871219416473350883e+00
2.672165233427897135e+01	6.460819267767588414e+00	4.045910776872226222e+00	5.615278363298116027e+00	5.459378989465080600e+00
2.156789202971503983e+01	4.126889330035584003e+00	5.109231551575685870e+00	6.986099235312621225e+00	6.607059756773394632e+00
2.505920934096074504e+01	5.029372594254427398e+00	6.712986127649565482e+00	5.743026742143896080e+00	4.666600933859490929e+00
2.161053976567822588e+01	4.424219972871354045e+00	5.083725286219253015e+00	6.888878748302976973e+00	5.709431527881176471e+00
2.265250291885127609e+01	4.665266322549230793e+00	4.186830782936316275e+00	5.453761607017596269e+00	6.342856486723365883e+00
2.140573827043398225e+01	6.828156724465989313e+00	6.988742905037589992e+00	6.482824947710675190e+00	4.169723518004127882e+00
2.609141645784385588e+01	4.550727645819359957e+00	5.848012229364242920e+00	4.621507062303358282e+00	5.821458007657152933e+00
2.594855727693845893e+01	4.753010706161871823e+00	4.860114970884980679e+00	5.409277425731191080e+00	4.927257189549790972e+00
2.087753359225362715e+01	4.955984746234737059e+00	6.828237562665431248e+00	6.665563232652984560e+00	4.518187210715518987e+00
2.675626818362127679e+01	4.869290424765313929e+00	4.857246451441339374e+00	4.324395553229603451e+00	4.051456454007506203e+00
2.753826336278419618e+01	4.639578351201658180e+00	4.821309486245669795e+00	4.872183569483280685e+00	5.254411918066951515e+00
2.545613335949296641e+01	4.854078965651166477e+00	4.682840538641611872e+00	5.449460258529834178e+00	4.361343885749130678e+00
2.294800393980622744e+01	4.672246106445549607e+00	4.316566561580786221e+00	6.451180295755131411e+00	6.336602309895930318e+00
2.640222083416339771e+01	5.638434032257796602e+00	4.945853009826247870e+00	5.846549650655978425e+00	6.136892454260840069e+00
2.093760928724890746e+01	4.289735413080788540e+00	4.989220970828857737e+00	5.868285349583630683e+00	4.836389644897355566e+00
2.336127480456985595e+01	4.883690564957197999e+00	4.215154954166706602e+00	5.757104762348149940e+00	5.174311968171092957e+00
2.039731309976296814e+01	6.721568191260589131e+00	6.710167292180198473e+00	6.859160931770404090e+00	5.859590499472542291e+00
2.357692881183057665e+01	5.309431034182050091e+00	4.897130329003724469e+00	4.858834190747062465e+00	5.388098481453119426e+00
2.613591905943609817e+01	6.665829463313945880e+00	6.137124942440560282e+00	4.997013354370369420e+00	4.245931487007581495e+00
2.222756181764744809e+01	6.330285099431491425e+00	6.903703869990320818e+00	5.306345853733377638e+00	6.615571192013345758e+00
2.211214720200539574e+01	5.771743686859457156e+00	5.282544797490297483e+00	6.641635503909924410e+00	6.594755907824507268e+00
2.295427848914106050e+01	6.169753067545097558e+00	4.166160672941277454e+00	5.321340848353674602e+00	4.199422813285088374e+00
1.856007873834661481e+01	4.986503288565389269e+00	6.089194207177978768e+00	6.661405605961592258e+00	4.357822962067305461e+00
1.900667935940314379e+01	4.474229903755665205e+00	6.367122066342415287e+00	6.748858618481201610e+00	6.770671305702508747e+00
2.123806595583143775e+01	6.017773535004367957e+00	4.467088955126032879e+00	4.135266562972289783e+00	6.806109008398522953e+00
1.986371238091999203e+01	4.898778320604284531e+00	4.524782040319451859e+00	6.519225563838046078e+00	6.160016976234561348e+00
2.472550588044420650e+01	6.407919755043594456e+00	5.928038859851615605e+00	5.346976335677410042e+00	4.912920375952363194e+00
2.155057248566315309e+01	5.885780477039836533e+00	5.181033507483690848e+00	5.559763227986244338e+00	6.785807226361934674e+00
2.226450699962705571e+01	6.769348229677722095e+00	5.626234232194551765e+00	5.862954398536897038e+00	6.478010361493260483e+00
2.621244813078493152e+01	4.008181121985955109e+00	6.913243477276956206e+00	6.757520433391874803e+00	4.848125024890889812e+00
2.411537954283684115e+01	4.827091691667600770e+00	4.246125707685782125e+00	5.557454066350198119e+00	5.916368370433898960e+00
1.836251919684300304e+01	6.496448733715342705e+00	5.940789438354428853e+00	6.360469639619664051e+00	5.776481581709730584e+00
2.698127005168040426e+01	5.515286346356174541e+00	5.418068633309539806e+00	4.693976506734109044e+00	4.542694150479906767e+00
2.438599827324076585e+01	4.556815678998916042e+00	6.732217381317753713e+00	6.472605410309732576e+00	5.648895503856619094e+00
2.704840087681370875e+01	6.538183031906583231e+00	5.259624341325797481e+00	5.627336272744925871e+00	4.793682935320752847e+00
1.866878110378087996e+01	4.096389887794715357e+00	6.506381412963730959e+00	6.127307714084247792e+00	4.900905790122753736e+00
1.934781268351044048e+01	6.235987950597304597e+00	4.242116075860180580e+00	4.414788859167645185e+00	5.813821667475401078e+00
2.310976014714713145e+01	6.756839965114627589e+00	6.608946503619335999e+00	5.239963289816578218e+00	4.697504340904153253e+00
2.079560659083730556e+01	6.344349468198696940e+00	6.200361224731402388e+00	4.356568564613734651e+00	5.290216234720198862e+00
2.027819036750928561e+01	4.336415236722485744e+00	5.436051078177593254e+00	4.049785492191457337e+00	5.239462324716543939e+00
2.099334416824574490e+01	6.800285880381911952e+00	5.316885614263936688e+00	5.147019232701842029e+00	6.846609660618146798e+00
2.715250725399702247e+01	6.361269980955465364e+00	4.828663121077730658e+00	6.323932615913365751e+00	6.662350257946149767e+00
2.762579296740057444e+01	4.068770903545995132e+00	6.433149515789772011e+00	5.485040092317219340e+00	5.210241283000795143e+00
2.639383277711076303e+01	5.704701735589631006e+00	5.036713809012515419e+00	6.516590286970481927e+00	5.439547859852901013e+00
2.577678727105010381e+01	6.795277527660469552e+00	5.236700072253670513e+00	4.012684568457239642e+00	5.297445333311336491e+00
2.229776102532976978e+01	4.024512788591707135e+00	4.105338547816181460e+00	5.572510805620086494e+00	6.182225512776311938e+00
2.707907276821465103e+01	4.259305458889801166e+00	5.684832886879223501e+00	4.263235386440813457e+00	4.092987832013084137e+00
2.517702682586499208e+01	5.875727810300193532e+00	4.887369564921284493e+00	5.803852788403494500e+00	5.321394652962526450e+00
2.223887918957777288e+01	4.610871308236847099e+00	5.685612211808816596e+00	5.818870286188167817e+00	4.511496482918021300e+00
2.061813102478457793e+01	4.046395702985361886e+00	5.708599871938548453e+00	4.868438924288963854e+00	6.153998971300796761e+00
2.180598793443797234e+01	4.627499838648765795e+00	6.683894163016161016e+00	4.661343742936081114e+00	4.839851921144394886e+00
2.149223782739253608e+01	4.698897296058969886e+00	4.518767489151786165e+00	5.784323803182969570e+00	4.350452445469690232e+00
1.987136391021247306e+01	6.823115219421628019e+00	6.550060119397924652e+00	5.765579199210942640e+00	5.294559666675326071e+00
1.958798735622705323e+01	5.415791578225459979e+00	6.553778743523580808e+00	6.693042960033467992e+00	4.527265864653885252e+00
1.834527243115144657e+01	6.930395735775823240e+00	4.154468438928438090e+00	6.705382698611868086e+00	5.353093201592613148e+00
2.549100568175754944e+01	5.303062462475797822e+00	4.530499725745862349e+00	5.930400258618399256e+00	4.424939580681956919e+00
2.350746013810040225e+01	6.546083375354537104e+00	4.426254283752629526e+00	4.050158723509749592e+00	6.952363259076740576e+00
1.985562952949881677e+01	6.355202710534536337e+00	6.389989422879487790e+00	5.254258556385492440e+00	4.709322300887420099e+00
1.898701010927360855e+01	4.278980733291964711e+00	4.161829066868695470e+00	4.033580946651587951e+00	4.249325719457820227e+00
2.791976044646840549e+01	4.262523776245320306e+00	4.613995125031075339e+00	4.883110288731201898e+00	4.950004201587667296e+00
2.419751637993098115e+01	5.348133356250654558e+00	4.363329911646312453e+00	4.228539349321586371e+00	4.222621675760041882e+00
2.585876069386771547e+01	6.349481837713902621e+00	4.009058085836010754e+00	5.444635062840125883e+00	6.919901154726961323e+00
2.116627112760640372e+01	4.988344040735472440e+00	6.527313990956710832e+00	6.465594621399889164e+00	6.227723951535347524e+00
2.769021501011523867e+01	5.262944667401959542e+00	5.358505426757488088e+00	5.870727462254309081e+00	6.769117366879219055e+00
2.498401835450154351e+01	5.272646507956633144e+00	5.288996272296089707e+00	6.132234603145387375e+00	5.625899558788082011e+00
2.634532771654779282e+01	4.146006581907837329e+00	6.027624113435561704e+00	5.585743189583568302e+00	6.571627033741015644e+00
2.252374641698772706e+01	5.493912917774451898e+00	4.389736610995023547e+00	6.098358330533887539e+00	6.727808972065695059e+00
2.182366851027716947e+01	4.252543513590891777e+00	6.601295117868445139e+00	5.791038984103701992e+00	6.506000696832686891e+00
1.826401983770918491e+01	6.037112450059384017e+00	6.126798013925550457e+00	4.876416346155521886e+00	5.496310581317729316e+00
2.075811621082880976e+01	5.470996769396811565e+00	4.963869029819567125e+00	5.163443464966015917e+00	5.904419194027593853e+00
2.577000193000493056e+01	5.409722574062655553e+00	5.987458123380062780e+00	4.461432802494671002e+00	4.328091334343223018e+00
2.707316472532146179e+01	4.357696618436356140e+00	6.246089074364966187e+00	5.135303936212110898e+00	6.298895879041253920e+00
2.126198109545716619e+01	5.356550662433979149e+00	5.620688611220764130e+00	4.898876813700693944e+00	6.381660486239488783e+00
2.011116706961046674e+01	6.602385974813429925e+00	6.689066922749265842e+00	4.942035545679742015e+00	5.565032204409067873e+00
2.719151047115803266e+01	5.491203879436576507e+00	4.232355923544577792e+00	4.726405809874680841e+00	4.158182308187272191e+00
1.928063996378358880e+01	5.480842517027478600e+00	4.056040327743391849e+00	5.077194100237669261e+00	4.750772116474807127e+00
2.003842366256494500e+01	5.809257426064360352e+00	5.505392763450139171e+00	4.405737162324409262e+00	5.510985874414731533e+00
2.678467674995414427e+01	6.365538123738366139e+00	5.965532487716943777e+00	4.779540647857703384e+00	5.503408752721618669e+00
1.817201539703401991e+01	6.278239863925413999e+00	5.802092755604599361e+00	4.985708948069317969e+00	6.672587856229905690e+00
2.452244606473821875e+01	5.964226038702041599e+00	4.576455701589264180e+00	5.336841253420206321e+00	6.637323053468769274e+00
2.693808944734766087e+01	5.720027089673798137e+00	5.859223517195149000e+00	5.128294591778879585e+00	4.876970305511012072e+00
2.262733846662851889e+01	6.641829168610088985e+00	4.649297857355331409e+00	4.564271659764629341e+00	4.737705965038508715e+00
2.370706083737022496e+01	5.887575869386460603e+00	6.639249641968878457e+00	5.730293642213680094e+00	4.170911113786617719e+00
2.525163046504460951e+01	5.650653766060893979e+00	5.829618897353745943e+00	5.022998805527286059e+00	4.644118992565228865e+00
2.199839853030315950e+01	4.904524442594119904e+00	4.003446439414956259e+00	5.879651172342621024e+00	5.730503876398079122e+00
2.487585388837247535e+01	4.303307424913515256e+00	4.593115471865335309e+00	4.191353481636445721e+00	4.802119406555262593e+00
1.894994508090960394e+01	4.723541617108668156e+00	5.659548592321720584e+00	6.216321482022117983e+00	6.741462497115903396e+00
2.554605361073585712e+01	5.009284978206534511e+00	5.885526928586841677e+00	6.400033593757797235e+00	5.370616762023513679e+00
2.547614707339633000e+01	6.143564120472737144e+00	4.175939742306916891e+00	4.703591414261255821e+00	4.585924376858815599e+00
1.899953147472731629e+01	6.874893536913208258e+00	5.548303569011713066e+00	6.209812163648357419e+00	6.587114730010072527e+00
1.851941611451982084e+01	5.899665289878201158e+00	6.375573625065632299e+00	4.215701875879166671e+00	4.682586437118246181e+00
2.385835445647402153e+01	5.444098328408152554e+00	5.249729959743801189e+00	5.496179392929384733e+00	4.023703935062465931e+00
2.019311010854648458e+01	5.757905527845692539e+00	4.898305641829895585e+00	6.988737058185671813e+00	5.110511289146541181e+00
2.138147175429968527e+01	6.528452664612331091e+00	5.291329450783447186e+00	5.673115888641752314e+00	6.281412456548463474e+00
2.042221503772450220e+01	5.657223065095897674e+00	4.278245101562161423e+00	5.279083389518208769e+00	6.374595226347086196e+00
2.132533144116881019e+01	6.265547717698020769e+00	5.464284107807781510e+00	4.958777294162882932e+00	5.338435508716091960e+00
2.442514251732940522e+01	4.590102792807509324e+00	5.596770152209383120e+00	6.325646845771233373e+00	4.818431957988987158e+00
2.468528151908213175e+01	6.397720132088561940e+00	6.931393375548966063e+00	6.412432602834925888e+00	6.977184051621710736e+00
2.694687147264350102e+01	6.469964628663342765e+00	5.273391966471695724e+00	5.516235003721429386e+00	6.393124890260505566e+00
2.029187384750762035e+01	6.300230239429061463e+00	5.513383706959127828e+00	6.975390789249827250e+00	4.107174461750038752e+00
2.166596437047193646e+01	5.860544832280772276e+00	6.084389171355248038e+00	5.337915705945514233e+00	6.906159603049493612e+00
2.172462809440497011e+01	6.013040409302166545e+00	6.744319837252143124e+00	6.669186291515638132e+00	6.415654099973967739e+00
1.957693348939213962e+01	5.640693423475313217e+00	6.030665081295402352e+00	4.156492799367558888e+00	4.453273328198914527e+00
2.704073474782472530e+01	4.759087420515685452e+00	6.024895529592400933e+00	5.185770184457457965e+00	6.808373219596002279e+00
2.599976562232235366e+01	6.706501033316431659e+00	6.576223787806629417e+00	6.808151442497392125e+00	4.065386845536982818e+00
1.970446745945060485e+01	6.083668993332196351e+00	5.396412830468052313e+00	5.271843972197658879e+00	5.078933219975276359e+00
2.365844894045381608e+01	6.259943379707599398e+00	5.575368542473837508e+00	4.330385848702028362e+00	4.591902252127649575e+00
2.568659350230560889e+01	5.825449542068541930e+00	4.381564448759529995e+00	6.893648469997737394e+00	6.390721883241666568e+00
2.740189493876926718e+01	5.042611853782745790e+00	6.952954130575291103e+00	4.192894601851095970e+00	5.494733898995402654e+00
2.510124941479836025e+01	5.358317719135293977e+00	4.619451614791834082e+00	5.103610476425478382e+00	5.543122139433315887e+00
2.660111634204318065e+01	5.082420603710665397e+00	6.402007561276556125e+00	5.400916838826865352e+00	5.413678108914403708e+00
2.152719860665104079e+01	6.671448257191607389e+00	5.440179984596370311e+00	4.518749086199664866e+00	4.858645546330144782e+00
1.883984790675378562e+01	6.567300514919193866e+00	5.852200467864533628e+00	5.130471475261505709e+00	6.665721939783425753e+00
2.651641101684612067e+01	6.489620155188228878e+00	5.831170391078310367e+00	5.575530660813066142e+00	6.865770346285725800e+00
2.202174700733909418e+01	5.569846191720439599e+00	6.774412461811190056e+00	5.881460383102077749e+00	6.010798316457246493e+00
1.896832259473888627e+01	4.291197791168576359e+00	5.200505568709218096e+00	4.973216040676147642e+00	5.300950106434314080e+00
2.549750090817757098e+01	4.085117175625709862e+00	4.543867235443294739e+00	4.026447580188032838e+00	5.089576081557677156e+00
2.691440626364869715e+01	5.027172409377408613e+00	5.609660154731684223e+00	4.990378989603361681e+00	5.624829775827921985e+00
1.869688910929389891e+01	5.005670301504911102e+00	6.574838555361435688e+00	6.380147227108762920e+00	4.101837858052224561e+00
2.358569244146337596e+01	4.548216210812637605e+00	5.554072231125468662e+00	6.598891086661549110e+00	6.256443508348386473e+00
2.042950766955755171e+01	6.728843170845487442e+00	5.677085294665287662e+00	5.079978830846481941e+00	5.315711982380372902e+00
1.885363320978641610e+01	6.933331465985982156e+00	4.710110437343695722e+00	4.441837946219181710e+00	4.928047156416818453e+00
2.560610968833228185e+01	4.488298033876142235e+00	4.261401854878873685e+00	5.841613076831509765e+00	4.317150616095934978e+00
2.580616343097136323e+01	5.174765802126982450e+00	4.578701161422469745e+00	5.926208249015122220e+00	6.083713997031521714e+00
2.536079654198837474e+01	4.808925869033918943e+00	6.355423764035995404e+00	5.920418326708193568e+00	5.987537239313198256e+00
2.767760658225978432e+01	4.642433166303358227e+00	5.555402111117767383e+00	6.743659878140124242e+00	4.574260931910332673e+00
2.053522113099874247e+01	6.126221996975363737e+00	5.565544313832589296e+00	4.678690060222766789e+00	5.692577799998755239e+00
1.872784353984526362e+01	4.131370670617879881e+00	4.506707705589025892e+00	4.322485682724359179e+00	5.604740347051572869e+00
2.164231177582716015e+01	6.100728295897836162e+00	5.094196697655308803e+00	6.878908342758015770e+00	6.159429472570097097e+00
2.364059175524682743e+01	6.620712007737049376e+00	4.255294843284935347e+00	5.348852657186355941e+00	5.193003210669891345e+00
2.644141327963000165e+01	6.180126609544016603e+00	6.340188233165789278e+00	5.055843754515311872e+00	5.918349374658978590e+00
2.008009803486305245e+01	6.552928157765607331e+00	6.216754658651711729e+00	4.573867097459674902e+00	6.524532522828714320e+00
2.256037599393809856e+01	4.768450481661370866e+00	4.599160832826566292e+00	4.015263224658623287e+00	4.674786091965685841e+00
2.339419538728625270e+01	4.112271936006248296e+00	4.114918538260336156e+00	4.094635794438987730e+00	4.384551216402956086e+00
1.971917805659078482e+01	6.353170878312567993e+00	6.915382178637566213e+00	6.496012065334048735e+00	4.187875862669295124e+00
2.183465865216332347e+01	4.874163767076069576e+00	4.717996046981760117e+00	5.504104714515748675e+00	5.605902169251764988e+00
2.572062706194402182e+01	5.036087994627104436e+00	5.122176146658176776e+00	4.734244895133049802e+00	6.694109120542851343e+00
2.077153483670279854e+01	6.339429999800485049e+00	5.325976831018315316e+00	5.450520986616686159e+00	4.538080677239745064e+00
2.475425202922522416e+01	5.459564946373984817e+00	6.449479872464575436e+00	4.387126551651111761e+00	6.746741857584538593e+00
2.749233948817681039e+01	6.318339666823642453e+00	5.894972147160672193e+00	5.896309261512464595e+00	4.710707487198870780e+00
2.681216199352304486e+01	5.940964137238307963e+00	6.660373844712647262e+00	4.214206932753984169e+00	5.985941143004422926e+00
1.832529252094105487e+01	4.996375725181708027e+00	5.226813696021735289e+00	6.467673295442740056e+00	6.735204560802039886e+00
2.320900037188579645e+01	4.165654275160666664e+00	6.211694495478724320e+00	5.242168165352485865e+00	4.700154427880152141e+00
1.953810437565626046e+01	6.033418714187885001e+00	4.477025890767345473e+00	5.612941761623588377e+00	5.094141353867671640e+00
2.114320532011523213e+01	5.210500124786070053e+00	4.287786247547560770e+00	6.301430506752728533e+00	5.585126122871790777e+00
2.067931650022643808e+01	6.632410159462230226e+00	4.921166385027079038e+00	6.624315415016728714e+00	4.686531090303170721e+00
2.242982409255936460e+01	4.570381444506391055e+00	6.675820984749456954e+00	4.739555859693864726e+00	6.439772291863174125e+00
2.143386142364717273e+01	6.563858067780604877e+00	5.720333935192456920e+00	6.275774206051903725e+00	4.773346997717085038e+00
2.750055948024796493e+01	5.958923500645071591e+00	5.786256226517367374e+00	6.845850731926696575e+00	4.477818413718280155e+00
1.881048020440053037e+01	4.731004328704170980e+00	6.481275601068661629e+00	5.786135276042979392e+00	4.466227534979100078e+00
1.967800990898190605e+01	5.992460270404395217e+00	4.503067729059830882e+00	5.383912888249849260e+00	4.099460273543852118e+00
2.530178994526717062e+01	5.257478391880614055e+00	4.810659759061366003e+00	5.484814807872265163e+00	6.936518447399540044e+00
2.535210248716317238e+01	6.008932671811657578e+00	6.978202533755437642e+00	5.044974643320665031e+00	6.689567712527067833e+00
2.105096599548446434e+01	4.526872153631645190e+00	5.990104861664129920e+00	6.055230021662236339e+00	5.942727367637694158e+00
2.213107155331171683e+01	4.212840406914754254e+00	4.664913991969438456e+00	6.118743402430803613e+00	5.116087804668746131e+00
2.410391258305176265e+01	5.710290056675063397e+00	6.784860967435617951e+00	5.111071023197668595e+00	5.834566692769406870e+00
1.972612398042622672e+01	6.655368202566946501e+00	6.249231019543253218e+00	5.544170280300410703e+00	6.561057083230126707e+00
2.588273087176970932e+01	4.160967675762878848e+00	5.613041507946342712e+00	5.462995505570928501e+00	5.412117115976993631e+00
2.404859033301525528e+01	5.842321007645417730e+00	6.231269088439835180e+00	6.502058376476525403e+00	5.866091356506020205e+00
2.098835077389468040e+01	6.340775080004314113e+00	6.370996812521412700e+00	6.699301465479889472e+00	5.243085656168164022e+00
2.500959504821599921e+01	4.937193005813597324e+00	6.041887599647396634e+00	6.546556461779887925e+00	6.030749069622133085e+00
2.032041016616832252e+01	6.439044571016271590e+00	4.627549175154370253e+00	6.556125245786597056e+00	4.803539379849643076e+00
2.001521133993310286e+01	5.910220004313445408e+00	6.809428773791473155e+00	5.387513029041213208e+00	5.483478214369741366e+00
1.965179241676744226e+01	4.003159823512244309e+00	5.743048909744832287e+00	4.824089185733194007e+00	5.698399181913265998e+00
2.119318037660802290e+01	5.283819589572154030e+00	5.071574737224323393e+00	4.618604949380968883e+00	4.002550836980550031e+00
2.219494840361182497e+01	6.514330866338402082e+00	6.534225039972456628e+00	5.290325746408139018e+00	4.855358959981581179e+00
2.425216320779246715e+01	5.153919192660714188e+00	4.580267209781602844e+00	6.339354711005431575e+00	6.216042754589197195e+00
2.315001235350310793e+01	4.729689478494562671e+00	5.644609946738124329e+00	6.618601258412881272e+00	6.631260156578311360e+00
2.505786598214905325e+01	4.931388794652369789e+00	5.768976323106497439e+00	4.197543501290115664e+00	4.057746895251169938e+00
2.592732484585495101e+01	4.112594550527834514e+00	6.650579657176714399e+00	6.092915703290417540e+00	5.723148407626060141e+00
2.102815064742664219e+01	4.863129790335242397e+00	6.432220550177838447e+00	5.618689398496873544e+00	6.115394025434481406e+00
2.273910905934138427e+01	4.094524397504983426e+00	5.140520103970571242e+00	6.226954000058935179e+00	6.581729577977053047e+00
2.757368013142966490e+01	5.915638786130993587e+00	5.524415431951124056e+00	5.597773628391585987e+00	6.531877429440526406e+00
1.923152977012735576e+01	6.071310961049338317e+00	5.781299038460948836e+00	4.076109894240773635e+00	5.500589269839976758e+00
2.782163780455335456e+01	6.264593294906908305e+00	4.866874725600118801e+00	5.481451509281964007e+00	5.497896698577130259e+00
2.221420675101052211e+01	4.382301820371526269e+00	4.835356100392957934e+00	4.308547699766391403e+00	4.449937602715537288e+00
1.871551660686810337e+01	6.261668571490791813e+00	5.495164520339478997e+00	5.233349521334787369e+00	5.830564235409334550e+00
2.186983482069292961e+01	4.010528242179520753e+00	4.042326515059492031e+00	4.401735272041415570e+00	6.923418960394879917e+00
2.424905597973962657e+01	4.780958179133644848e+00	5.535792569566522658e+00	5.126314203408919745e+00	4.180509333455323606e+00
2.434332222095743958e+01	5.924046265949435508e+00	6.073205391242344042e+00	6.653528646833934523e+00	5.185940593772396134e+00
2.699010257307888594e+01	5.562960966634534543e+00	6.214957671510198622e+00	4.347135303016443686e+00	6.820936152834521593e+00
2.737570923956858238e+01	4.905895185179064200e+00	5.005897983027304932e+00	4.484427283506883022e+00	5.927033496681162639e+00
2.483950259723752296e+01	4.629568671805454727e+00	6.302333100348797679e+00	4.604358470207162490e+00	5.577577310508965880e+00
2.487131649379720955e+01	5.700101767272796494e+00	6.416251713356790454e+00	6.965579201373498286e+00	6.130623377965275900e+00
2.004826381113638334e+01	5.788987601342062916e+00	6.195018000090998456e+00	4.827894285809413155e+00	5.003699736496042938e+00
2.418103254752041309e+01	5.870627349607361545e+00	4.350402865213095716e+00	6.505340286468833000e+00	6.261298567071672316e+00
2.078745880034329474e+01	5.050214823475043247e+00	6.207497454309684137e+00	6.490014904066164547e+00	5.086718043697977087e+00
2.616092011501391923e+01	6.424391417668100068e+00	4.870580717536038939e+00	5.546639783043257665e+00	6.553828788790052151e+00
1.993590805749730421e+01	4.386844426031120570e+00	6.898545809205716139e+00	6.353100067968323827e+00	5.937140040172691258e+00
1.846105733636188617e+01	4.888295684840158195e+00	5.705169597135895998e+00	5.060565927726655033e+00	6.529745376231900877e+00
2.257379190136250102e+01	6.744115776698243359e+00	4.205722672423626740e+00	6.437102824335624973e+00	4.273854938681622251e+00
1.918321213156043825e+01	5.495799970573728821e+00	4.755775600610946618e+00	4.555028795243269535e+00	6.854048098556845936e+00
2.532131113637737840e+01	6.978366121038978243e+00	5.153744503278876010e+00	6.814992059086169007e+00	4.776695211782366002e+00
2.482498621844994702e+01	4.918636090777069647e+00	4.066676436759541602e+00	5.035275749546441304e+00	4.135410792885319431e+00
1.879118625038626789e+01	6.902834128875681152e+00	5.792252729474529183e+00	6.179649878196098456e+00	4.748679185780750878e+00
2.117184232786025788e+01	5.037597010815708209e+00	4.101523070148895833e+00	5.273552674206166024e+00	4.428218468414216069e+00
2.733633974621771046e+01	5.732036971973970552e+00	5.827447747878759188e+00	5.141639466799819758e+00	6.022138578110715734e+00
1.831863177611878868e+01	5.505652568400842384e+00	6.046232543885726507e+00	6.310723621434447317e+00	5.644018963928422394e+00
2.197022181517072426e+01	4.719518234523429889e+00	6.251300530373112174e+00	4.376857798374396147e+00	5.208174840387215454e+00
1.861297623817061364e+01	6.685788867820706471e+00	6.511247896509342326e+00	6.728867937465532023e+00	5.051793661874810937e+00
2.468036235031486214e+01	6.808478103014247829e+00	4.497557062199069478e+00	4.672827517428721045e+00	5.841033694088460848e+00
1.982515242886901063e+01	5.243039767072072976e+00	6.814302995423152431e+00	5.600803517960578404e+00	5.754627905414451128e+00
2.332569088620719810e+01	5.786039660722107847e+00	4.781166553190623780e+00	6.233218378188128739e+00	4.323706562384844077e+00
2.170772661447107410e+01	6.466464268445378138e+00	5.979417375861562967e+00	5.300344065606954480e+00	5.384891367282884644e+00
2.200478968129465329e+01	6.223501959561247077e+00	4.858433912823687528e+00	5.017941555548690147e+00	6.023793573345505692e+00
1.936638519032106132e+01	6.627964514324286682e+00	4.998091970401286943e+00	5.156069747277573612e+00	6.457506989239020889e+00
2.455974074138883267e+01	4.534963841038845977e+00	6.018003943287311586e+00	6.783039740326858080e+00	5.053088441087151494e+00
2.369567211802996454e+01	6.117006213147679006e+00	4.704011569132307002e+00	5.734752366199097118e+00	6.704489371240764051e+00
2.589788686025115538e+01	4.727338679670570087e+00	6.823056328426710060e+00	5.168657271936624831e+00	6.417662159608159556e+00
2.614800875091134102e+01	5.098692645406413426e+00	6.825408746170513297e+00	4.181845210746108599e+00	4.508586302684912894e+00
2.332348236671557018e+01	4.805661000578810516e+00	6.471180544247673083e+00	6.187854973402209247e+00	5.284491698368768198e+00
2.398377331763164477e+01	5.394844342831885520e+00	6.542103392904965453e+00	6.539287195201776370e+00	5.278420158361879722e+00
2.520628532774662389e+01	6.609486537802393258e+00	6.812165913389747196e+00	6.871051265707676770e+00	6.764067729004290541e+00
2.213899829166371447e+01	6.580979023078969981e+00	4.686146267198577853e+00	4.005315476324930124e+00	5.630507549194290640e+00
2.447462642613511719e+01	6.233240481639831465e+00	4.173057587308901972e+00	5.214933541327773092e+00	4.090188331440964831e+00
1.953329778590196497e+01	6.429981143336842564e+00	6.845675665296326429e+00	4.670815078070251758e+00	6.609891614405711380e+00
2.215049686574459287e+01	4.206849272446957499e+00	5.779001583641409923e+00	4.546765997600497933e+00	4.531168574313945818e+00
2.489659786581988499e+01	6.679363401185296922e+00	6.590651590197387222e+00	4.395472592254651367e+00	6.237077234784491608e+00
2.421747480293069543e+01	6.703850067633345233e+00	4.062243086921635715e+00	5.204802739247679888e+00	5.796688789755466864e+00
2.730414667214726165e+01	4.228517434814136777e+00	5.088499698544157290e+00	6.454762576968737342e+00	6.813149380649449860e+00
2.775111552979944207e+01	5.589505785553102513e+00	4.853541747689882335e+00	6.122808527846083315e+00	6.875642266899830268e+00
2.709234828665269745e+01	4.396642438750282267e+00	6.182365321967916216e+00	5.768232474788805852e+00	6.387782636692327820e+00
2.144871865036846614e+01	4.836315597347445205e+00	6.957585739277175385e+00	5.966252358762043073e+00	4.605073619474887359e+00
2.280996795862127158e+01	6.182930843905982243e+00	4.284422435146103325e+00	6.151839367913991552e+00	4.740332186022287786e+00
2.377259143322739376e+01	5.168630263389252910e+00	4.515343767067760972e+00	6.780466105123171161e+00	4.281427299177826384e+00
2.319310466507295132e+01	6.212631030204919469e+00	4.382932744697661143e+00	6.109137838097741913e+00	4.205669205165015967e+00
2.563716632015823649e+01	5.046629843252636860e+00	6.567986233528539053e+00	4.787698265773330242e+00	6.076699948458487377e+00
2.760131517650693667e+01	6.075867981003957752e+00	5.813574645410781727e+00	4.840469064064457427e+00	5.549662810991310202e+00
2.283708372756310112e+01	6.713187345910227144e+00	6.737054299492654330e+00	4.701765614935006887e+00	6.643173816954605293e+00
2.576491421494109346e+01	4.689932903011215792e+00	6.275171394293693083e+00	6.622349172343188428e+00	5.044038778402078371e+00
2.761222456137850045e+01	6.882278834653766886e+00	5.989119861701955649e+00	6.626387575885440917e+00	4.923037750168648863e+00
2.241730909411750261e+01	5.220784639612752187e+00	5.648842509096006381e+00	5.634428341037807542e+00	6.079383211297826328e+00
2.105957542842731911e+01	5.949063590094962883e+00	5.426085848811502466e+00	4.319762355174067814e+00	6.779691147094671244e+00
2.436455030259234533e+01	4.341388250883389865e+00	5.656693517332308296e+00	5.243830498508995852e+00	6.758883255603607587e+00
1.852725082848862570e+01	5.321656167485302902e+00	5.287147287617710134e+00	4.170794906926862389e+00	6.885390983778882479e+00
1.949729040361602017e+01	6.185483299418172543e+00	6.427903811695644620e+00	6.459944361883579234e+00	6.492382904522315812e+00
2.091193074316592515e+01	4.150686644270424885e+00	4.158911595402297046e+00	4.449977060492460446e+00	5.425778757770978622e+00
2.218210719620292082e+01	5.928226357105074840e+00	6.437313258152146389e+00	5.551941303060756283e+00	5.103518323053238603e+00
2.716027580270558772e+01	5.863969629129482719e+00	6.976541878838458111e+00	5.195201531886206148e+00	5.261216062279784111e+00
2.778470743868241044e+01	6.137366900235346812e+00	6.319374262043557344e+00	6.312558136807400189e+00	5.863003294111547525e+00
2.098143666758478787e+01	4.521324686173894492e+00	4.436903147254168900e+00	6.001784862288506162e+00	6.997465731606400396e+00
2.013803620606568501e+01	4.978421112765075485e+00	4.915518053185535585e+00	4.742683228597054601e+00	6.874780634797643231e+00
2.771996062569881403e+01	4.153696162079013376e+00	4.297326850821431954e+00	5.727532581731264116e+00	6.895743637827903783e+00
2.519312026432194074e+01	6.275321615793262531e+00	4.621344597475153471e+00	4.393879116785879724e+00	4.231689782477634942e+00
2.192904296261156816e+01	5.034857847465530334e+00	5.681463884793414465e+00	4.470719357936646432e+00	4.473624725392049584e+00
2.309833783640377192e+01	5.570209510755667282e+00	6.831608845506861094e+00	6.290701069761203357e+00	6.489904704158162119e+00
2.514287426168063178e+01	5.616003906367257770e+00	5.762235649914257962e+00	4.967284285457443715e+00	5.689314922120989770e+00
1.851064688747979758e+01	5.343497378715357904e+00	5.456172374580246398e+00	4.126857005005637902e+00	4.845574198363250318e+00
2.462196024085628210e+01	6.730596407443805163e+00	4.224719568439966544e+00	5.461577399453466874e+00	6.369274761289618780e+00
2.515180617962441900e+01	6.037799173703203515e+00	4.411273965906018724e+00	6.054293816356688396e+00	4.909248817280937871e+00
1.942128130361442118e+01	4.426787340302252183e+00	6.203698876519049499e+00	4.909429659378566235e+00	4.291842420275840730e+00
2.253986113563790994e+01	5.539808651499727787e+00	6.316235040820732394e+00	5.255731411674709364e+00	4.262438374989971024e+00
2.250027460749312525e+01	4.654635757817914943e+00	5.792522552292224347e+00	4.961871202563714611e+00	6.434676153666400999e+00
2.364791882277966195e+01	6.652129934413033574e+00	4.406989699666087112e+00	6.069642689292064297e+00	4.108050240666437425e+00
2.060701184348001291e+01	6.783984898945625730e+00	5.875283533115219115e+00	5.709362186762500180e+00	6.064479043957681448e+00
2.615126978609246322e+01	5.205646124464337277e+00	5.623840800116036043e+00	4.837653969837148793e+00	5.732700662733811292e+00
1.874311731825447680e+01	5.680194095792444386e+00	4.965297949106021846e+00	4.092123005638926614e+00	5.950806447669021892e+00
2.581273966047213264e+01	6.543356725532396112e+00	5.164212980920825480e+00	5.153503363361475742e+00	6.151155588017248377e+00
2.573577718538462022e+01	5.447886930918460990e+00	6.520356569343499054e+00	6.504023619294850178e+00	4.085711293173794445e+00
2.151505021249031913e+01	5.184498194701119722e+00	4.413908565343974466e+00	6.072715785446137104e+00	4.689817025199000788e+00
2.453355815647164206e+01	6.935056391723432689e+00	6.403853036990107661e+00	4.845691448699501080e+00	6.629982666580018780e+00
2.207779826968255676e+01	5.500101483861226548e+00	6.143342914144480638e+00	4.750468382034275905e+00	6.582793341583069946e+00
1.964542048857559564e+01	5.960244039525969484e+00	4.730406229231019388e+00	5.797148756007342918e+00	4.780376590566670636e+00
2.234911543779661258e+01	4.543072497727930426e+00	6.956493576178083948e+00	5.068339176921709210e+00	5.874086666968720394e+00
2.347993234029732790e+01	4.222716123678465827e+00	6.362978708632293312e+00	6.733286752296146815e+00	6.097800372171154670e+00
1.963348853096571034e+01	5.822643913154079698e+00	5.101369068887686709e+00	4.079604978768286649e+00	5.757029678128164463e+00
1.951541472225349594e+01	4.414772960361236009e+00	4.772146898477375387e+00	6.278689110132202877e+00	5.810358906429480719e+00
2.318199890421789888e+01	4.299528495026836872e+00	5.134960396414685491e+00	5.886972178229449959e+00	6.446824454449318509e+00
2.227812663062168141e+01	4.411596544421230170e+00	5.231783932242904278e+00	4.462812976577656521e+00	6.934279586795007333e+00
2.753120692081885679e+01	6.952741378941623474e+00	4.842976816138039098e+00	6.205961334286968167e+00	6.218727340481216892e+00
2.195772361711687992e+01	6.255269925622163996e+00	4.181942983884162857e+00	6.238805126196607986e+00	5.480493214970227456e+00
2.605165863313668950e+01	6.696982519436239123e+00	4.326194490543421978e+00	4.344373540926459221e+00	6.789465668988137637e+00
1.843647550670426938e+01	6.634813695778408515e+00	5.294541721229439446e+00	6.567100439520404009e+00	4.638446340799748491e+00
1.884862224805711506e+01	5.252964903896923055e+00	5.999587676527402991e+00	6.114285454602556236e+00	5.171228764631850439e+00
2.126738227231392031e+01	4.643329338323765931e+00	5.640088463456842227e+00	6.194659540970781642e+00	6.054860061218807488e+00
2.609698073839417987e+01	5.177848522974751511e+00	6.836144565334121737e+00	6.543842079046618743e+00	6.948431208721409291e+00
2.374735105933721968e+01	5.552612056183408029e+00	5.896502551334944719e+00	4.239900955168415031e+00	4.270116713883175485e+00
2.057849163831798833e+01	4.041686317541373086e+00	4.128838880183168136e+00	5.801791545628216973e+00	4.558988687515967975e+00
2.738554036642222300e+01	5.076392225375914613e+00	5.758742152629288569e+00	4.606203433886864040e+00	4.527929641561327934e+00
2.705842326185812396e+01	5.902933293634473166e+00	5.197674544103106697e+00	6.149153499846296889e+00	5.637564779328688935e+00
2.526796608498818841e+01	5.059077998528271003e+00	5.383861833463046587e+00	4.415733145720217578e+00	4.691274903136279484e+00
2.160743517999719643e+01	4.440540595088512177e+00	5.424652649657456749e+00	5.016895590506372571e+00	5.195113540439637134e+00
2.539183362488854456e+01	4.991446995737594428e+00	5.955689272867916273e+00	6.914587604436385426e+00	6.129753328910885202e+00
2.459554844559923126e+01	6.480096844019732849e+00	5.735075937377873245e+00	4.697013265508499735e+00	6.462970648490756531e+00
2.065644116125767482e+01	6.345446449076721507e+00	4.376008647764426662e+00	5.170437211189596205e+00	5.436328800354320201e+00
2.669039188229760029e+01	6.444502776176738834e+00	6.279234902713299427e+00	6.933259027602796110e+00	4.813018465560715775e+00
2.629292219139508902e+01	5.557034963037463804e+00	4.398129163882503967e+00	6.200658504661244130e+00	5.280529208305326350e+00
2.150700472381788231e+01	5.683195779493664723e+00	6.059416169898891980e+00	5.040519205329405672e+00	6.254693297855571821e+00
2.534376729379499693e+01	4.061082420579400498e+00	5.127220704070683865e+00	6.992415597263093474e+00	4.626358959598914744e+00
2.642346170377832948e+01	5.816329331461599139e+00	6.851380771728083907e+00	6.634407930877462611e+00	5.620182806485205518e+00
2.671057948453955788e+01	4.962899003142255516e+00	4.590519125840394565e+00	5.542402965446073360e+00	6.538805628226257660e+00
2.027088935969995021e+01	5.488782181381130165e+00	6.426520215844546691e+00	5.004453931928456889e+00	4.469673424307951670e+00
2.180854564395642825e+01	6.327147474047412068e+00	5.075453696066589693e+00	6.897604083831381239e+00	4.587975444673870307e+00
1.909453267662815179e+01	4.171578946482577877e+00	5.430378966702567034e+00	6.512967844175565624e+00	6.346362170643912393e+00
1.862564031993538194e+01	4.557579247329404559e+00	5.479910127538397902e+00	6.939918722936190498e+00	4.185335281989579492e+00
2.338040840377019691e+01	5.289921874576851479e+00	4.111930749370224625e+00	4.256523065198437372e+00	5.313720360828177114e+00
2.562836996291224168e+01	4.652235463653280334e+00	4.300930111227327046e+00	6.363891010740476695e+00	4.902863976956593817e+00
1.895371204618622940e+01	5.137971686868911370e+00	4.994037840511739823e+00	5.312312543361812800e+00	5.218745216008199961e+00
2.400901551018272784e+01	5.735312990854720461e+00	4.926403622980996211e+00	5.426608712557293934e+00	6.765081869049838659e+00
1.906210315895059537e+01	6.736006119789077928e+00	5.563233935279776610e+00	4.653970618129557479e+00	4.865771508239220111e+00
2.103885233507466879e+01	5.141382038737012827e+00	6.896765116207702384e+00	6.873164684974124583e+00	5.476619935260491623e+00
1.831026165103051895e+01	4.007333715978393052e+00	6.292147600288935827e+00	5.031391614922963385e+00	5.559754234920978533e+00
2.516975676380306837e+01	6.368056953061572933e+00	5.210220539399285755e+00	5.983017239164478696e+00	5.327447886775214414e+00
2.540891826973493650e+01	6.483717767411829591e+00	4.584881752843058322e+00	5.526567579738119740e+00	4.550471123964180187e+00
2.686682033441973516e+01	4.149510772431084682e+00	5.195102856539640435e+00	4.718509177671634802e+00	4.407537752477718840e+00
2.512417839536441733e+01	6.567555265473473014e+00	6.170688069575813728e+00	4.724792684428117617e+00	5.757636206942064128e+00
2.280112143719531304e+01	5.060887067725245103e+00	5.234637944839183987e+00	6.772943021915884820e+00	6.498800780123613841e+00
2.279649887343742520e+01	5.326330094761982714e+00	4.331981297108901785e+00	5.507859711964919747e+00	4.220952350291134358e+00
2.248088998548213979e+01	5.874967724177273531e+00	4.072501011188593090e+00	6.832709676654721065e+00	6.940200147446422996e+00
2.556609785955608061e+01	4.080934423726458427e+00	5.132422393235215985e+00	4.348439874538210681e+00	6.541566766713854619e+00
2.641281180554999963e+01	5.296866078259650834e+00	6.806846938249611512e+00	5.761584001193529758e+00	5.452367494236241008e+00
2.748086372446363868e+01	6.520723192474227936e+00	5.205140339260528215e+00	5.403560029619709937e+00	5.165343542395695486e+00
2.090706320503023008e+01	4.615630948967749170e+00	4.775549404745271787e+00	5.362844926397630552e+00	5.589309386438779725e+00
1.939206135256108610e+01	4.634014962115966973e+00	5.305754989562866619e+00	6.180259023129813123e+00	5.091755397974350394e+00
2.787525507974608274e+01	4.778014414742540517e+00	5.300488523401862828e+00	5.706887388808005390e+00	5.635618458094904248e+00
2.463209177602760747e+01	6.724327260505642556e+00	5.469750925547581133e+00	5.207150902560820249e+00	5.108740135638506707e+00
2.719875199999940207e+01	6.912963774074604828e+00	5.865370059696131122e+00	6.143940717775858040e+00	6.069764871738308365e+00
2.023274683332670421e+01	5.407298916374253750e+00	6.892924164187802738e+00	4.081994710718211294e+00	4.880805421394477150e+00
2.417067019455154053e+01	5.162523955308607526e+00	4.021765769684739311e+00	5.398334752818096050e+00	6.027341964368058136e+00
2.387762770374368415e+01	5.545878794003545664e+00	4.706370554911113224e+00	5.962731796913862681e+00	4.635368913361321397e+00
2.396245206752078971e+01	4.580538946772444220e+00	6.790873689111230682e+00	6.721931891266090808e+00	6.546829896748046274e+00
2.617427210699329976e+01	6.302513997942372548e+00	6.761065385144608086e+00	5.703742234454545645e+00	6.972771216966862085e+00
1.833975461888589820e+01	5.430313464035052995e+00	4.012907516026665178e+00	6.741836684873697472e+00	6.111549964675043078e+00
2.392875506653154005e+01	4.051862675587511120e+00	4.201748567966575365e+00	6.351762296527409646e+00	4.601570630888336844e+00
1.926044840483490717e+01	4.588190178050699508e+00	6.610509813069523233e+00	6.853582933711329872e+00	6.881250531038245910e+00
2.626746145838936641e+01	5.897437884038122746e+00	5.812201873098501004e+00	5.859855473106974522e+00	5.929758347788348871e+00
2.372372463090790973e+01	6.807304437649699835e+00	5.882558496168607931e+00	5.621530555243428040e+00	6.992285571613657602e+00
2.693180741683256940e+01	5.760268635355531686e+00	6.769847215475318869e+00	6.616425506264197232e+00	6.965505604242472337e+00
2.260966941153678178e+01	6.419620621258861348e+00	5.667014151142699241e+00	5.737338738899630641e+00	5.727951839921664678e+00
2.066242802832359615e+01	5.724012501481377413e+00	4.137845726223486231e+00	6.187405892979752409e+00	4.759359018435820765e+00
2.435351005531711621e+01	4.819142648459814104e+00	4.124252992492499104e+00	4.926897554007330093e+00	5.966529999088845848e+00
1.989815052800086548e+01	6.149298113780556463e+00	5.874208950047071554e+00	4.535353778900891975e+00	5.681570247198877155e+00
1.978310516051540446e+01	6.457098818053116140e+00	6.599478225910606177e+00	5.700782384084844168e+00	6.718988737408866818e+00
2.754540336053123539e+01	6.189665997906117489e+00	5.935053523426513600e+00	5.740370357318270500e+00	6.145607993242798273e+00
2.299525835142279107e+01	6.753079261863594418e+00	5.972335117659691051e+00	4.549272574137003033e+00	5.554690129812698274e+00
2.207264931307392430e+01	6.463837545761701442e+00	5.056875038028269209e+00	4.599210261928075916e+00	6.410637102388704989e+00
2.032682852636638771e+01	4.844680118736116370e+00	6.468833322727051360e+00	4.482103110821546110e+00	6.212411725051450340e+00
2.481193611341464234e+01	6.054269145570775557e+00	4.276447677578190110e+00	5.264608690770677946e+00	5.015817198336833371e+00
2.695252499020046244e+01	5.387332767414650725e+00	5.588615677362831491e+00	5.952929313350275642e+00	6.214388880687671701e+00
1.994376359250955844e+01	4.823488397139301220e+00	4.358406523734348781e+00	5.289082167760369657e+00	6.295974349954982507e+00
2.611209126498369670e+01	5.598909491326702792e+00	6.674618921046888254e+00	4.115336565981247752e+00	4.491002685401657146e+00
2.478922084295878392e+01	4.879375920357735374e+00	5.581456221628051217e+00	5.424589811561464359e+00	6.621943503952331334e+00
1.920939768212954846e+01	4.801129741391118699e+00	4.674670082506636071e+00	4.240559423960259089e+00	4.201887201107159520e+00
2.397531563531429555e+01	6.906203106480245602e+00	5.242487506021807242e+00	6.731775634919997309e+00	6.549366646314496165e+00
2.130387457680420837e+01	6.114422766901131290e+00	6.064405951842922526e+00	4.283068354438601233e+00	4.533111023685099106e+00
2.790526328267026912e+01	5.987266972514262875e+00	6.079428975310771754e+00	5.521283052455070894e+00	4.142691968024284854e+00
2.633765927174427546e+01	4.601164611955323558e+00	5.662034730050754305e+00	6.664094587587145568e+00	5.059581012648786569e+00
2.048337729561621856e+01	4.798303789967075517e+00	5.573780202209681178e+00	4.273776045406719959e+00	4.717121842119647468e+00
1.828986505716371269e+01	6.161226705134567716e+00	4.554088093618250177e+00	4.979237978318330704e+00	5.309037679963299006e+00
1.880621033952735743e+01	4.752340703461148230e+00	4.445378842703446409e+00	4.058864651368538468e+00	5.580932778656566562e+00
2.786097658483801709e+01	4.180623436887280775e+00	5.117615081386446718e+00	6.534568697211970978e+00	6.263828838910433738e+00
1.873795451013091551e+01	4.475102152968674751e+00	4.651331401583433944e+00	5.417900214299725903e+00	5.659721350992739097e+00
2.663819061806058031e+01	5.339540853440820634e+00	6.114280787354290148e+00	6.890288165895001704e+00	6.283327629535594205e+00
2.283085007859698123e+01	4.164207224368229099e+00	4.600522055086316620e+00	6.022467999524700133e+00	4.660750187509446363e+00
2.567311823764788414e+01	4.657101885048121837e+00	5.362294578222437380e+00	4.521462178007352506e+00	4.990152419696152641e+00
2.467058426987333419e+01	5.609201855473163079e+00	4.879620403408523543e+00	4.183206414071427126e+00	4.704546275636617203e+00
2.745331920405989834e+01	4.613856294104878408e+00	4.177729045585651946e+00	5.565117398679316985e+00	4.503137088828611745e+00
2.735104023354078251e+01	5.739975070755352959e+00	6.532470980191192211e+00	4.993553494167661810e+00	5.332169676968153027e+00
2.759058123185751299e+01	4.603798872952360455e+00	6.025809259095862735e+00	6.137660544681060593e+00	6.052395658459110095e+00
2.208791614419247651e+01	6.207005687278238426e+00	4.572121437626750051e+00	5.716489040825729617e+00	4.547065684801776975e+00
2.507681206094906656e+01	4.452345733219280177e+00	6.664733045443461457e+00	5.002435689825816212e+00	5.132278694282658371e+00
2.623302759911197057e+01	4.350879658569507313e+00	5.322327622052867468e+00	4.768894350393561687e+00	5.878015928558199654e+00
2.173656442665826560e+01	4.547498821974026662e+00	6.129303360222542629e+00	5.775478447918185765e+00	4.617924787146169052e+00
2.388697056767086835e+01	5.452010887335486444e+00	4.221767004367811715e+00	4.186381638596463617e+00	4.484679194706482797e+00
2.010539444941737131e+01	5.579777201414549026e+00	6.950665209423656066e+00	4.497410548260865504e+00	6.424613980765718324e+00
1.803929211760505069e+01	5.834477842368949396e+00	5.303454587157781397e+00	4.552875188375585580e+00	6.967806248798682489e+00
2.368060907763489453e+01	4.701841481828023639e+00	5.834174787508627169e+00	6.611772884063240596e+00	5.908576903377218414e+00
2.274877549303315760e+01	4.812950511757663641e+00	5.973707591928189231e+00	4.667486894136350983e+00	4.612025300311305642e+00
2.708508286731933268e+01	5.803936670445853707e+00	6.751225709853520662e+00	4.129942307030172621e+00	4.375964404685803721e+00
1.870165542348912524e+01	6.535780830326479496e+00	4.876563563355959197e+00	6.247175046062949377e+00	4.906539292812066577e+00
1.925367712147281196e+01	5.460263815001247245e+00	5.592522180062859505e+00	4.140112200178349688e+00	4.165140470522669780e+00
2.330906653705227782e+01	6.216575834941184375e+00	6.603326987072611232e+00	4.558537655065789451e+00	6.890316101291667827e+00
1.947733089444452048e+01	6.689125442035853908e+00	4.511885357432006138e+00	4.980137626123568140e+00	5.800385985705823089e+00
2.023772582805185394e+01	5.784725359173243930e+00	4.075870354227174808e+00	6.799143730843094424e+00	6.353307978647674936e+00
2.389796411047823455e+01	4.485827870215588931e+00	6.444243108839645018e+00	4.474608487400929313e+00	4.296201272099175128e+00
2.419039487956386836e+01	6.062042165789283565e+00	5.466610954973230463e+00	5.010068067542095882e+00	4.778489156694742945e+00
2.176871589159981824e+01	5.620654144428519849e+00	4.555533048324472922e+00	6.090401588804323474e+00	4.485729849955334636e+00
1.981636719721491957e+01	5.269936263513949726e+00	4.069945518231693704e+00	4.335408746216693032e+00	5.020269379752739347e+00
2.237420028219008827e+01	5.371696831728095312e+00	6.413242167031928176e+00	6.601039637266805649e+00	6.013441694152442452e+00
2.312752533032868740e+01	4.737955801914979226e+00	4.458993209478027353e+00	4.434403916714108718e+00	6.244008762859126982e+00
2.175050194551202054e+01	4.734845523060758232e+00	4.830435465979398657e+00	6.677591001239149726e+00	4.895051815609444468e+00
2.194509304047616993e+01	5.688194912460661001e+00	5.861951322705206024e+00	5.972242159737284339e+00	5.224088069638345821e+00
2.485785991248264537e+01	6.450160231965741175e+00	5.343266821336809080e+00	6.769284640305472500e+00	4.470699619556709692e+00
2.531261168471556289e+01	6.958758083111260540e+00	4.567796590010605229e+00	5.657787878947577731e+00	5.527242544082993092e+00
2.112657634557636399e+01	6.872462368638571739e+00	4.011915372169495342e+00	6.214446890481088559e+00	5.204657344932108742e+00
2.686324926140049740e+01	6.192483462082419621e+00	4.145781193925600405e+00	4.785877233528149866e+00	5.967961004588084428e+00
2.680561184381015849e+01	5.260119757002098773e+00	6.311047742433792962e+00	4.486695760887639217e+00	5.032527355214321929e+00
2.219064115888163613e+01	4.595095026271077465e+00	5.169477396299517302e+00	6.795167808006937094e+00	5.852352565023060116e+00
2.705304839525491545e+01	6.288749240999670143e+00	5.692657505240449112e+00	4.031758955586976612e+00	5.012770297776196315e+00
2.037705460711429239e+01	5.314507843220586558e+00	6.652596087084661214e+00	4.756641948680162990e+00	6.500753095336876619e+00
2.448574451466950919e+01	4.360797987309313228e+00	5.312209362792319034e+00	5.225878164010500981e+00	6.465639183190265982e+00
2.597127145352593658e+01	5.190370101516605494e+00	6.757115032997632831e+00	5.083402021411814964e+00	6.496201369497229372e+00
2.040868896079874162e+01	5.402182343106330720e+00	5.146165849484991561e+00	6.582885389093468653e+00	6.043902761294411619e+00
2.270557510058867479e+01	5.534798274486592895e+00	4.087303026261628780e+00	4.644523740631094633e+00	6.028923664651783199e+00
2.491122716683563709e+01	5.389398853127674194e+00	4.825002710472740652e+00	4.770228057947361933e+00	4.677560335501228295e+00
2.298771482586714399e+01	5.286752179663087858e+00	6.763233244438805691e+00	4.628192573160815115e+00	5.335506256102597433e+00
2.756141238772484314e+01	5.514836214082064814e+00	6.098283394625576115e+00	6.033017550659069528e+00	4.398884693229883069e+00
2.067209568295132271e+01	6.570435051481545941e+00	5.001145898137283829e+00	4.928502106748840816e+00	5.591326869099161101e+00
2.403312088327365714e+01	5.397921741858738187e+00	6.636509698822136372e+00	4.561050611438266955e+00	4.854370819039047547e+00
1.999847196569646712e+01	4.934279993339616865e+00	4.976980034726595115e+00	6.594201606991238584e+00	6.960165856568600873e+00
2.266533549022039296e+01	5.483721335350310255e+00	5.161309968586406782e+00	6.587435333044855845e+00	6.986353199754387511e+00
1.976109646268771058e+01	6.417414644665651480e+00	5.191408544599159569e+00	5.641984346887856994e+00	6.953451050566192393e+00
1.847482222502246785e+01	5.511142738767865978e+00	6.984688728219721199e+00	5.333403792951195044e+00	6.568308295934910390e+00
2.380620949132535813e+01	5.436597959242755351e+00	5.502050757050611196e+00	4.428384707332789105e+00	5.768545231541340357e+00
2.745922814569819792e+01	5.000186054843974048e+00	4.036334590983109649e+00	5.092584192297471724e+00	4.572368871666898649e+00
2.429054237197195576e+01	5.367415080548372686e+00	6.924304621455354081e+00	4.466685340738227872e+00	6.520723191082230308e+00
2.378080667009164983e+01	6.790531899667696436e+00	6.368944136095145758e+00	6.386919626949987716e+00	6.366445822550968359e+00
1.938523538619921993e+01	6.782318849267305438e+00	5.517569035400262223e+00	5.210845732235118710e+00	4.079619494873201191e+00
2.391067058848610571e+01	5.763155445482347261e+00	6.539848143744150910e+00	6.329334567910720466e+00	5.712506519502116298e+00
2.217422662697602576e+01	6.107074185646866660e+00	4.641673163436312421e+00	5.386224437854248315e+00	4.441319320098569001e+00
2.330113961215839424e+01	6.643583332619116710e+00	6.668081303161070394e+00	6.303666210026181993e+00	4.129292698725659960e+00
2.584935636441145590e+01	4.218108759911916472e+00	6.658908356402371886e+00	6.029470821719661977e+00	4.501936022926238401e+00
2.333606485268193254e+01	5.955890577387149776e+00	5.298894240572890268e+00	5.579188207229764274e+00	4.671626754957046934e+00
2.794716028690735854e+01	5.794550529477376699e+00	6.633166507981197668e+00	6.929444613734677461e+00	4.302343327268015827e+00
2.147904793511596111e+01	6.000772140820423317e+00	4.631002922342123185e+00	5.697739410366357227e+00	4.119558939648578999e+00
2.445780202334150033e+01	6.669365932247863782e+00	5.475207008781730167e+00	5.395275826585520740e+00	4.226352387837769342e+00
2.710544808398335448e+01	4.353629741714538426e+00	6.605452476402107642e+00	4.818046295685834757e+00	6.534829115654820164e+00
2.763719194789673494e+01	5.161045043143750455e+00	6.102131143745777031e+00	6.110886828010293037e+00	4.337258409640822876e+00
2.348690046754174077e+01	5.101475092877389095e+00	5.618020455857367423e+00	5.847922706946706128e+00	6.475338709441718521e+00
2.214274750603149045e+01	4.144481370739259596e+00	5.869150291010942766e+00	5.652871877907680975e+00	5.671089379047163703e+00
2.188486913569490255e+01	5.567014661342483350e+00	5.668570374231390652e+00	6.818224487826788582e+00	5.431727783642376295e+00
2.684007285648277374e+01	6.810650159729267017e+00	6.047806947262045263e+00	4.455949009906992941e+00	5.665412068640025112e+00
2.429614557525119523e+01	6.119660298339248961e+00	5.046668965299607734e+00	4.938564509368425171e+00	4.404852031045008331e+00
2.109648692164801176e+01	4.683109674360522057e+00	5.631738250805127244e+00	6.096661596739016531e+00	6.527327983965847125e+00
1.804835772781846259e+01	4.859847635019424850e+00	4.902359863873426704e+00	4.023054544225441731e+00	6.453491328501725910e+00
2.723185321410610271e+01	5.979030776897549693e+00	4.527195211919038620e+00	6.613888431149097080e+00	5.206606434814665008e+00
2.684458886342734374e+01	4.103450901047378530e+00	5.038124734335580612e+00	4.443675426175930809e+00	4.174550251921484545e+00
2.329738015894217895e+01	5.628088917517807488e+00	6.545048399367808578e+00	6.882008504074080157e+00	5.906617930273728945e+00
1.862313676004238872e+01	5.504095660984417826e+00	6.911493581235923500e+00	5.505501215564438944e+00	5.955451697699337466e+00
2.477861502954141315e+01	4.140270609977858562e+00	6.938742498878109899e+00	4.467680680237178237e+00	5.660183155744130445e+00
2.245777231858290079e+01	6.825258316185252916e+00	5.203493577871302733e+00	4.526023138168138615e+00	5.697488944385134424e+00
2.780331702726475029e+01	5.868808132212558704e+00	5.386856990819778090e+00	6.932483654229115722e+00	6.241564504148756853e+00
2.292241549073990825e+01	5.853619638759277599e+00	5.699702363476132128e+00	6.173374711472511933e+00	4.553199369584850054e+00
2.318550978270540952e+01	5.049464188787720076e+00	4.007296207595975268e+00	5.690069446288250177e+00	5.274926931384190887e+00
2.639139540361673042e+01	6.309715812589093531e+00	6.560678875309852387e+00	4.583866630876583415e+00	4.406925251883026640e+00
2.033435966268596218e+01	6.885366701496521635e+00	5.369069053975589867e+00	4.708175876493368328e+00	5.018784171278771744e+00
1.865384890334645718e+01	4.682043192858620806e+00	5.688998328984768982e+00	5.749511121691842419e+00	5.538391861954412576e+00
2.140981792294628505e+01	5.518282502716741256e+00	6.616323420485026752e+00	5.123252815824487882e+00	6.293454871623702651e+00
2.089545172304358545e+01	5.280695042877353806e+00	5.058997014236049417e+00	5.917907172384840209e+00	5.563642494289525509e+00
2.338336160675299880e+01	6.140792965959922078e+00	4.039533151283632328e+00	4.172842992142539842e+00	6.109983602052381002e+00
1.981749954544149261e+01	4.954268434364383467e+00	5.251252873841409929e+00	4.011440988655962769e+00	4.028344217811169692e+00
2.368612772265979416e+01	6.883637556580916694e+00	6.006014966742875494e+00	4.306596650118097891e+00	6.998768238003223452e+00
2.523181552074911593e+01	6.558079739902081151e+00	6.222310021280168080e+00	6.673132927065560160e+00	6.944507239156011202e+00
2.308613851452103205e+01	6.011524178790923933e+00	6.497397375476909431e+00	6.438179747571260769e+00	5.443322087632548545e+00
2.437374953759576712e+01	6.834356435763945470e+00	6.385578775240039029e+00	4.508142281518328964e+00	4.820256139656508232e+00
2.536746857043307557e+01	6.432347826027703164e+00	5.371247781726416370e+00	4.176827913103346113e+00	6.019134176503165179e+00
2.198717617745970188e+01	5.438416938352028218e+00	5.772566134672937999e+00	5.028164836734753784e+00	5.379504524470933191e+00
2.516608667667104271e+01	5.747591989537967017e+00	6.753504527339461383e+00	6.003834242743951499e+00	6.870262610305797324e+00
1.979415186656763126e+01	5.605501130174235236e+00	4.680463551581650172e+00	6.793780321928736932e+00	4.978200069502187297e+00
2.304735539073852379e+01	4.772438016283023110e+00	6.377568506030123707e+00	5.758439264242992905e+00	4.267496013673270028e+00
2.586972172783072921e+01	4.662274519866958400e+00	6.942712722688678895e+00	6.553003367977424887e+00	4.463845527140069436e+00
2.781626895420673051e+01	6.799368941484807749e+00	6.016127013004155977e+00	4.931759846561400096e+00	6.516004990107837180e+00
2.086445802714945685e+01	4.947309724876114423e+00	5.616083725378461899e+00	4.489891331313189404e+00	6.033623283531397874e+00
2.361870461843482971e+01	6.374044775473620028e+00	5.128111861698419816e+00	6.658146438336612682e+00	6.511662177179465161e+00
2.133675844484332274e+01	5.894104958816756223e+00	6.166545351539969744e+00	4.279148883049539442e+00	5.679578591407550725e+00
1.908605753024554730e+01	4.434735748482523832e+00	5.690437294296095239e+00	5.108447909644482365e+00	5.147460335198690728e+00
2.117916716761592966e+01	5.082985170815646825e+00	5.637637052705812835e+00	4.811693709300860711e+00	6.921288609094324862e+00
2.306601701371472757e+01	6.249768703222228439e+00	6.346947457404216841e+00	5.467331092340432797e+00	6.647104204417391138e+00
2.688410289488293614e+01	6.770262337941544750e+00	6.948819206145789629e+00	5.249062290962041466e+00	5.419424641735385073e+00
2.296948455622965568e+01	6.820834901641203096e+00	6.472582621460309937e+00	5.087821399259346400e+00	6.632730571223109273e+00
1.841247436924474812e+01	6.986924597723963792e+00	5.340103209491243952e+00	4.963554051838857006e+00	6.682093762012230265e+00
2.243778600341173401e+01	5.792274907761592928e+00	5.104183250712554631e+00	4.106684093548301107e+00	5.489773322151884294e+00
2.073588383274701741e+01	4.102068660444595061e+00	4.834911093694783446e+00	6.927469130614958281e+00	5.823471206955852963e+00
2.454796006832837207e+01	6.201807106320071483e+00	6.992327491438355302e+00	5.780138474706618013e+00	6.672428051517255376e+00
2.722043018724964014e+01	6.485020451864512481e+00	4.184945554214012375e+00	5.431331396104778442e+00	6.754679388660858486e+00
1.995980853692185875e+01	6.786093538966494698e+00	4.395362266275482099e+00	6.145461017416222305e+00	4.009469643820828821e+00
1.859677878398158057e+01	4.305771716113959258e+00	4.203726364243878244e+00	5.096482487648603232e+00	6.404580456934120924e+00
2.371180205604486346e+01	5.617935965473740190e+00	4.345707212277628351e+00	4.565046253066503468e+00	4.983073534171062136e+00
2.179298014239762793e+01	6.204019580668262535e+00	6.460164769599229473e+00	6.426276211564009522e+00	4.694637561232803513e+00
2.161684604653490283e+01	4.553748922475983285e+00	5.767436283668461172e+00	6.895490641645490193e+00	5.849635126186425893e+00
2.009390268176892036e+01	4.735975320285094270e+00	4.837525226429543856e+00	6.884004331005821875e+00	5.269859737041485914e+00
2.282152312864353405e+01	6.856126071023425084e+00	6.587635448345948497e+00	4.074054179326437541e+00	4.413467930857577493e+00
1.992697471180307645e+01	6.154799549330571828e+00	4.118832978326172345e+00	6.638768788701452372e+00	4.457238019264388562e+00
2.656746620691624372e+01	5.175104004049088324e+00	4.321651612543052856e+00	5.980575642826370775e+00	4.851742280273149355e+00
2.724868910078827966e+01	6.578816071324530057e+00	4.906184818636804224e+00	6.219153571507268552e+00	6.810576169718774331e+00
2.450158210548556781e+01	4.188605738142546109e+00	5.924617052521540472e+00	5.687742079573249399e+00	6.701872737791053858e+00
2.702089291785844338e+01	4.862076153587974403e+00	6.147190430009258577e+00	6.221404180172684484e+00	6.800152101308728270e+00
1.915507005070908875e+01	4.449242521642623238e+00	4.691912728360240870e+00	4.923540979036857834e+00	4.724322933541554193e+00
2.743099100406592328e+01	6.938868890360576636e+00	4.142861679674796349e+00	6.943793872596908834e+00	5.340172485699580029e+00
2.272713982854801529e+01	6.096419877420075295e+00	4.889493040357749010e+00	5.392076263424058880e+00	4.243769908598374663e+00
2.428329335254379018e+01	5.150851151184798304e+00	5.297408501075671516e+00	4.522604974645638265e+00	4.401410325957086478e+00
2.296292930444910496e+01	6.690497582491568451e+00	6.050252901450766885e+00	6.806822192150738360e+00	4.898573898911428692e+00
2.624921711323574769e+01	5.404342798296340789e+00	5.228063599981125797e+00	4.893618015916256780e+00	5.289391271387046345e+00
2.127781123873742075e+01	4.705282036182803829e+00	6.323240038879953673e+00	5.429955185287004049e+00	5.976916695627751963e+00
2.409864925073457442e+01	5.626871996993769720e+00	4.408059688111183760e+00	4.492814137657187068e+00	6.600033101447837502e+00
1.948579331289418448e+01	5.799490946312572781e+00	5.976410478786347014e+00	6.285774275471042394e+00	6.167438256947363584e+00
2.663042814029133964e+01	5.775973238160492684e+00	6.900989185022790906e+00	5.445897868778475370e+00	5.081056082641118188e+00
2.335638239411483852e+01	5.014519848746828323e+00	4.610796650727622570e+00	6.296389036956730578e+00	6.749975472391557041e+00
1.914372089154937839e+01	6.335589628048476918e+00	6.477949877565698067e+00	4.302649828333784399e+00	4.920673806735360145e+00
2.553637635000990613e+01	6.065927898590763867e+00	6.564389211016534276e+00	4.682991958048877024e+00	4.958820702068033270e+00
1.935402501353438254e+01	4.044627090971221861e+00	6.153054276727082161e+00	4.984604935507943146e+00	5.114228082111393903e+00
2.035082118543572705e+01	5.079597655897708286e+00	5.750396883156353667e+00	4.861090508282048361e+00	6.862621551603157677e+00
2.670365521137259890e+01	6.433961335986020380e+00	4.573798352666744726e+00	5.471685239065764428e+00	5.826802239668251282e+00
2.415272764393174043e+01	5.645409159548970379e+00	5.004918778573363092e+00	6.396349261297133992e+00	5.818210075467305842e+00
2.054771037045701831e+01	5.751067562943394051e+00	4.560313008707206350e+00	6.203432849483381695e+00	4.720267179506675070e+00
2.092680910404850891e+01	4.797039487391432822e+00	5.270636095846242597e+00	4.165560377239207135e+00	5.395292967175881138e+00
2.512990690679166050e+01	5.380201057157464994e+00	6.596407754788594424e+00	6.869355206989092189e+00	4.886269686027682191e+00
2.604841251991603102e+01	5.752913194397762275e+00	6.567155843325313214e+00	4.776964089238268762e+00	6.095097898957344995e+00
2.525963187032266433e+01	4.894078547140852109e+00	5.019178824154558960e+00	6.810583578804872751e+00	6.452389641644098894e+00
2.490149533950564731e+01	5.974272317315522329e+00	6.124973559649140142e+00	5.632332382857968334e+00	4.810032712882411410e+00
2.683112115524923880e+01	5.715474712061566542e+00	5.062678855401879119e+00	6.399406775450009022e+00	4.633141497225545358e+00
2.058972803123623052e+01	5.445553027044655714e+00	5.515617465317438572e+00	4.502420162708276052e+00	5.561261573079051779e+00
2.354083656874118802e+01	6.698091233339029671e+00	4.487893830257829286e+00	4.623279019566990833e+00	5.789693382664959920e+00
2.570314520574809691e+01	4.523219909890572765e+00	4.940549938701144228e+00	5.092409211247955980e+00	5.735447414745733496e+00
1.910910475916855233e+01	5.835278497327021086e+00	4.978977478217900376e+00	6.072497306685245455e+00	5.817145176838624643e+00
1.872135790757661411e+01	5.856894463046323551e+00	5.789196248913585308e+00	4.891728573195678109e+00	6.737803375695600394e+00
2.793529241201966329e+01	4.332988734490140104e+00	6.131992529192899610e+00	4.872619374024218075e+00	5.350079729809646523e+00
2.405512316941075213e+01	5.848567628611899494e+00	4.227340108138669450e+00	5.770835371549744686e+00	6.331787285786378838e+00
2.667263473577102317e+01	5.306697553212193164e+00	5.215391311097961058e+00	6.510336272773797894e+00	5.097483278727873213e+00
2.470716914383707774e+01	6.446280938425966944e+00	6.043273644897314334e+00	6.183530905457610416e+00	5.009073637130198264e+00
2.354493368957885124e+01	5.090374949045185282e+00	6.072075441516298078e+00	4.999726188037828756e+00	5.746405552768221625e+00
1.818278574233169564e+01	4.493621253484292311e+00	4.785481366768746803e+00	5.914266597827675831e+00	5.702530368847746445e+00
2.565144155312598429e+01	5.712569344835120688e+00	4.917910059969210046e+00	5.442131282337087761e+00	4.524401339477226003e+00
2.782691333310392423e+01	4.134647731115731695e+00	4.353140327475795601e+00	4.935149273783318691e+00	5.082819308954780624e+00
1.853609013149547735e+01	4.463482278456058161e+00	6.237049699893240984e+00	6.637438308562402689e+00	5.462867788866503815e+00
2.163322795310889290e+01	5.477653138877863981e+00	6.670164997651482963e+00	4.731542410721118586e+00	4.283219524862707850e+00
2.629117262629028673e+01	4.845851749014925325e+00	4.958419404731224667e+00	5.152046886780400570e+00	4.371304489833004681e+00
1.983706727001793979e+01	4.329976255435849630e+00	6.234648103124535545e+00	4.251040757978570284e+00	5.888882944530064556e+00
2.394098157070824584e+01	5.983115540206548566e+00	4.322941319655106973e+00	5.064542980346189438e+00	5.415195689383461186e+00
2.796760133722454711e+01	6.474190448092838501e+00	5.498017894718430831e+00	5.325875435910536027e+00	4.563498703811522006e+00
2.601779003335258267e+01	6.717501344560067977e+00	5.797215681119696207e+00	4.902029209131697485e+00	6.207082764514825435e+00
2.658840202926320373e+01	5.562312998963986566e+00	5.997480264709133202e+00	4.142575290619958217e+00	4.196547323215687797e+00
2.147254806902622093e+01	5.630122871899609471e+00	6.065866218127323073e+00	6.349193809513846709e+00	6.252342171077974520e+00
2.789624072875479044e+01	6.094727799411042923e+00	6.261091390210470564e+00	6.177370775314821039e+00	6.387464455742700942e+00
1.810007804297070422e+01	6.227105062028452487e+00	6.625512393792488908e+00	4.021745671818412582e+00	5.101933254977002896e+00
1.889789230874986004e+01	6.955684379327941258e+00	5.847392583173308012e+00	4.299790417344534710e+00	4.964338933722583391e+00
2.659474627030346738e+01	6.104157258237966843e+00	6.771217144850966818e+00	4.037045854743807283e+00	6.227461956890392614e+00
2.292831966149145728e+01	4.908912554852962629e+00	4.052500928430869287e+00	4.243605637611048031e+00	5.442426114107242086e+00
2.636808977779700669e+01	4.703805370264107388e+00	4.509930463983533144e+00	5.176390718101191446e+00	4.432770895553941770e+00
2.064633874535230262e+01	6.146508804207789112e+00	4.805611858423083582e+00	5.947160287316034299e+00	4.910008791106548642e+00
2.325091620909097401e+01	5.838321246250162133e+00	5.911574588981075351e+00	5.815450281344332950e+00	6.663941191654718210e+00
2.431264045387015571e+01	5.527997314347245172e+00	6.748213661048812817e+00	6.120481859083059639e+00	6.757141518451464712e+00
2.306907598639874735e+01	4.538099455189582798e+00	4.714006393870352696e+00	4.353205890895464059e+00	5.999416850695373782e+00
2.689686168512884024e+01	6.682687416451683404e+00	6.862474617056915527e+00	6.045519642116298442e+00	4.732922883165549877e+00
1.827820798678193270e+01	6.774365351436189897e+00	5.266977733737777001e+00	5.583382838306384599e+00	6.437291898598861195e+00
2.649275523807298427e+01	6.636069942667711885e+00	4.044793300874449216e+00	6.060896444936413552e+00	4.130474080779052315e+00
2.192189223222524674e+01	4.578268988143562979e+00	4.550043093983043185e+00	6.211582577442221087e+00	5.097820426209088929e+00
2.460241924146304626e+01	5.686098158007609094e+00	4.379110552800397294e+00	4.112752593007906299e+00	6.823352337496151776e+00
2.115116278848893927e+01	5.858000910107372228e+00	5.172818311457132445e+00	5.992587260557711737e+00	5.896573254707929479e+00
2.788400133925614810e+01	5.549633648420652321e+00	6.502896020288305934e+00	6.307042964640263705e+00	5.227613308554762028e+00
1.905086463250163220e+01	5.226900154967907497e+00	4.286263166396636848e+00	6.923404303540693583e+00	5.924420332539078515e+00
2.503490603446755358e+01	4.518716983047577962e+00	4.588847015995198397e+00	6.077351826787066535e+00	4.621172906453089091e+00
2.414686981119427145e+01	6.079164517210735141e+00	6.229823220504106196e+00	5.838208596027686603e+00	5.386104574005437406e+00
2.373984853347483437e+01	4.234857055692607730e+00	4.913942130912266393e+00	5.724060713333709138e+00	5.575073951352441881e+00
2.474785018240386947e+01	6.470153730646591939e+00	6.406384951701076247e+00	4.052801228276660339e+00	4.142042808920336938e+00
2.317448673870781306e+01	4.593949654253906445e+00	6.862885615685048180e+00	4.043744870692227877e+00	4.045659108215658328e+00
2.461084599211313417e+01	6.918433397033703081e+00	5.393760287447538104e+00	5.235724583361235140e+00	5.941156966304076192e+00
1.980607088939246552e+01	5.324320909940571944e+00	5.024833046998675279e+00	6.374004930245972034e+00	6.597259302647367818e+00
2.185230438873394831e+01	4.420417620447519624e+00	5.703664459515631613e+00	6.901116150494562618e+00	6.448461767737915906e+00
2.111341714652407830e+01	4.981086719121999629e+00	6.844592982338220111e+00	5.352485738637228430e+00	5.029225404703018043e+00
2.674950665192377741e+01	4.247434779204002808e+00	6.295120437944569325e+00	6.992673089000313702e+00	5.405684888210991801e+00
1.808946461308389786e+01	6.662416796243500805e+00	5.532666789414276920e+00	5.798458600416426911e+00	6.310757606878629744e+00
2.581999223147366962e+01	6.577499231992165463e+00	5.485669166092264071e+00	6.645657493119556669e+00	6.371533410678136278e+00
1.800903203506154426e+01	6.572678708779310597e+00	4.102916240120351610e+00	6.079485687572914188e+00	5.720424394988547157e+00
2.690476424563845725e+01	4.431885116338870390e+00	4.973643601567827588e+00	4.410428956032204972e+00	4.276077715894810893e+00
1.882680551725293938e+01	4.185421955550398643e+00	6.964750708120597267e+00	5.285901221951141871e+00	6.267866471251051230e+00
2.500670031921340808e+01	6.763399845940218924e+00	4.557535856684362230e+00	5.173610560929759572e+00	5.001350556521197532e+00
2.606719278177260790e+01	5.508409014716765029e+00	5.244752005090434821e+00	6.609139029694073741e+00	6.555891465490967462e+00
2.658115400143627127e+01	6.376860265420656759e+00	6.459966540642473554e+00	4.111475296752640674e+00	5.829449960705469280e+00
2.238180172072705432e+01	6.585993922217004304e+00	5.745055956545477294e+00	6.160907244295109386e+00	4.828662552765786486e+00
2.773051555222741271e+01	6.993945014728663701e+00	5.531387620934974159e+00	4.120971874118616540e+00	4.006310399488885565e+00
2.733221877127766319e+01	6.212275066004614210e+00	5.808087885448427024e+00	5.595758571570907947e+00	5.748033331224173814e+00
2.584045027109074510e+01	4.211297687219555996e+00	6.139050285878043134e+00	5.875111397379039424e+00	6.200321316332380484e+00
2.752334657625292635e+01	6.970028616576484204e+00	6.096668863547805017e+00	4.856924572080019153e+00	5.546055759154840281e+00
1.975398520686756143e+01	5.543899015218152648e+00	4.163039466730583449e+00	6.088394647771403712e+00	4.915572449998045990e+00
2.551388957019805304e+01	5.095728326112839213e+00	6.391672350070975561e+00	6.860784027010906172e+00	4.631068712857142167e+00
2.673040299143480070e+01	4.200824356721949648e+00	6.555093048854936377e+00	6.264181946461157224e+00	5.774577377647757359e+00
2.593677468780225226e+01	5.212828992314906706e+00	5.635658856460597832e+00	4.721034625559354936e+00	6.577528806943229611e+00
2.008756728291344018e+01	6.895097017686835805e+00	6.867226255362776755e+00	5.183736499309227419e+00	4.948112147010589545e+00
2.774593088036883870e+01	4.994022543623374943e+00	4.239170109460136615e+00	4.294974846430835491e+00	4.451782116457293270e+00
2.402345998236580016e+01	5.425006186863329027e+00	5.364448561271517590e+00	5.190610167016320275e+00	6.988798099605390668e+00
2.582896484586635921e+01	4.850898166165065639e+00	4.751214827178007027e+00	6.388752787503128694e+00	4.622590238548839991e+00
1.997033257002745188e+01	4.077574547536784166e+00	5.472274502750303249e+00	5.581800628123969155e+00	5.921812095365469375e+00
2.469715724552722236e+01	5.520172027091168054e+00	6.708008668110776895e+00	5.938430491725418925e+00	4.787954095862152037e+00
2.552145070198708154e+01	4.465037089016894889e+00	5.139587245844522201e+00	6.574316960024294332e+00	6.303206398722135617e+00
1.809989375331876715e+01	5.003915077335696182e+00	6.522836574192151460e+00	6.440346839673585677e+00	4.000482154887834874e+00
2.748498354589406745e+01	6.989709425573702006e+00	5.439970891261891595e+00	6.317625536421023646e+00	4.192073174887783971e+00
1.892615750819769360e+01	6.023016283377619295e+00	6.266695892281687108e+00	4.123260640140120614e+00	6.855280483696479799e+00
2.764239013750387741e+01	6.664580469253349904e+00	4.416484679198165786e+00	6.169693218961056935e+00	5.790927809583372721e+00
2.255775738152611254e+01	5.909132754024319922e+00	5.915451754794289307e+00	4.587799952007972415e+00	5.991759723396307358e+00
2.007442985356131260e+01	4.857118439921348063e+00	5.087293346747195244e+00	4.510146908760519047e+00	5.793543026326336332e+00
2.712221321218538961e+01	4.897059970927507777e+00	4.644802632113144369e+00	6.727043176418465720e+00	4.326838054782135679e+00
2.231060196137997664e+01	5.266861150181376239e+00	4.766936045100956143e+00	4.370737879524972058e+00	5.467472031869423432e+00
2.413104936829629565e+01	5.120928177677755322e+00	4.891619012810801692e+00	4.587270657936183049e+00	6.208544247075595379e+00
2.186552010297149096e+01	5.643690370200655337e+00	6.871257107081500948e+00	6.481498501299614468e+00	5.257051335499960842e+00
2.453310261745826182e+01	5.103095739030540479e+00	6.052783100775269709e+00	6.789332915008121638e+00	5.891256996463426709e+00
2.751497884975045238e+01	4.922424400388632826e+00	6.357942282886226870e+00	5.283430075506359458e+00	6.535993559164641198e+00
2.407680111435476533e+01	4.292697680777916247e+00	4.783364958136892220e+00	5.752094838370959806e+00	4.668874442664002089e+00
2.365344399574947332e+01	4.970875412752965516e+00	6.840921540526417211e+00	6.163944377035941002e+00	5.434687032867577372e+00
2.165571718190707173e+01	4.198350054356170702e+00	4.093924459826408402e+00	6.676927317271513118e+00	6.342268279532002673e+00
2.655121560518127666e+01	4.668498579008661942e+00	6.158475064538756705e+00	5.179897275755934949e+00	6.072800253963444028e+00
2.406947991164340905e+01	5.237913023316271399e+00	4.401966591186022626e+00	4.668481385014806584e+00	5.257918667816524838e+00
2.676405624626888979e+01	6.390915696716394478e+00	6.298431701754537926e+00	6.065902748423166457e+00	5.403079336452944581e+00
2.585602535828336102e+01	5.361550320824087557e+00	6.120769543023629744e+00	4.691138923762910196e+00	6.379172282825392948e+00
2.088434334342987597e+01	4.917221901735167044e+00	4.392451273377091070e+00	4.896026886002334599e+00	5.178039386943664724e+00
2.597832512168545804e+01	4.910785479199923032e+00	4.769724833774719563e+00	6.153137218581602674e+00	6.619908680687833780e+00
2.579453896090614862e+01	6.693489409976491444e+00	6.929171882392278548e+00	4.164048299271045472e+00	4.148068831223688413e+00
1.890310908047612060e+01	6.525620462132349253e+00	5.279163533399414021e+00	4.581617118679393030e+00	5.846683262688832095e+00
1.837794463689637325e+01	6.220677576322429125e+00	5.954132404173226867e+00	5.405479547020361153e+00	4.654571817343479800e+00
2.541965313834619522e+01	5.113700219916205825e+00	4.357300250396987096e+00	5.511685413011528922e+00	4.410685847702973561e+00
1.886910625174946077e+01	4.535674451334152479e+00	4.291947176782115569e+00	6.541878069097675663e+00	5.668244824848335917e+00
2.074575074941593655e+01	6.086398715610759957e+00	5.490878949550848986e+00	5.410948342959811086e+00	5.595088498071874916e+00
1.987914399910013685e+01	4.250270059490431684e+00	5.756335316192100038e+00	6.627769540225095568e+00	4.157462213590293665e+00
2.497747186972295452e+01	5.252010542062291343e+00	6.409650700794093048e+00	5.134357453769050394e+00	6.103159161224173346e+00
1.933265381923589032e+01	4.484621851606411802e+00	4.791997518107526943e+00	4.476374662683739736e+00	5.216267433406675202e+00
2.193505013728700348e+01	6.435904370650213480e+00	4.299604464594266595e+00	6.008702880362212007e+00	6.543477202104489798e+00
2.655948531759662146e+01	5.440319656532070169e+00	4.452077536914832656e+00	4.459818951756157723e+00	6.599946217896385470e+00
2.714697079020091408e+01	4.417781481315091519e+00	5.388196255563079795e+00	4.947582726251147811e+00	6.971834183318099676e+00
1.857410239286988585e+01	4.242815971818893139e+00	5.962989588259594242e+00	5.652398395692865840e+00	4.956927709129632653e+00
2.040720321123782455e+01	6.841233644177663109e+00	6.118371060307500997e+00	6.835144190743359438e+00	6.836732233722864649e+00
1.889057351631881687e+01	6.047653188385595513e+00	6.475337769059592574e+00	4.001359934559747700e+00	6.782469183267646251e+00
2.558376376921400208e+01	6.504526705713428392e+00	4.484349783141499124e+00	5.267091931940329985e+00	4.054755702759090141e+00
2.026291749634759043e+01	4.017588316221704758e+00	6.285010970142399067e+00	5.637029582588180432e+00	4.228387160323699767e+00
2.044294357830179365e+01	4.309672497454689832e+00	5.543973661811463671e+00	4.446222187654687019e+00	6.682972287381111265e+00
2.743624124963022837e+01	4.574731451919131331e+00	5.967574700888960137e+00	4.254886111298934459e+00	5.163346729429341586e+00
2.314702258113690903e+01	6.748149739208134434e+00	5.053339969810309640e+00	4.316261131784454363e+00	5.061526907075175608e+00
2.380962757004008168e+01	5.031846918849724126e+00	5.853730552862898229e+00	5.071258587720089750e+00	4.658307738639638984e+00
2.723644397856108768e+01	4.788857136808291948e+00	6.960359473501439354e+00	4.212171822081514527e+00	6.826723430451689723e+00
2.661870565854833259e+01	6.530448662797172510e+00	4.305651660252702406e+00	6.406045654888024465e+00	6.916618118954880323e+00
2.294033086283146972e+01	4.376815999713378424e+00	4.089800604954672458e+00	5.217436078084813467e+00	6.375421729028269091e+00
2.112026878889255244e+01	4.692419348858802408e+00	6.680501439106520500e+00	5.975274696874130598e+00	6.487175616469091466e+00
2.681970071148391455e+01	6.603498926490725118e+00	4.660506641011158635e+00	6.959017725299556645e+00	5.072082251665515074e+00
1.959983820825683765e+01	5.927227160127308991e+00	4.318589106005458866e+00	5.889504912890487276e+00	4.742952146557827930e+00
2.230809696266068443e+01	4.848529349912687358e+00	6.076819214714703321e+00	4.067887806375525273e+00	4.576055929421100288e+00
2.382242478799371810e+01	5.170443683292291759e+00	6.442184970332998084e+00	6.670880622380879643e+00	4.339956131912853010e+00
1.913534111025967732e+01	6.052238322003599791e+00	5.219447077605746443e+00	6.224416789912473824e+00	4.823989851766919301e+00
2.030529192304369346e+01	5.352868166991573418e+00	4.726615615207292009e+00	5.830589946379776123e+00	6.287555980507208986e+00
2.366819492190429841e+01	6.089516953772553087e+00	6.338151217290488582e+00	6.331300735758138565e+00	5.137339868919008623e+00
2.390215134524559204e+01	4.929663737281614111e+00	5.313557988955762923e+00	6.779665249005683236e+00	4.540074673787715120e+00
1.945165269034433564e+01	6.515852980827178342e+00	5.450979113431085210e+00	5.745082434944807304e+00	6.994916204726941089e+00
2.236056326621853074e+01	5.939087227897227095e+00	5.863659552656936391e+00	4.663994336579201594e+00	4.754553120755894646e+00
2.439322743095088342e+01	6.894709361843434969e+00	6.529408430053877943e+00	5.257725844277328697e+00	4.873990639240092904e+00
1.849475094714784262e+01	5.374262940263523802e+00	5.714274504048550085e+00	4.576005895010757385e+00	6.308684059792899923e+00
2.386919609259771491e+01	4.270075656463869329e+00	5.950133916411140866e+00	5.528559860772480405e+00	4.202919589100234887e+00
2.071935850847915361e+01	4.345358668245403067e+00	5.727258673237018094e+00	6.392483363834453591e+00	6.287298475480883830e+00
2.235601194346360998e+01	5.930363240039892680e+00	6.069666622097587450e+00	5.222636845953326556e+00	5.453424284224649199e+00
2.351017085931384543e+01	4.000925391939145648e+00	5.492778979994947797e+00	6.268369144491553691e+00	6.313165362434237871e+00
2.493098161339360175e+01	6.058911845266457874e+00	5.728499481527191683e+00	5.303464875875858908e+00	4.258312471920276288e+00
1.875085238063515192e+01	4.038663506683755955e+00	6.883315021305672410e+00	4.815515180283600039e+00	6.794190094080155617e+00
2.110607457173570722e+01	4.786591826113330228e+00	4.935399156734924020e+00	6.470114936443001064e+00	5.806432978774423326e+00
2.279028935150418533e+01	4.156027542205603886e+00	4.339694147695381865e+00	6.063862756046593638e+00	5.471815222005750989e+00
2.736722636096372341e+01	4.529753449930884024e+00	4.417532214348214303e+00	4.388943045148449684e+00	6.271205933695024548e+00
2.238773910026199232e+01	5.330669940743503865e+00	5.747943635046335764e+00	5.779837055381968014e+00	4.344261830610902209e+00
1.923647487413260393e+01	4.774673401358227487e+00	6.322103188242117255e+00	5.533677447933991189e+00	4.536710953366006827e+00
1.916901447762381849e+01	6.166723019257754679e+00	6.621616058417217232e+00	5.834541393091267736e+00	6.912434750504806935e+00
2.473818241886333524e+01	5.540588933787244486e+00	6.111080281810628456e+00	6.775986778270699062e+00	6.913834464344918551e+00
2.132354315851594606e+01	6.290857774472454977e+00	4.772622076822186976e+00	5.317733370942189453e+00	5.122813747936321604e+00
2.444504740524244824e+01	5.342318823142606199e+00	4.797281230739234736e+00	4.801942320088382843e+00	4.111300331454863510e+00
2.268038017397499928e+01	6.920631476577246310e+00	4.227597457560914762e+00	4.825395761998191979e+00	5.655536438996317194e+00
2.463996926800624720e+01	4.568416594947274589e+00	5.044992613033811857e+00	4.360797504114983347e+00	6.144342975224548198e+00
1.823282959086926525e+01	5.124650968039717647e+00	6.360532317901488319e+00	5.590615617149627070e+00	6.751585794837538401e+00
2.197669559332637945e+01	4.542050607142506635e+00	6.092030790595100775e+00	4.773340578875576057e+00	6.429565112681916439e+00
2.062599257889802118e+01	6.387546053947555258e+00	4.757555611465974721e+00	6.191658285832021491e+00	4.444930981556973748e+00
2.727227155298448125e+01	4.880591659309502894e+00	6.331129599947495912e+00	6.941363611187224336e+00	6.088881915517453614e+00
2.667837531106994575e+01	6.015048404260340931e+00	4.081831558615975020e+00	4.334644227317084209e+00	5.531062371566820346e+00
2.509393855152836039e+01	5.743661064788415871e+00	6.536267422373157387e+00	6.018863229246697699e+00	6.655478915846143373e+00
2.169246623767755011e+01	5.258833462792155800e+00	5.484393363570031710e+00	6.974587247347541208e+00	4.269305427884860116e+00
2.590883129485093406e+01	5.865288356666133573e+00	5.237618084541860064e+00	6.757373277075608087e+00	5.236892058799830885e+00
2.458145141829612257e+01	5.945464962643788986e+00	5.938622131051348063e+00	4.798272920045262957e+00	4.870006816598341892e+00
2.397089317875854420e+01	4.282541649344708823e+00	6.759958044040884850e+00	6.569908462369593138e+00	6.359916515488472477e+00
2.642795029660401340e+01	4.407190802057295187e+00	5.040275988811082186e+00	6.656570474927085534e+00	4.569182164061087903e+00
2.302078566654517289e+01	5.397170800775739075e+00	5.066747253809301910e+00	4.944574203183962346e+00	5.390699494117945356e+00
1.952036747053000809e+01	6.981691043682310749e+00	6.627802650007448726e+00	5.269182036414673753e+00	4.960367429065566824e+00
2.767375730559456315e+01	6.244034576711777973e+00	6.857127347295538300e+00	4.648999996553322411e+00	4.675512977671322012e+00
2.206232889976448064e+01	5.585214389015082048e+00	4.071647981429200591e+00	6.632354728928537391e+00	6.325933522745419424e+00
2.096862537673811033e+01	6.254515082568910422e+00	5.112640838886785666e+00	5.943744414947707000e+00	6.173660343659818750e+00
2.464606713848506914e+01	6.296972144816741057e+00	4.655184270124784085e+00	4.368568913882667104e+00	4.892545144128510159e+00
2.503020622512567073e+01	5.181907500954563872e+00	6.176546816704469478e+00	4.506179693011061360e+00	5.064536741567262190e+00
2.540177387808291343e+01	5.905044590091227619e+00	5.818143289096042281e+00	5.957149493577243327e+00	4.353557414310618157e+00
2.600800334624140930e+01	5.215451319502135696e+00	5.406920533596768941e+00	6.952115254301251213e+00	6.163518496857866680e+00
2.136532165679258100e+01	5.199769194341987699e+00	4.362368369845267324e+00	5.941896033691206114e+00	6.301643994642353697e+00
2.014978075767914945e+01	5.106580316239297090e+00	5.078868864898136160e+00	5.166868149758007789e+00	4.255204312360222119e+00
2.644992887551571670e+01	6.139382571926449650e+00	5.521939055244699190e+00	5.308428347717888407e+00	4.234751812860696241e+00
2.239962994898670701e+01	5.677159847600131926e+00	6.486178808419483133e+00	5.121686023283345435e+00	6.363576534214983482e+00
2.729238026782220317e+01	5.709815443716914629e+00	5.182906015237047193e+00	5.420420175891839776e+00	5.570211952512004849e+00
2.508627041581555162e+01	4.124613701846844727e+00	5.542325057886010597e+00	6.418398907399900821e+00	5.983705999848860202e+00
2.379064248416941396e+01	4.618988519001047344e+00	6.253933165327930865e+00	4.134355495145244141e+00	6.184318470002998502e+00
2.050203090452035681e+01	5.115952103779402904e+00	4.884955483755204497e+00	6.133249009761208015e+00	5.304263281346392134e+00
1.998537216768313840e+01	4.998253601777657984e+00	5.545307994073302105e+00	6.247957802242458669e+00	5.199027622039626095e+00
2.002559613724125143e+01	6.364999051726726087e+00	6.858772780135640623e+00	6.905681300920438304e+00	6.425219080706440877e+00
1.997639820110101283e+01	4.176911333384614622e+00	5.327994389714788781e+00	5.644039690196025028e+00	6.306335337001966579e+00
2.046343438482021426e+01	5.332572022463783590e+00	4.700042430527470394e+00	4.741522756002260586e+00	6.899176260747212908e+00
2.085814850724034386e+01	4.962492387647326808e+00	4.670340491873355759e+00	6.006515344060001205e+00	4.555019549309463400e+00
2.259759751981391673e+01	6.751060123266297452e+00	5.921486286259348475e+00	4.289145122865101634e+00	6.126307498870592561e+00
2.741266629749250683e+01	4.190163851961535180e+00	4.658690162346181829e+00	5.647521979756894517e+00	4.356334195914893570e+00
2.082816983519816034e+01	6.551921316064763801e+00	5.804709517923825501e+00	6.865077529151234259e+00	4.427406804557259434e+00
2.399258870035738056e+01	6.231360465417841610e+00	5.488021822318278176e+00	6.652347312804392843e+00	5.485796465805773181e+00
2.142427201491279121e+01	5.472950064708799189e+00	4.514733629782683444e+00	5.908794803782834393e+00	6.832952306756390648e+00
1.860591426521968472e+01	4.318811779484854618e+00	5.353750863412172656e+00	6.231788469133021202e+00	6.349799942543721265e+00
1.845795599522336516e+01	5.968457062273844649e+00	6.329453184152101564e+00	4.017719741134524014e+00	6.327741570759690681e+00
2.261900811657159593e+01	5.228635758538963785e+00	6.507951059621112755e+00	4.029171843985956514e+00	4.345748510528746777e+00
2.326942215788319501e+01	4.268244547909209707e+00	6.618250442124865351e+00	5.371833292677678173e+00	6.588506577683271637e+00
2.433660967229849348e+01	5.203446622868960425e+00	4.328825137558722780e+00	5.341938083489540467e+00	4.607991462811049210e+00
2.011836860866228704e+01	4.511725461498641288e+00	6.778971193513608107e+00	6.982527362011561323e+00	6.802704628264937270e+00
2.166701103051135391e+01	6.159080206800483737e+00	5.031968978184145236e+00	5.989509515364564329e+00	4.614833630579717294e+00
1.911862699216547057e+01	6.779739593048422108e+00	4.423320750277874858e+00	6.839577626133344523e+00	6.249098760725562585e+00
2.363092201475146936e+01	4.139744990422342674e+00	6.465122793686971292e+00	4.716331927483675912e+00	5.509497437843329237e+00
2.268964415765542597e+01	4.182709824493400674e+00	6.263194768362618348e+00	5.296732942176668679e+00	5.898795791791902055e+00
2.441446828206597885e+01	6.459287406066597903e+00	6.107386673233706986e+00	5.049060700454377049e+00	4.756488125435385683e+00
2.734560566888709232e+01	5.011481956261834014e+00	5.926684086046255295e+00	4.258633261777550416e+00	6.776490359740475533e+00
1.922393895249254925e+01	5.733614491225974774e+00	5.381054328543878107e+00	6.602711322549974504e+00	4.785062187091765118e+00
2.080970689933202777e+01	4.635783194627746795e+00	4.882120525382471321e+00	6.316690495388447069e+00	5.121703860478985959e+00
2.029135481614428826e+01	4.330571438959355035e+00	6.499040737904973497e+00	4.281076921809953362e+00	5.367020597783691116e+00
2.440259709266743116e+01	6.835220154372677825e+00	5.159783620603599630e+00	6.252128409183028701e+00	4.868511358712234838e+00
1.910266552285469288e+01	6.997056320754924563e+00	6.706720214380272438e+00	4.002793328982934717e+00	4.075338762460274822e+00
1.969024081258234204e+01	6.170116649318284630e+00	6.968285016538183108e+00	4.339923985864352574e+00	6.859561286776281186e+00
2.045114439484026647e+01	4.249285455109982124e+00	4.563947817843554411e+00	5.201797047143188024e+00	5.372729534991928624e+00
2.128736057693938832e+01	6.228003117757431539e+00	4.194077653602323430e+00	6.772040479037120697e+00	5.375050867139047561e+00
2.665725361181064912e+01	4.429037817996148263e+00	5.186461499977234268e+00	5.439455909536058620e+00	4.817262584051979601e+00
1.929713690469111853e+01	4.624973470487752536e+00	6.655442529715294597e+00	6.031931570640069573e+00	4.386376806584695309e+00
1.821704317198166123e+01	4.036785356812945480e+00	4.311961664990395349e+00	4.148100911317780692e+00	4.367072427615706687e+00
2.793159447725700062e+01	5.327512220464622139e+00	4.492026053675648001e+00	5.479184871476100227e+00	5.155208753082214379e+00
1.839157084982903001e+01	6.648378053158982226e+00	4.953965073571037436e+00	4.541221345725316105e+00	4.446308150034632867e+00
2.270991186478281065e+01	5.248291776951051091e+00	6.907843174727518409e+00	4.157665509400710668e+00	5.250653145893164009e+00
2.606045403860950316e+01	4.875561047030426920e+00	4.479178627978959604e+00	6.049762473012292752e+00	5.900336980063834780e+00
2.588968057369384468e+01	5.429327018576379338e+00	5.178308276550328770e+00	5.087159692705493619e+00	4.121683156968948936e+00
2.626181221650942987e+01	6.924029899157102541e+00	5.629520159504898480e+00	6.307717825697122471e+00	4.236413847121757392e+00
2.143230472411062237e+01	5.132070117594661696e+00	5.600949076005108829e+00	5.738421717133843636e+00	4.995479426680218715e+00
2.562411414097355333e+01	4.766739319430546296e+00	6.854886190702509374e+00	4.340959165349958404e+00	5.781560289967800692e+00
2.320353162053546114e+01	5.526458224988519241e+00	4.449853153000232098e+00	6.383475109893644195e+00	6.148423003831507749e+00
2.078027290123862869e+01	6.716796264344365497e+00	6.981626185056724943e+00	5.721750118017785880e+00	5.140311845050751671e+00
2.601659912080317127e+01	6.616555091687672530e+00	5.944502907172753758e+00	6.855168616163891393e+00	5.192386032295249976e+00
1.802879288735397267e+01	4.871004468749223548e+00	6.934307620534784888e+00	4.879852520970539231e+00	5.409239769616101867e+00
1.973573779885211366e+01	4.407664409364741687e+00	4.052281590360217400e+00	4.352079616622447134e+00	6.470483716557566822e+00
2.204956325234796921e+01	4.398350171821115318e+00	5.959247523424606285e+00	5.025789966087877758e+00	5.980128167783075988e+00
2.445992672034110171e+01	4.607272053048632188e+00	4.547069897760657398e+00	4.201868117221954968e+00	5.024055268274850050e+00
2.394812011315519484e+01	6.859751127719936115e+00	5.870412705728563552e+00	5.366884383773571798e+00	5.328829630150878849e+00
2.347188680547802875e+01	5.136919678457746663e+00	6.839900842324771801e+00	4.912836533436133024e+00	6.320214477282105392e+00
2.344459198275684031e+01	4.168839781648039811e+00	4.929174437784364926e+00	6.115412052403960352e+00	6.169983116329660788e+00
1.901885523457505300e+01	6.499405914638110460e+00	4.108247410311700598e+00	4.804606555454348005e+00	4.217033460551038893e+00
2.189294172169266517e+01	6.605758315983540463e+00	6.423735751956328954e+00	6.581339963880455279e+00	6.893056310041076884e+00
2.590533837544454343e+01	4.109675256456525538e+00	6.312582575354808156e+00	4.851466786470823855e+00	4.695235580269567777e+00
1.813748623734584697e+01	4.837999305864578048e+00	5.222061282696280671e+00	6.752452607545375685e+00	6.827828660414642314e+00
2.524425718761953874e+01	5.611769435809608630e+00	6.191025238297283906e+00	6.522504777865553827e+00	4.729702971916874610e+00
2.100034563416189926e+01	5.690038682282054339e+00	5.171543267673857969e+00	5.681260032190955656e+00	5.867505164254359862e+00
2.137472738295255326e+01	4.241463179964515717e+00	6.271485749687277789e+00	4.503406874306231877e+00	5.995669010142775868e+00
2.205458934180483155e+01	6.766281362032105839e+00	6.327134031818553161e+00	4.100025123610643085e+00	6.395605181066486011e+00
2.502235620442312580e+01	5.207743550402431865e+00	6.820502887822436300e+00	6.379771507662140628e+00	5.265131595246960394e+00
2.096205531268975975e+01	6.238994941748990719e+00	6.289095387908985479e+00	6.428035592383852581e+00	4.347609042294995341e+00
1.904954602876144421e+01	5.231007351544147532e+00	4.433535002511942658e+00	5.661476015982946919e+00	4.615057534914091875e+00
2.196594739709601640e+01	6.887650687320382659e+00	4.172445558832239776e+00	6.393507216327750875e+00	6.726994772000849387e+00
2.796312332722621719e+01	6.029701085972153152e+00	4.033886217502351990e+00	4.614321067677549237e+00	5.469562605989114701e+00
1.876468847860950362e+01	4.458865698740609673e+00	6.292584146582435700e+00	5.323160000086113008e+00	4.036806077670944681e+00
2.432180614120164819e+01	6.286665342887572727e+00	6.697886223450653986e+00	4.222286347033902487e+00	4.068910112752086583e+00
1.891199294584579604e+01	4.193212876140200329e+00	6.347887866506433774e+00	6.961529825209541222e+00	6.086068417812401599e+00
2.403668290509742178e+01	4.716644314571925456e+00	4.333297586740587626e+00	5.194197228032838787e+00	4.019089096071946976e+00
2.249030664928294954e+01	4.972659467974526848e+00	5.214418729419137755e+00	6.497933645122390800e+00	6.614435802322640612e+00
2.676988488226837148e+01	6.507967415702365699e+00	5.591388545199743376e+00	5.148677783735957192e+00	5.572897779551118091e+00
2.725484588871442071e+01	5.364840971895101340e+00	5.264465334709372613e+00	4.439654984750557531e+00	6.639253804102052570e+00
2.408912871842575498e+01	4.495700362734460498e+00	4.699245476222356999e+00	4.230368717667287726e+00	4.320024019438710283e+00
2.031007581804888673e+01	4.277431881623176224e+00	5.347335284001783151e+00	5.679561427609746360e+00	6.650761466543948508e+00
1.839740000293475219e+01	5.674554388046588294e+00	5.015703148854204763e+00	4.260610062937843168e+00	6.850097978374594554e+00
2.125318130149982920e+01	6.588719273805321741e+00	6.494294073975850345e+00	4.291891722479251214e+00	6.193864332984482246e+00
1.992297261997638103e+01	5.879444730649497686e+00	4.852030405617464126e+00	6.016876941981712967e+00	5.066564321122423387e+00
1.805607128940611616e+01	6.524447792879877639e+00	4.733561744269103144e+00	4.268164690847699561e+00	5.220098128278531036e+00
1.811332409435168600e+01	5.463864264425146722e+00	4.141051210663630577e+00	4.916229733613795005e+00	6.724543530791047274e+00
1.990827418891541711e+01	6.283139986155143575e+00	4.738952766704722208e+00	6.414562086621049986e+00	6.067219291666073211e+00
1.801993120056687303e+01	6.853308750476345246e+00	6.832504984205711729e+00	5.856171973105161577e+00	5.551734589574607526e+00
2.739683743951411543e+01	6.440119957389326188e+00	4.374767500167719092e+00	6.256325511062731159e+00	5.599687180188600344e+00
2.129754164648089088e+01	4.364860963145926753e+00	6.690980504236758719e+00	5.836761133004604751e+00	5.705135812836024556e+00
2.406054694057509025e+01	4.087956842761772513e+00	5.309223153043165055e+00	6.281355052055831223e+00	6.055783957922671767e+00
2.087090534403968789e+01	6.328204812008179303e+00	6.645602605730671186e+00	5.961064675362389487e+00	5.069142367794846393e+00
1.955086349365581455e+01	5.669420086292944916e+00	6.937412757667204666e+00	5.883438597644439660e+00	6.517854534193413762e+00
1.967050221443688329e+01	5.316106627890595071e+00	5.365792225456135434e+00	4.403756891954146546e+00	6.245807250877495775e+00
1.941127997472159805e+01	4.057042384032593318e+00	6.725695410558071963e+00	6.910778543548310893e+00	5.055945780643178900e+00
2.061478995023909278e+01	4.744738061806660134e+00	4.696335791378966285e+00	6.563454739350796707e+00	4.082871816988142832e+00
2.080080108466548339e+01	6.068795891986948909e+00	4.133357978755013207e+00	4.747560798489745437e+00	4.830294286104984458e+00
2.357475807852563676e+01	5.455399071926056997e+00	5.022344408979363628e+00	4.202879815610756964e+00	4.712669240234215629e+00
1.854407179535202843e+01	4.471996935740600421e+00	5.550377327453617227e+00	6.342466221560480122e+00	4.976916713387842250e+00
2.608043915579822425e+01	6.847834964546030356e+00	6.149865968290209040e+00	4.625568735828074374e+00	4.422161109144284730e+00
2.736594075745235699e+01	4.209555170807738556e+00	5.445700497148274088e+00	4.408699964403058225e+00	4.597417308404892822e+00
2.308170764828341603e+01	5.245470838538545344e+00	4.548038520318996802e+00	6.100205634891391782e+00	4.319004105876564026e+00
2.216512995320503165e+01	6.969745387266709891e+00	6.571512259447762183e+00	6.104671238102639563e+00	5.556187858550202918e+00
2.174202434848971777e+01	4.314064340027216282e+00	6.722989967895945718e+00	5.099731615780627614e+00	5.360474238680751569e+00
2.298228764002188029e+01	5.369394761200174671e+00	5.267913925225759186e+00	6.196770592040679482e+00	6.705937994067467933e+00
1.825549475369674823e+01	6.814215580671537431e+00	4.586589785751066017e+00	5.686429273834878728e+00	6.188691060565180813e+00
2.211980135062799846e+01	5.741196308648642166e+00	6.351855553445973079e+00	4.208087352240991841e+00	4.981208677291752984e+00
2.024512454903176106e+01	4.015388333178725233e+00	6.973693490776651238e+00	4.425611542907781804e+00	4.946222659822907097e+00
2.495417730259916311e+01	6.867520440899747669e+00	4.608140292530136684e+00	4.657191972233866828e+00	5.651797086723125751e+00
2.249840995032992197e+01	5.310936229546623366e+00	5.572217590631331596e+00	6.549383983593003222e+00	6.772842044391765626e+00
2.744809659124777923e+01	4.387505983028409773e+00	6.218481316454315788e+00	4.975093629550859653e+00	6.939682729047757626e+00
1.930216946375264087e+01	4.368326936200885413e+00	6.487915322170078269e+00	6.157227237697834532e+00	6.224167612136808359e+00
2.717386867572291465e+01	6.518063360075414536e+00	6.729872258417333164e+00	6.197552116102804654e+00	6.503692148425201047e+00
2.504634613750549832e+01	5.920672302847488133e+00	6.451054129935887005e+00	4.945419268572063487e+00	6.679271159077295295e+00
2.528330963591967162e+01	4.049566476233723122e+00	5.376935679370679289e+00	6.460990371490781925e+00	6.840480246437118161e+00
2.692211534588705391e+01	5.128943691339712174e+00	6.280911833441872538e+00	5.844683059370681555e+00	6.232403059487158004e+00
2.286249198181629438e+01	5.414038787075063475e+00	6.734710050392756386e+00	4.887233863626750718e+00	5.154454547999459457e+00
2.776707698263876622e+01	5.020768115915562824e+00	4.539609383751986194e+00	6.475810036112054746e+00	6.431974906839106332e+00
1.976708369850835467e+01	5.383410959266079487e+00	6.906365889311606665e+00	5.262339083273726459e+00	6.140653638481536447e+00
2.072500061497916590e+01	5.475926055081107968e+00	5.061960328043708657e+00	5.629417161055729757e+00	6.177053420402872419e+00
1.819325452854466718e+01	5.559754563795573645e+00	6.999268998841642109e+00	5.497806498993877966e+00	6.080540868045641645e+00
2.757912309698481224e+01	4.371568086681411280e+00	6.185476573035128212e+00	5.455186354689550932e+00	4.767103232226094889e+00
2.632765917525713562e+01	4.503920140412312811e+00	4.931736520034320392e+00	5.468281363343796997e+00	5.031650457128734821e+00
2.423909105977769229e+01	4.941675619190871949e+00	4.990927790737504033e+00	6.735194212424665317e+00	6.171888232422965359e+00
2.082092542843353300e+01	5.851822462633266220e+00	6.012252798138585597e+00	4.600287252346605626e+00	6.195396153734377798e+00
1.950280027993969512e+01	4.326058525952929834e+00	6.767092473671518782e+00	4.968808437107018250e+00	4.287584643445378596e+00
1.885847205399737447e+01	6.732501376721486075e+00	6.184114197587683215e+00	5.569255419865859480e+00	6.481012382289891960e+00
2.557588344448081585e+01	5.944320053057838393e+00	5.904123037666399121e+00	4.527787321623071293e+00	5.106994163860981928e+00
2.602556617219831381e+01	4.257202344482256429e+00	4.168037945886076123e+00	4.849986218712624364e+00	5.046773566371509645e+00
2.020571354366948214e+01	5.635339535887381679e+00	5.718072681377124766e+00	4.805002681452998026e+00	6.276010829438032346e+00
2.491670499768330416e+01	4.817063895918841432e+00	4.292937141985515126e+00	4.837121848805939095e+00	4.378344272796852010e+00
2.430086717428833154e+01	6.177919816026522959e+00	6.239285368946381638e+00	6.999584401879402229e+00	6.121383582854130978e+00
2.288855617545383936e+01	4.383648404449037805e+00	4.894930336848315022e+00	5.473473964828274418e+00	5.161725742240020232e+00
2.101994316997269863e+01	6.298028162605679547e+00	6.986213042481948854e+00	4.761545462846264343e+00	4.392544543031304372e+00
2.313443808394887569e+01	4.834084595871396495e+00	5.606736708938469427e+00	5.821965427845791297e+00	4.153435996460016710e+00
2.070001366776556040e+01	5.336825039708923413e+00	6.848480866394575983e+00	4.933043932096419226e+00	4.718285867803810874e+00
2.625714074549764021e+01	5.064915825031808261e+00	6.243517585213529841e+00	4.753171580830377607e+00	6.902535826870900948e+00
2.537856373347204553e+01	6.952409259376609363e+00	4.386136313951025656e+00	5.999739798946328584e+00	6.198358617872830933e+00
2.420165122219911069e+01	4.052557064998136838e+00	4.210910968907014329e+00	5.354535666019106799e+00	6.113334125320095680e+00
2.400340389165096866e+01	6.626444062916960753e+00	6.781900612006214857e+00	4.492350695364702773e+00	4.419682511786716006e+00
1.966156660198263495e+01	6.427224879576000305e+00	4.214547376867330719e+00	6.714064723512723987e+00	4.861507141220081429e+00
2.636389949686259726e+01	4.391798136609612158e+00	4.266661315951906452e+00	4.762868327449595540e+00	6.563135245387401007e+00
1.821059148158056118e+01	5.156401339328454902e+00	5.332085937918537688e+00	4.225597363839955101e+00	6.592201784174532619e+00
2.227025301725476325e+01	6.541243719220762642e+00	4.762100695393667316e+00	5.355431843429405703e+00	6.838442333066772960e+00
2.666594259272257261e+01	4.365923928949415611e+00	6.745179132307134395e+00	5.647170111919185942e+00	4.183188463502856003e+00
2.574391606631109752e+01	4.033117582709557780e+00	5.260326730511982518e+00	4.179949224613349834e+00	6.782757404793499312e+00
2.251402233500001415e+01	6.122629311785869000e+00	5.207949706057281247e+00	5.823673226970758066e+00	5.474589196295410964e+00
1.937316933422878407e+01	6.890368961975586792e+00	5.815328961954291387e+00	4.530021617620973551e+00	4.795232323161481958e+00
1.858422188991115220e+01	6.999047371460153322e+00	5.822730702998143215e+00	5.719269015778643883e+00	4.986308758266866370e+00
2.791155765808637312e+01	4.025240812152242498e+00	5.945664578970038860e+00	4.571155787654075375e+00	5.686752012557430902e+00
2.352353719312929314e+01	4.090988937597944464e+00	6.702105167874357505e+00	6.284125279378427464e+00	5.654147231630512138e+00
2.638303372046171447e+01	6.726594805075655437e+00	6.649206104652176208e+00	5.039252106982303303e+00	4.987563815577738424e+00
1.944170207474834910e+01	4.939230954869144874e+00	5.983023775077897177e+00	4.236143928873166153e+00	4.736028840181377930e+00
2.787297948098632006e+01	6.901902980700476142e+00	6.062468885118214246e+00	5.276385155520078030e+00	4.213390141467629135e+00
1.820735787133149941e+01	6.282481143293909831e+00	5.679516110015707220e+00	4.843331860122452426e+00	4.254408701373233015e+00
2.356162267403860255e+01	6.659986133894250315e+00	4.720193844046335130e+00	4.921476461238919242e+00	4.805716099318627421e+00
1.901357261398513643e+01	5.290259409587918071e+00	6.818906537928369538e+00	5.603073439972246383e+00	6.659331069625616273e+00
1.912602651124404929e+01	5.766368999744111434e+00	4.995942801745953510e+00	4.904010000302752026e+00	6.106177785254058854e+00
1.806150751839615154e+01	6.320316921171125202e+00	4.309447984311068680e+00	4.515672016842669834e+00	4.647140134542829593e+00
2.005998194462711126e+01	5.298910446776121219e+00	4.817664050673918119e+00	5.952089929914992972e+00	5.075038567938763734e+00
2.630063229294061244e+01	4.344703845244193730e+00	4.603394149095617394e+00	5.138665125368677700e+00	6.015260919816335594e+00
2.201154102521164901e+01	4.498812362142683874e+00	4.096315667737759902e+00	4.781722413154428253e+00	5.881135999933960967e+00
2.785203600416606307e+01	4.501998429843428795e+00	6.305761452663483979e+00	6.531115411963927642e+00	5.634094255592938083e+00
2.444133892590589952e+01	6.614140227119245097e+00	6.038888023883266953e+00	6.852147676287922096e+00	4.994055023822986605e+00
2.159288523170251395e+01	5.574477504915223314e+00	4.627091864917423081e+00	4.382867906600690588e+00	5.490607538617060968e+00
2.673606587677743818e+01	6.830273192158411888e+00	6.001655762317693821e+00	6.916244085925868923e+00	4.882527339019449464e+00
2.677555194488874690e+01	4.696478475120722251e+00	6.881075789785611185e+00	5.297861941258516616e+00	4.314363725446437314e+00
2.069940388972520040e+01	5.019387860543982782e+00	6.890409311360858879e+00	4.592945420898313813e+00	6.221152839144447277e+00
2.289727115048604134e+01	6.268121615951865344e+00	5.028698671107527218e+00	5.106079931303932895e+00	4.055294991151941808e+00
2.340447660567354760e+01	4.949552529053674377e+00	5.068090091775855122e+00	5.532215555473563029e+00	5.036572519001095927e+00
2.494023757694542098e+01	4.586941093341336817e+00	6.227281873344453267e+00	5.915671718478599850e+00	4.548980026468576909e+00
2.699340456003741551e+01	6.316937308139276119e+00	5.559231268098434597e+00	6.700556018506919287e+00	5.977549815698324664e+00
2.783536189862762456e+01	6.788400193262972948e+00	5.839571958535035634e+00	5.710848467189125977e+00	6.981576584503330629e+00
2.324721987925319056e+01	4.685715191319524742e+00	4.957389860008404092e+00	4.477998117498257713e+00	4.651205461607897718e+00
2.056836518183697038e+01	6.401189293647106204e+00	4.743578956505612787e+00	4.864057222183154394e+00	4.480749446027694205e+00
2.052488332116486092e+01	6.909374746060356287e+00	6.172739189508565261e+00	5.892575475491754311e+00	5.752319925755593921e+00
2.513385946123932868e+01	6.007263984614655605e+00	5.731607608995267000e+00	4.832515433239820801e+00	5.892862944480660836e+00
2.252777583116328231e+01	5.884424033884243066e+00	5.504768457302914975e+00	6.270352467397068530e+00	5.401742164914447919e+00
2.797982466281096237e+01	6.941387580487475617e+00	6.273613993149909085e+00	5.379315388162850375e+00	6.907723633154071230e+00
1.940377528548072661e+01	6.646272276772319465e+00	6.445647026741043284e+00	6.686567606157576726e+00	5.958298388554416292e+00
2.458525713767656384e+01	4.178421080355716910e+00	6.259999058592174315e+00	5.862210118587556806e+00	6.119570943211996905e+00
2.375518855063218027e+01	6.026286005325264483e+00	6.685751856449740238e+00	4.551229582589821909e+00	4.641311403692284898e+00
2.384210513193549730e+01	5.664550901970890173e+00	5.586676880564662717e+00	5.774257061754259013e+00	5.151069690625261543e+00
2.720806387555674632e+01	5.410159742496657209e+00	5.355387697460717966e+00	6.589324546471081234e+00	4.792245022955518685e+00
1.807380345802537391e+01	6.638075831780671621e+00	6.094531719387792812e+00	4.041795558318495907e+00	6.467631471352847328e+00
2.101509329831913320e+01	4.820800072096527167e+00	4.605106227502133720e+00	4.532647329489897459e+00	6.962828837991092534e+00
2.232960964872878762e+01	4.508065634840082936e+00	5.332539245879585721e+00	4.954924047376422003e+00	6.278047872984264366e+00
1.962339636556775702e+01	5.773846628716461815e+00	4.233373795846142151e+00	6.444913491781672832e+00	5.640964662167500698e+00
2.277356709953809499e+01	6.673863537981234551e+00	6.796111049773966961e+00	5.811928791870131228e+00	6.692466821226561002e+00
1.974485646928332372e+01	5.132835271713856784e+00	5.105903270698772367e+00	6.996671886722513278e+00	4.219401009267421898e+00
2.795475885602242627e+01	5.933948671735767455e+00	6.453317307832898919e+00	5.245848076746305821e+00	4.162576565484278568e+00
1.866183262064992476e+01	4.951560858697920509e+00	4.059944135389946140e+00	6.025077882645579308e+00	5.422910199650906371e+00
1.934017313801191307e+01	6.967343382540619245e+00	5.147500993645649281e+00	6.241513325065122686e+00	6.830216863439780184e+00
2.635727060682355827e+01	4.235062633849874913e+00	4.693410427117519212e+00	5.374039098733121911e+00	6.931347202422044163e+00
2.611992542164652065e+01	4.763894624359998886e+00	4.492758873654037366e+00	5.280979438022018968e+00	6.492767806324745372e+00
2.334769802531682004e+01	5.055921558007444361e+00	4.026315945545420938e+00	6.648599070331255412e+00	5.675034845684686857e+00
2.383712020108988483e+01	4.262277421591345039e+00	4.528489642612971267e+00	6.080590137571213027e+00	6.843775434669301383e+00
2.359368001985680152e+01	6.044136853134539855e+00	4.404062150312300083e+00	4.039431247144726456e+00	5.399878233637338099e+00
2.713126445044740009e+01	4.337748575312816435e+00	6.333162969681424670e+00	6.357872724853708135e+00	4.124221261963519680e+00
2.496790912305903376e+01	5.696645406203405315e+00	4.845685075839480049e+00	5.549620230016076405e+00	4.380760343180273964e+00
2.156494218073543223e+01	6.506012502457561020e+00	4.728578081224110718e+00	5.343266457262296321e+00	4.997889654592567510e+00
1.830310141842196003e+01	5.811761991316249265e+00	5.319972937196192575e+00	6.802511323563828149e+00	5.356436651619188360e+00
2.179113542783669288e+01	5.195212071261630982e+00	4.942638779954005912e+00	4.632043183537978059e+00	4.706921275167203156e+00
2.773915041912740165e+01	4.066243130409261219e+00	4.904796365095352328e+00	6.135215031960624898e+00	5.232543084909248243e+00
1.991486986745476528e+01	6.594382225278398124e+00	5.410117618653147886e+00	5.904222205615504038e+00	5.856177841303767728e+00
2.353164107442063013e+01	6.775370535789785542e+00	5.654365768201254916e+00	4.382235005422455032e+00	6.179527796512142679e+00
2.685445548185304432e+01	5.918832126927510373e+00	6.034592801948774010e+00	6.141904733932264548e+00	6.362134018300435123e+00
2.316044506952307458e+01	4.402444184552418704e+00	4.665710913925726011e+00	4.596507462925289111e+00	5.914764778243869259e+00
2.138361715497099169e+01	6.073181154355680178e+00	5.257156119790060700e+00	6.377259658532405950e+00	4.293559258765047737e+00
2.017628135006195222e+01	4.032213755972451352e+00	5.733775306316595710e+00	5.113005681459136476e+00	4.011534575718147977e+00
1.946410588392480534e+01	5.194248606507938071e+00	4.259120676827319762e+00	4.919217834265974254e+00	5.618411583569691281e+00
2.555780333143072625e+01	5.217617015306456274e+00	5.646770988848505368e+00	4.676914810891143581e+00	5.358656908366336680e+00
2.412079617559270517e+01	4.285479346640109100e+00	5.090272358689242438e+00	6.683688955202023330e+00	4.114391698471695946e+00
1.971649610953499376e+01	5.188087931954024512e+00	5.905999787178651594e+00	4.378217686898498329e+00	6.654129198320063665e+00
2.571197559837428415e+01	5.293064001033921606e+00	4.967768945901984701e+00	5.502096447445254945e+00	6.675831907422022482e+00
2.521028397658713160e+01	6.946483175553479050e+00	5.697193770907897914e+00	6.785928599310651066e+00	6.316480984597642845e+00
2.278166649678457745e+01	6.926909799071007789e+00	5.407718857061112772e+00	5.974124053362261932e+00	5.382038622446553511e+00
2.076268917820529580e+01	5.200806393973017805e+00	5.602780887451381808e+00	5.359473149829134364e+00	4.972916181165810023e+00
2.172544843531460756e+01	6.155562215497027090e+00	4.635557051708915743e+00	6.877228549748896747e+00	6.047627954114374482e+00
2.533910526186997103e+01	5.278695570284813954e+00	5.994638141747791416e+00	5.670360137937140443e+00	4.116910869366579462e+00
2.741750421455000719e+01	5.756228791713746240e+00	4.082716289067947812e+00	5.313337392384671176e+00	5.741744696437432793e+00
2.323703400633997163e+01	6.082417209832987837e+00	5.454516649613290191e+00	6.982389909525253735e+00	6.983187117603872451e+00
2.263860577757362336e+01	5.318932717747172134e+00	6.255535165082795501e+00	6.947272765364423286e+00	5.583547959291505158e+00
1.829642448328704418e+01	5.977337044687318190e+00	4.253370627767615098e+00	5.437453554817659018e+00	4.971369146603696443e+00
1.947423988684786522e+01	5.118597721010477386e+00	4.243833407615243303e+00	6.711324693521302898e+00	5.719345031511260835e+00
2.303726468741940181e+01	6.403817216726001682e+00	4.079832213907014449e+00	5.413601279347867390e+00	6.721547120744453707e+00
1.800535654624976090e+01	5.665912912037410543e+00	6.207759821890192597e+00	6.365397251001598811e+00	4.966698050441198831e+00
2.456868512533864646e+01	4.676764180276268945e+00	5.634288860842524116e+00	5.488469805745710417e+00	5.838507228870042809e+00
2.546659505449929384e+01	6.378570734073504944e+00	4.502425260860084322e+00	6.014338302271490022e+00	5.876002939761226784e+00
2.272107517019935941e+01	6.194567015309485392e+00	5.855769491294059215e+00	5.073611332696920329e+00	4.461706766120212109e+00
2.471715114466044128e+01	4.355614996631308244e+00	6.945051275136790991e+00	4.302284113782868680e+00	4.762699551009683674e+00
1.812395976745569826e+01	4.415995469551962316e+00	5.671140910462500351e+00	4.705703189383790175e+00	6.093609722805464202e+00
2.202964072993420785e+01	4.439302432280197941e+00	5.878591459304738365e+00	6.036411093681642193e+00	4.627938373770669855e+00
2.121456917636009365e+01	6.597792330515392045e+00	4.029973291851213446e+00	6.842792087917263899e+00	6.273591964748510996e+00
2.234017225270988405e+01	5.275554194860755608e+00	4.724357662134809566e+00	5.934009506505248055e+00	5.344017376821479814e+00
2.240277045387597710e+01	4.349267785705747791e+00	4.368196584747664701e+00	4.650475839631631025e+00	4.938541094791848884e+00
1.960237047448969605e+01	4.840031606020496646e+00	4.344443518620594524e+00	5.160066468676740570e+00	4.209563201895640816e+00
1.877020339909513780e+01	4.301397834224421679e+00	5.245737048792161517e+00	4.950815930893068817e+00	5.168685853133163199e+00
2.529837793642439436e+01	4.713241992516191026e+00	5.027315815823003575e+00	4.217940981377237719e+00	5.771561585567473784e+00
2.148912353553594912e+01	5.728234153820031871e+00	6.151605845026248964e+00	4.373231991760833992e+00	4.309172511833497587e+00
2.718081247350212593e+01	5.613650644612594220e+00	5.400007720797847632e+00	5.789028037743593202e+00	5.617151181074998334e+00
2.135453076587585386e+01	4.560770098022532082e+00	4.746896079445172667e+00	6.967658338216974556e+00	5.629816484781637875e+00
2.556880111510779230e+01	5.093730320271465217e+00	4.481894919701549185e+00	4.636203062135897390e+00	5.277111214846923026e+00
2.345563033896664606e+01	6.479354468890608842e+00	6.549519839245610875e+00	6.322430271949628811e+00	4.147070062042373273e+00
2.036787469836761488e+01	5.065314983743168575e+00	6.799562639939767728e+00	6.937463793600664452e+00	5.125821210119815952e+00
2.613001612848984223e+01	6.746583562446721416e+00	4.709021663967051907e+00	4.357741481081221835e+00	4.840565679529137633e+00
2.572613878932888554e+01	4.712443404284114123e+00	6.491514648228490003e+00	5.360949650303861169e+00	4.826177582149800749e+00
2.379232358658216739e+01	5.420256109558730273e+00	4.652559357264990147e+00	4.161419785037938190e+00	5.534824737594339794e+00
2.653529569544369338e+01	6.310795055657334451e+00	6.517216312591773253e+00	4.391919303032664423e+00	5.674677294939982630e+00
2.385698858719704418e+01	6.596085415431072185e+00	4.749155905534730771e+00	5.910058811483878571e+00	5.181971417376702860e+00
1.882435037539004696e+01	4.791096028029293130e+00	6.738194025336243342e+00	4.831512407471765691e+00	6.686028140315238844e+00
2.051625974859452484e+01	5.652716379826556725e+00	6.794361000386632377e+00	5.726977267785859027e+00	6.696361172199226885e+00
2.701291048693594021e+01	4.621081049219331049e+00	4.800233954844443929e+00	4.422332362615037482e+00	4.604665896404811498e+00
2.300941110652132338e+01	5.271793903153101368e+00	6.393458771736393764e+00	5.624949725369839726e+00	4.279736374979098201e+00
2.488445799661667834e+01	6.862577484020941476e+00	6.994782456672383297e+00	5.992308196625391048e+00	5.992837596095269781e+00
1.984326842473053887e+01	4.029167974344213476e+00	6.167618275578311327e+00	6.957197773392302942e+00	6.413807716532148540e+00
2.628032257057337517e+01	6.740062717628044986e+00	6.517797425766397978e+00	5.012975779099189566e+00	5.760760317129628660e+00
2.178238881987295628e+01	5.127118758038394120e+00	4.799061734899528808e+00	6.919809577731566463e+00	5.601164465809722159e+00
2.552974148254249087e+01	6.121854359169792481e+00	5.010794482195415789e+00	6.862848691166553827e+00	4.330109078147491353e+00
2.329157640166766896e+01	4.707621148132729694e+00	5.150183289940581943e+00	4.070112725496146666e+00	6.291227511862423682e+00
2.543814506065716685e+01	6.371444334119530595e+00	4.849764600616473409e+00	5.057765837584562441e+00	5.305469554049376590e+00
2.269620917040666441e+01	6.961102060517075252e+00	6.873995961307330482e+00	5.490764900255595826e+00	5.363558546059159049e+00
2.451060067324569403e+01	4.775407381239357818e+00	4.764927173358116441e+00	6.355295895030832476e+00	6.860587035380667942e+00
2.341854873625555555e+01	6.878867121473747126e+00	4.624715867432195537e+00	5.116779583343214810e+00	5.246666248584225478e+00
1.813150855524260407e+01	5.671197723749178188e+00	4.198258644636470471e+00	6.293152138713385746e+00	5.911780024929399247e+00
2.703291800588022298e+01	5.234030874677415568e+00	4.616676636072996942e+00	6.485484406192827400e+00	6.186262744845604900e+00
1.843210771709424023e+01	6.927502680418457182e+00	4.485157408280932678e+00	5.675445489860734938e+00	4.049498292052783555e+00
2.124787635005177933e+01	4.977372960108866096e+00	5.822198130151948092e+00	5.929274861894736404e+00	4.566996972712701108e+00
2.528965801056945750e+01	4.467500609075146123e+00	6.104926291632767565e+00	4.117644092709199732e+00	6.002708948306392678e+00
2.221833361233413839e+01	4.479503379092186321e+00	4.863015582854039565e+00	4.102749768372644823e+00	4.892267133807910007e+00
2.448157527869775052e+01	5.158163720860458490e+00	6.877198042412581813e+00	6.040887150510973136e+00	5.883872598175956981e+00
1.818425421189202495e+01	6.711304794179985045e+00	4.983051303665074983e+00	6.709948109761199930e+00	5.779425781338643375e+00
2.631318809333322406e+01	5.434378353362812497e+00	4.149107987869879111e+00	4.328230178131990513e+00	5.176535125789782477e+00
2.119140734617613120e+01	4.982836577172871095e+00	5.336767948578624576e+00	4.592441972351089419e+00	5.271101024541050784e+00
2.260197966938740066e+01	5.966730870549791454e+00	6.720363425866479723e+00	6.344038579237576414e+00	4.593243015177765010e+00
2.025686345235184405e+01	4.221294890878992234e+00	4.938130682578695030e+00	5.433147975831338350e+00	6.711523469643928763e+00
2.247193074193624440e+01	4.563856067199153266e+00	6.411946227476014393e+00	6.464831003407740972e+00	4.239160798379761452e+00
2.566598724071792503e+01	6.762185758467724739e+00	5.096421446337140004e+00	5.826239310189771814e+00	6.398514995267007954e+00
2.176509092589940053e+01	6.294999813645865139e+00	4.063763016630139724e+00	5.230259419767093299e+00	6.400981875612884231e+00
2.617673096463915527e+01	6.197028705719228370e+00	6.887330514544615312e+00	6.949544207192316136e+00	6.798996088786252834e+00
1.815344455555552017e+01	6.406485627473196942e+00	6.582169044168286298e+00	5.007317630898311833e+00	5.886509712896506485e+00
2.728235701330773111e+01	6.583489193243446280e+00	4.117059147952292442e+00	6.423491605178497821e+00	6.318825891430995156e+00
2.361402441845481093e+01	5.023811386448846505e+00	5.434354955271123444e+00	6.228101737881384103e+00	5.717481556062610437e+00
2.476130576950861339e+01	4.217261878507875039e+00	6.160841957979205752e+00	4.066111436522827915e+00	6.408384867784227445e+00
1.896032243400648198e+01	6.411363853730085438e+00	4.207993021857319604e+00	4.813167589994502116e+00	4.879605696643205981e+00
2.766126497587114130e+01	6.358306511260591876e+00	4.441153460140684572e+00	6.421445198411025679e+00	4.014230568621503181e+00
2.620467032201983315e+01	6.759020403587888914e+00	4.949412632129797096e+00	6.261076612802776609e+00	4.656780703532537480e+00
2.376603602307731933e+01	4.203702239187457224e+00	4.131384444791876831e+00	4.267023016057716056e+00	4.507494141621787520e+00
2.779690865502946195e+01	4.490995928786524871e+00	5.414829982325895408e+00	5.666296018325494011e+00	5.710914785745320188e+00
2.728805904292922691e+01	6.174274519050116261e+00	5.611320723598085536e+00	6.289100990809265213e+00	4.681124062312275846e+00
2.038345477195350597e+01	4.679239257764657545e+00	4.120044967984894058e+00	5.033002960174098206e+00	6.157393706794036525e+00
2.538862857324544464e+01	5.802221979200378854e+00	5.930034810522249344e+00	5.570927466178920540e+00	5.006779655585944511e+00
2.108287948291670943e+01	4.803903925819615672e+00	6.679025876682732843e+00	6.691653834533608070e+00	5.345453564227433674e+00
1.988399458723105440e+01	5.647998402845054500e+00	5.582889185385845110e+00	4.435702867218900280e+00	5.421854844107994786e+00
2.084986118564979307e+01	6.109745714928508598e+00	4.741453924072114745e+00	6.494202379610441334e+00	6.258078046505033853e+00
1.932252827561675801e+01	6.207502049797961163e+00	6.719455998077571657e+00	5.611302860840292617e+00	5.200522562854442477e+00
2.654691907301241827e+01	5.241865657956974900e+00	6.740222197034616336e+00	5.900514934708122716e+00	6.848965083807042831e+00
1.879787403932227008e+01	4.648456216507292460e+00	6.696654923541948357e+00	6.536755679389901097e+00	5.961841317204168433e+00
2.595413255618095150e+01	4.437309352987059974e+00	5.949071640546667261e+00	4.765100028198518523e+00	4.457730913425383967e+00
2.499218149836221414e+01	6.422436644840752606e+00	6.703137359591179845e+00	4.233953652584896865e+00	5.934095413456946133e+00
2.592263949624108577e+01	4.748601899152821382e+00	4.824667028753267140e+00	4.735767119320929197e+00	5.226077433408193862e+00
2.071049082326478086e+01	6.511693096941299608e+00	6.716610414932826956e+00	5.639732123873021585e+00	5.953746058586035339e+00
2.568032723583964838e+01	6.591666170895249977e+00	5.443860725787024180e+00	5.593552846543711432e+00	4.175502278203894413e+00
2.776630325857589199e+01	4.866586405175260310e+00	6.396752359032605639e+00	6.963755050442780536e+00	6.238186723814276746e+00
2.725893119798060482e+01	5.843490288908394170e+00	6.557697101840841647e+00	4.910157600164879454e+00	4.044267198520715034e+00
2.771448034078562728e+01	6.816401902537736923e+00	4.987054738455163339e+00	5.198176354464707494e+00	4.416159296665068013e+00
1.916063199189130017e+01	4.912750486503229652e+00	6.269470629602400535e+00	5.697242828210747234e+00	4.127291093985991033e+00
2.413543999185400324e+01	5.951339632705488825e+00	6.463191878000928092e+00	5.080675108088194669e+00	4.026318023519132261e+00
2.264289374514416764e+01	5.582277632210043805e+00	5.458132678093721601e+00	4.224716590215075840e+00	5.726037133025907444e+00
1.840400535191060172e+01	5.584691629770321519e+00	6.198783779032463137e+00	5.606644027254357177e+00	4.940715538303222409e+00
2.287730848279353779e+01	6.964368337971924561e+00	5.914647533234401955e+00	4.615131329241968672e+00	6.265267014925630207e+00
1.823611001972481915e+01	4.174809511217797642e+00	6.786417134348025293e+00	6.166233184020716074e+00	6.818066389517809966e+00
2.416384819396773409e+01	5.993318119291694224e+00	5.525492131197439427e+00	6.715235962706020523e+00	5.517514166611664272e+00
1.961651261116633194e+01	4.811393400508185536e+00	6.116972891994991279e+00	4.689191036656153777e+00	4.934653391839148640e+00
2.022375184775442492e+01	4.446341702168768784e+00	5.073515685741366354e+00	4.450698770468044962e+00	6.351972440468400372e+00
2.321677593620939817e+01	4.084994107330646607e+00	5.188065016805971652e+00	6.595432490289552696e+00	4.477291433417608602e+00
2.383330807817142372e+01	4.694695137691208053e+00	4.032446517304819622e+00	5.906501204002007732e+00	6.668020467851082600e+00
2.139718292731874172e+01	5.350522777662900076e+00	6.192609343062549065e+00	4.146189079278116196e+00	4.664324409694661888e+00
2.621945231916591723e+01	6.250901165197582543e+00	5.348988829812576284e+00	6.826385480113602355e+00	6.900871613247994141e+00
2.422538783739606316e+01	4.063349184326861874e+00	5.399692559186395791e+00	4.137617412612839551e+00	6.732091122265999594e+00
2.168177545574924636e+01	4.925423795076366851e+00	5.909462745103823522e+00	4.397675701726907249e+00	4.161838161304062034e+00
2.484708938052012428e+01	4.373505431532418442e+00	5.511889116460096716e+00	4.189875087127432174e+00	5.613043290274697839e+00
2.648795253731240606e+01	6.313478494107629402e+00	4.910449311051936938e+00	6.697497435841480495e+00	4.494259045425510912e+00
2.349911563615162535e+01	5.302080309912855505e+00	4.348878950418459510e+00	5.459082732332397825e+00	4.745346235695913961e+00
2.624098812857092611e+01	6.490137549993719723e+00	6.624254799647944836e+00	6.527718198263825045e+00	6.557741633305623097e+00
2.171177106539733614e+01	5.989325985555886689e+00	6.997498804574964204e+00	4.745429981343951553e+00	5.844230577812795424e+00
1.855463825139844403e+01	5.935137648249525277e+00	4.267560049466543326e+00	6.791296087335034315e+00	6.001141476344186820e+00
2.104774543075643933e+01	6.412731321533598816e+00	4.394727757671257784e+00	6.590888753396328070e+00	5.297638589025167377e+00
2.679642593329845823e+01	6.861409272860389486e+00	4.460814964858474951e+00	6.023719032150650854e+00	5.214403838641334943e+00
1.887810856553493011e+01	6.393224423752864816e+00	6.543093737513729025e+00	6.128824087231068418e+00	4.194210613565918955e+00
1.857798731214350241e+01	5.576586700114359196e+00	4.127309257554852451e+00	5.753245640783258175e+00	5.971131283775633847e+00
2.005620780094417555e+01	4.745452854846524460e+00	6.867546059634251243e+00	5.054382304765983491e+00	4.578189275465961217e+00
2.095815779430566650e+01	6.449726136309624991e+00	4.428647849059858643e+00	4.611109909609880653e+00	6.959933996348778962e+00
2.131442188475453392e+01	6.561239824472163917e+00	4.495331613544602867e+00	4.296575973628621092e+00	5.692094833812331167e+00
1.919440200197533741e+01	4.923280445254158977e+00	6.584357679382604189e+00	5.518779296658183675e+00	6.791526868181334109e+00
2.108358272854172100e+01	5.423413215156458023e+00	6.240144009579477569e+00	5.713436948589683873e+00	4.210421305677931159e+00
2.209563106420350564e+01	6.611963792132454110e+00	6.940966243375700451e+00	6.688650222921849853e+00	6.625303789661434628e+00
2.511149705204320171e+01	5.914990621014243111e+00	4.274830504983745172e+00	5.899861414037449237e+00	6.514549029087016940e+00
1.867810922553326591e+01	4.741327620425001221e+00	4.431086207403081900e+00	5.587903832694452788e+00	4.262550549465356831e+00
2.220634912722364618e+01	5.466958420906241400e+00	6.922332025206959116e+00	5.229595689758626875e+00	6.742741075466865297e+00
2.518825139820035375e+01	6.983216177523770440e+00	6.640731762387124704e+00	5.524292529631197546e+00	5.144556849343500993e+00
2.477453228335808788e+01	4.646391594349383425e+00	5.651429648872434264e+00	4.310609371217696051e+00	5.128186308913231350e+00
2.544487783800173375e+01	6.305330080382771207e+00	6.399253584151159302e+00	4.151438424526192605e+00	5.743751546548268472e+00
1.844446192794015005e+01	6.397025285725128185e+00	6.644058559443433154e+00	6.525604385279278219e+00	5.187706196635385680e+00
2.267063999708268440e+01	4.783681326517015719e+00	4.809679251491257190e+00	5.563790961282919056e+00	5.159643249843026247e+00
2.244929091721267866e+01	4.829161805011591646e+00	4.000375719856585022e+00	6.244402787486435180e+00	4.016930591157549024e+00
1.863730995888218089e+01	5.705710730314380363e+00	4.336931395157996860e+00	6.606572552936918363e+00	5.523435964218331939e+00
2.152490769244595725e+01	4.266198438243052671e+00	4.195388949330193462e+00	6.369056896054127392e+00	4.954936707117941097e+00
2.228349294250238799e+01	6.977218313977071595e+00	4.314921148221197988e+00	5.850230218207592259e+00	5.860141234136775346e+00
2.276222495545617619e+01	6.031082061126538996e+00	5.981535263894757648e+00	5.368441690482229411e+00	6.383528918365571236e+00
2.184441945630324966e+01	5.595957442234640311e+00	4.219301907084615166e+00	4.417891139753630014e+00	5.287104599852177067e+00
2.646416468939596811e+01	5.718683245805150861e+00	5.404740491448609241e+00	6.431099640973976683e+00	6.457280260787390702e+00
2.449548101129858679e+01	6.819185489991189009e+00	6.008377401509308768e+00	4.569221533459409734e+00	6.712624961999158479e+00
2.652952682268254136e+01	5.954753580535448343e+00	5.156536381672472302e+00	6.479802701060132009e+00	4.030976185374576914e+00
2.310278025979436833e+01	4.886009508536982793e+00	4.098872997323809386e+00	6.723208875325410894e+00	5.149395239548390180e+00
2.442067094261967242e+01	4.598226243551343018e+00	4.340035278155039755e+00	4.638505913643874656e+00	4.395339317651187905e+00
2.068505096155485035e+01	4.761386933267610644e+00	4.932867335491677885e+00	5.067217224073689685e+00	4.102989161476110702e+00
2.013306692423165600e+01	6.129461159935323700e+00	4.535298080943261034e+00	5.375662611655116052e+00	6.443040486104797182e+00
2.598749437432027065e+01	5.659140273029787060e+00	5.560769717376030208e+00	6.170172615035495411e+00	6.323284961604452192e+00
2.055369120970363639e+01	6.217651495322709110e+00	6.003438606286282564e+00	6.258277138896753300e+00	5.763868914637628293e+00
2.145665478827342199e+01	6.619836501900477010e+00	5.115678785640008108e+00	5.007814200309542940e+00	6.603618883885742363e+00
2.035954440507741836e+01	4.312486764156401975e+00	4.264953444538424954e+00	6.445398601386440163e+00	6.945208895276181238e+00
2.182794177384781165e+01	6.991664573047696507e+00	4.248028034716633705e+00	5.937207783441997400e+00	5.974078607489314408e+00
2.762011488071761889e+01	6.624718429825122712e+00	4.157014860284651725e+00	4.060880756956454007e+00	5.012057785830329237e+00
2.337434740997493776e+01	5.469055883735149060e+00	5.050476017820602515e+00	6.370490865830169547e+00	6.040840030042990527e+00
1.954493366393281661e+01	5.698043236321669092e+00	4.534407351527600660e+00	5.807759832126692778e+00	6.420841773725961765e+00
1.815941933659371443e+01	5.972209086897655617e+00	6.383860854876804325e+00	5.693171069178739607e+00	6.204209206625924899e+00
1.929062999501297426e+01	6.677123239549978884e+00	4.981672051729667317e+00	5.995322219288793164e+00	5.683030277638287053e+00
1.907741139027469401e+01	6.974777727764849722e+00	5.835394698120931700e+00	5.476871261494581589e+00	5.394561401977837178e+00
2.092135881534861142e+01	6.334496114926286836e+00	6.141360839530284110e+00	4.154926587110057135e+00	6.623769904664425390e+00
2.191028159166643263e+01	4.324787829979645615e+00	4.813529497975540750e+00	4.758106200759322668e+00	4.969191991670279585e+00
1.841873155734342404e+01	5.498861484891340190e+00	6.817495035905017708e+00	4.957430287264311453e+00	6.036426685947656523e+00
2.650565199098165436e+01	6.500136030394899400e+00	4.271108089067301883e+00	4.056042862027054774e+00	6.090209670930146757e+00
1.956197795960985886e+01	5.346699380469809526e+00	4.675999960630075059e+00	5.221089294206498366e+00	6.573096963843922502e+00
2.018354674469512489e+01	5.828502369077438239e+00	4.049958420989576702e+00	5.294999731310118030e+00	5.445133467333544530e+00
2.312038701833517607e+01	4.672904457681065438e+00	5.568670339074843767e+00	4.312954293558839858e+00	4.285137101064116827e+00
2.610572822199279841e+01	5.040106367233096130e+00	6.381166301416263842e+00	4.453068276731969810e+00	6.575947868687591402e+00
1.864338730804718836e+01	6.844551817466843602e+00	4.190142724351661130e+00	4.046064422653290471e+00	4.943470239794351073e+00
2.342564070693883593e+01	5.768345935163411653e+00	4.668351226308090851e+00	4.364550324645113832e+00	6.101102316523746794e+00
2.000557988873854853e+01	5.805309667977329724e+00	6.802290912600750694e+00	6.159624125410332773e+00	4.391582837578547505e+00
2.395221040448011962e+01	5.891816564101480580e+00	4.137161109896341671e+00	5.381947300279954938e+00	4.438596779823188676e+00
1.907325528503792356e+01	6.682187471610974150e+00	4.280460617208033725e+00	4.207277708095088720e+00	4.931380152772972814e+00
2.055994961984737657e+01	4.793911351819814648e+00	5.844913812299641798e+00	6.745657273577336355e+00	4.514827338699768156e+00
2.632337896334410487e+01	4.456706282102574690e+00	6.309526411368248766e+00	5.829961366534315736e+00	5.324968850326988523e+00
2.203509471757844906e+01	4.967743633968523476e+00	6.578027268993441368e+00	6.718469583339659934e+00	4.040988301374073721e+00
1.969881585334121610e+01	4.013588803147460915e+00	5.901117492178336477e+00	5.684868899564560429e+00	6.868538304157199903e+00
2.049594312011187824e+01	6.548164368844619609e+00	6.284782480008777483e+00	5.180646515855678480e+00	6.058075791650423092e+00
2.604056926234893155e+01	6.494099032944394168e+00	6.483449479758574441e+00	5.958783606866139948e+00	4.310480425261139281e+00
2.479537283162180117e+01	6.850551846512134446e+00	5.599233271345426921e+00	6.765834136315846514e+00	6.046337781273380507e+00
2.285758251566615229e+01	5.390757927980103226e+00	4.567049729254071266e+00	4.325602372437629128e+00	4.770771903044293438e+00
2.524065379757540484e+01	6.003475481915024226e+00	6.586541592481280460e+00	6.579960360475283210e+00	4.061519163706336144e+00
2.300634227281325650e+01	5.224538570790046244e+00	6.344771774294792444e+00	6.680790688046413628e+00	6.007286720970276050e+00
2.432933122185508523e+01	4.238637507770167012e+00	6.971133087086800018e+00	6.753454407578932894e+00	5.027103045076746213e+00
2.106707476514422339e+01	5.813130604251407263e+00	5.415857907495429835e+00	4.793012848758698929e+00	6.070916611012733277e+00
1.927338316834864429e+01	5.088777537018714270e+00	6.157470422765949358e+00	4.085218435277932159e+00	6.708541911991988016e+00
2.466318619280791324e+01	6.383445483580904245e+00	5.136253367443694984e+00	4.168035337394563555e+00	6.715184262036124174e+00
2.052781332019663552e+01	4.630273135129846729e+00	4.235660173604558487e+00	6.274396805570639835e+00	5.835204846681912194e+00
2.561094389406716942e+01	6.877399475900889847e+00	5.143413365749688104e+00	4.367001228805015067e+00	4.725026166817603013e+00
2.777532272575016137e+01	6.738046723670636062e+00	5.275573335240649975e+00	4.248748025584344390e+00	5.073029626430434647e+00
2.494403879890371911e+01	5.522962376660308870e+00	4.923568991018409058e+00	6.762232574094615423e+00	6.648433398332913136e+00
2.257553691081934488e+01	4.076507635122216477e+00	5.193994588862120843e+00	5.968571571687602884e+00	5.931563911030427683e+00
1.891959804480502783e+01	5.418243682937790240e+00	4.016588539645076672e+00	4.727743752642437514e+00	4.373434918526106330e+00
2.465315381587318200e+01	4.281271591360815698e+00	6.222993877506112881e+00	6.299636332293640173e+00	6.926721379550996538e+00
2.291622562550710640e+01	6.021679586648964744e+00	4.472000846178484146e+00	6.840657143375784344e+00	6.508102831714480452e+00
1.893663598473496279e+01	5.110882200727487223e+00	4.092387300220988067e+00	6.012220896432459938e+00	4.151285055491380049e+00
