2.135096989439965398e+01	4.283052297240109496e+00	5.348498367350452476e+00	5.439368748821967081e+00	4.301460153664086405e+00
1.867359765616316736e+01	6.891183668281842145e+00	6.182422475553454255e+00	5.646529061243704462e+00	4.965402200323232762e+00
1.815970966832456313e+01	4.884146562353919307e+00	6.138310609146176766e+00	6.459104060844107487e+00	4.195755073359644705e+00
2.570581274782118086e+01	5.472716145841304503e+00	4.702667765449953130e+00	5.484165361318097176e+00	5.435219778621931397e+00
1.853903150708277892e+01	4.055222509290736355e+00	5.242605954300697313e+00	4.577237069233502709e+00	6.358846274157961886e+00
1.884230848482348364e+01	5.374624820931431124e+00	4.519401889097942160e+00	5.123716764806393265e+00	5.038699890814482885e+00
2.772719446133150001e+01	6.939669507387901781e+00	6.125920374064543594e+00	4.757803695353436169e+00	6.621184552877664942e+00
2.258730472738109540e+01	4.886199000945580906e+00	6.589672950259599205e+00	5.529776079378995846e+00	6.000157796369947505e+00
1.868515288535824936e+01	5.459804312227998224e+00	6.452991674515795140e+00	6.664749062723485551e+00	5.376090071489744382e+00
2.038005898615787714e+01	6.811452271652546742e+00	6.681099938586209319e+00	5.471118824521425950e+00	6.568937566239983816e+00
2.384729026101698679e+01	5.820696846277570558e+00	6.699502463176969513e+00	6.128495140802603380e+00	5.124063309760017226e+00
1.903426933949503308e+01	6.787182404341471909e+00	4.290361298563953873e+00	4.680289009487158758e+00	4.622015425854712589e+00
2.623553162074266254e+01	4.619691203402535251e+00	4.500609747621875378e+00	4.911285054524014981e+00	5.714869988538893608e+00
1.955869540711375620e+01	5.468219224561288172e+00	6.068110733355323028e+00	6.126475325928558924e+00	4.672945152408811254e+00
2.331375343557485635e+01	6.661511493845956089e+00	6.869660566960277492e+00	4.377035987627610147e+00	5.077526633256424837e+00
1.906957200353352988e+01	6.366432373439115722e+00	6.323903178599691088e+00	5.419709493285849611e+00	6.705055500002336188e+00
2.497977901613139906e+01	6.981975717704193229e+00	4.926744594248609665e+00	4.177925018510583399e+00	4.469858599292098056e+00
2.290434270899285352e+01	6.713600899020915058e+00	4.490202546864793476e+00	6.350001948664481866e+00	6.572663778285484426e+00
2.483037941822015782e+01	5.680756905079968888e+00	6.631110565215537100e+00	6.033575862173478299e+00	6.016033906917074070e+00
1.909532438511862296e+01	6.525990148309686489e+00	4.900479145474899489e+00	4.175997883964385871e+00	4.994277767799254697e+00
1.941881480558043194e+01	5.895173546920841723e+00	4.095476533307463640e+00	6.934452819735089868e+00	6.609042378406725149e+00
1.807262389480435871e+01	6.781135526779030975e+00	4.729806480858101736e+00	5.191645987787373073e+00	6.179406709949714305e+00
2.467422915955434704e+01	4.219212032113357935e+00	5.698756512562417775e+00	4.555255574080232073e+00	6.945827395811705607e+00
1.845895069425811030e+01	4.892736074840246197e+00	4.934507074585145148e+00	6.636671708099283862e+00	4.356107191065795803e+00
2.564802465734172188e+01	6.016318166300226089e+00	6.368956626722386716e+00	5.719941542868578033e+00	5.667127005069696466e+00
2.725450585032788808e+01	5.645193685595383926e+00	6.206379690376011560e+00	5.748509146971980677e+00	6.767882384736942925e+00
2.194551845417340274e+01	4.916560176644716229e+00	4.974481032336801611e+00	4.339849070347471915e+00	6.535784190384814174e+00
2.306777159330346905e+01	6.669920414089851590e+00	5.690137470573528589e+00	4.607358952966873922e+00	6.093738650884108488e+00
2.213731814099215356e+01	4.504139218796213484e+00	4.655713141952916523e+00	5.023629297043853192e+00	4.228557491555667625e+00
1.852520931719752184e+01	6.257915011188961429e+00	4.105396328044882637e+00	6.214752819645132043e+00	4.654324299330109938e+00
2.005315108358021803e+01	5.215705441600621661e+00	4.348275314615237974e+00	6.191321390714281669e+00	6.810365497706571958e+00
1.998297815424270141e+01	5.550966189833633102e+00	6.533114579130963939e+00	5.724592662406946530e+00	6.196116260266582465e+00
2.259226714905827649e+01	6.004262421442708053e+00	4.777658857881394994e+00	5.878701051504761743e+00	5.244038258091583415e+00
2.548243413542580882e+01	5.934039901472702105e+00	4.443442305589985430e+00	6.769347078450660860e+00	4.541326791707724020e+00
2.141741973656601061e+01	4.330300637062804547e+00	6.850186330573040827e+00	4.119053227268710593e+00	4.099904066752032783e+00
1.964446730680031195e+01	5.588571669935287645e+00	5.986515616015872787e+00	4.549724610365598387e+00	5.655622616548625636e+00
2.260361410949927574e+01	4.853583915878838084e+00	5.723274624852904502e+00	5.460294051225873524e+00	6.346490722644455573e+00
2.622390874260369742e+01	5.729114631281563064e+00	5.112816949804570577e+00	5.688603045616261511e+00	5.317398152020042623e+00
2.590509091906027805e+01	4.732688236383377323e+00	6.360559354849621982e+00	6.938155853806291518e+00	4.912703292651840137e+00
2.769866921382232761e+01	4.892270431664022645e+00	4.136568983862266791e+00	6.645894355160579359e+00	4.237813393364441517e+00
2.287998301080689600e+01	5.448268752234013412e+00	4.786540213917505504e+00	5.219457330862163680e+00	6.630157862597317653e+00
1.887320714306747149e+01	5.567420850296069368e+00	5.658177114817672049e+00	4.334114894419282216e+00	5.360058243040497494e+00
2.687693799630364211e+01	6.737689965497936306e+00	4.885757447891818650e+00	5.410296885161216096e+00	6.743080358556098552e+00
2.603441129873635873e+01	5.620239172465376853e+00	4.399495072135205298e+00	6.756172196274675024e+00	6.991459467453936760e+00
2.504291864698122438e+01	4.447477239126536475e+00	4.366658855300697084e+00	4.187944630047786276e+00	4.234009243489437857e+00
2.635102412069866418e+01	6.522081517027137565e+00	5.672355963137837520e+00	5.012093470066028011e+00	5.854190765115510509e+00
2.382130541257862433e+01	6.472599747351059030e+00	6.766143766909407553e+00	5.001302948172686058e+00	4.704530306935359008e+00
2.156890483450320417e+01	6.139881410110286097e+00	5.769074525658219876e+00	5.655024576641594969e+00	6.098274476203410011e+00
2.092889981457919646e+01	5.683689451047928110e+00	6.510110700462663935e+00	5.151713179741166826e+00	5.756566847628658223e+00
1.856419509929200728e+01	5.472203420054273515e+00	5.295171461956129200e+00	4.049623036946683463e+00	6.439039465522594874e+00
1.855134714673394569e+01	6.429359103422624955e+00	5.885462686716925518e+00	4.620336570611839555e+00	5.206762343631818446e+00
2.790852213618076760e+01	4.035991180671437917e+00	4.782385284303409811e+00	6.668033827903766309e+00	5.306739860194114478e+00
1.969424481750513678e+01	6.495108076829595234e+00	5.406397374074134454e+00	4.327743589696848581e+00	6.868614259076643691e+00
2.302240046813713192e+01	5.517598374278255946e+00	6.965481463848240296e+00	4.462409058773842752e+00	5.351082439679941238e+00
1.807878984403181732e+01	5.451645140720411398e+00	5.304844185374274268e+00	4.532719910826567222e+00	6.055283221751454725e+00
2.169321615942881465e+01	4.952341213829619448e+00	6.100533428082536958e+00	4.924411247724073348e+00	5.100373187515821805e+00
2.242667847057466446e+01	6.425653413749740750e+00	4.408346955527368216e+00	6.471229145348527112e+00	6.268864663472506038e+00
2.356292640494316970e+01	5.608035697557372856e+00	4.905538027547358126e+00	6.337328943720660135e+00	6.150066154903631066e+00
2.104011224390107770e+01	5.310366074993824625e+00	6.787185828358809125e+00	4.326335272712960034e+00	4.713636422893391575e+00
2.089763888482124443e+01	6.283343998932271468e+00	5.519580493867243476e+00	4.530094313183004040e+00	4.963188555394915547e+00
1.965719200290942581e+01	6.417116090538337758e+00	5.853730625151385425e+00	6.314289573678442125e+00	4.867076627271725187e+00
2.395909550370692997e+01	4.792970165831468066e+00	5.380556643174233322e+00	5.968183431447694254e+00	6.989344167491890580e+00
2.140525481519841478e+01	6.178074552228402183e+00	6.849704718413577531e+00	4.826267730407177048e+00	5.689732619053284424e+00
1.901071137318275106e+01	4.361645123228806931e+00	6.043535560679609731e+00	5.545265862382410482e+00	5.733692672533008405e+00
2.095662877081515418e+01	4.221172763783921589e+00	4.222453336525894940e+00	6.457198180416294342e+00	4.079159884154120341e+00
2.065195805301943111e+01	4.509004726512997330e+00	5.054625967303230993e+00	4.204726995945709866e+00	6.183061934229623802e+00
2.523653476456682654e+01	5.870676418923739703e+00	4.764329445781473993e+00	5.273518687385883474e+00	4.599002115349296815e+00
1.953465546311664625e+01	6.566607263213559698e+00	5.575447161432932397e+00	5.342735933960404360e+00	6.828930779863169320e+00
2.070356019368265876e+01	5.229514085042820781e+00	6.530434974065062015e+00	6.614852617709653160e+00	6.249052281847498058e+00
2.335234628833669390e+01	4.496484885579793200e+00	5.356886083553593636e+00	5.082799300594656344e+00	5.890715904737263919e+00
1.888706827685251710e+01	6.086629174179631896e+00	5.631489271929739360e+00	4.538572464835930020e+00	5.670620403720272762e+00
2.415875951514469833e+01	4.436323960444183534e+00	4.377418575607522122e+00	4.219847027593515598e+00	6.838734005140994832e+00
2.708407727742344662e+01	4.258066256221799684e+00	5.235333872855481907e+00	4.565339410989611935e+00	5.011294694353855661e+00
1.975698768270478922e+01	6.296882796972551155e+00	6.204525192123000465e+00	6.549340482526837981e+00	5.188311445721171644e+00
2.201203591486552824e+01	5.338702625925320966e+00	4.855770876390723245e+00	4.350998908260472753e+00	5.059142351378609348e+00
2.559182805622679879e+01	6.694809611754253709e+00	4.858490221948351007e+00	6.021517619965179868e+00	4.839194177648445283e+00
2.409602536835257425e+01	6.945492941673737874e+00	5.530828410625601599e+00	6.495614111561729409e+00	4.000028158446614412e+00
2.517404463989141661e+01	4.005933550161953960e+00	4.338966396110351731e+00	4.646071217541607901e+00	6.432337616647795464e+00
2.728980785422027466e+01	4.569401418564041251e+00	6.994583204231276774e+00	6.931834149454057403e+00	5.801236430027467250e+00
2.503386954023597255e+01	5.251942130993417557e+00	4.215509396414138799e+00	5.559962688963577371e+00	4.288708184562971759e+00
2.600522963521620667e+01	4.305199609274103167e+00	5.167532808703723113e+00	4.872166883074179999e+00	6.244306141823209977e+00
2.601788708865433364e+01	4.682303779005887456e+00	6.602228069092415552e+00	6.330303481647328923e+00	6.993531309994879486e+00
2.123728960395413878e+01	6.839806863989962515e+00	4.525638161743669841e+00	4.297354045680728873e+00	4.481422059724574858e+00
1.876521661113315176e+01	4.141317208945553219e+00	4.439594748208747887e+00	6.924587434122490670e+00	4.226702248397240069e+00
2.147808178122619793e+01	4.622298379738530194e+00	5.721377921672789135e+00	6.959859354770220996e+00	5.545870700279762033e+00
1.980510362691554249e+01	5.628122439464768867e+00	4.531333255633685830e+00	6.067654429730502841e+00	5.502249197685804560e+00
2.121440953215340031e+01	6.507937239838369692e+00	6.708260310794721626e+00	6.661395260886191494e+00	6.480680318483241109e+00
2.114879904807311917e+01	5.796306916485474581e+00	6.872362217086257274e+00	4.755228669895536164e+00	5.831468575508638175e+00
2.268222899722197994e+01	4.938792611103155039e+00	4.592951986754306937e+00	4.442666748574776392e+00	4.636779195326074188e+00
2.596741032573541474e+01	5.133903406180856166e+00	5.166197310327744319e+00	6.229897918557760761e+00	5.809303687619188139e+00
2.400991725424091427e+01	6.238934842114661095e+00	6.269655162597739029e+00	5.752540099392533079e+00	4.483711513951341487e+00
2.006207725461928604e+01	4.535024074790937831e+00	5.831148189753663225e+00	4.947895836297044880e+00	5.281781203043268924e+00
1.829874521057617542e+01	5.020467908380469524e+00	4.678454304167312117e+00	6.119827609591214745e+00	5.183492781105690561e+00
2.597971688725581174e+01	6.772870237867554266e+00	6.112416316368324054e+00	5.625212701967706508e+00	4.938043032822747591e+00
2.507345519286751667e+01	5.536037360810285968e+00	5.738922974069714300e+00	5.658883890980076714e+00	5.788143283290420271e+00
2.444304153964315418e+01	4.672413407506159189e+00	5.476363951259993534e+00	6.838113387738334659e+00	6.942332796514923743e+00
2.028537502992448083e+01	4.112408902813492695e+00	4.576400769284647119e+00	6.063348219243729353e+00	4.894863797218650170e+00
2.754210180901655747e+01	5.714123074407617686e+00	4.671989860138632267e+00	4.507035507170214395e+00	4.552738643244517824e+00
2.081637186951439134e+01	6.633393374391113539e+00	6.472746825012029248e+00	4.786834859863780878e+00	6.541924213307427571e+00
2.389815091055110940e+01	5.846532618625229993e+00	5.950625969673503768e+00	5.442225498342536660e+00	5.202973095734074960e+00
2.555386128125232759e+01	6.492536346325961105e+00	6.632637739244491293e+00	6.780949219402592654e+00	5.914420818287701387e+00
2.375852036256286581e+01	4.459784132468793239e+00	6.736796077352211753e+00	6.246892740604685912e+00	6.876337930253324515e+00
1.937035370272516488e+01	4.696465841892576876e+00	6.092199113521662213e+00	6.425944650733516283e+00	4.461325496667805091e+00
2.157853740837813916e+01	4.025053654771270750e+00	4.489336844463498011e+00	4.507872530560604218e+00	5.628598959923275302e+00
2.201759846260275921e+01	5.575091592196398160e+00	4.809046775021512232e+00	4.266090639327715373e+00	5.946400409988581437e+00
2.437331396484475832e+01	5.960405246500964260e+00	5.082663872263409210e+00	6.761715090387325766e+00	4.385649355142558825e+00
1.952094933731572368e+01	5.636685292874098252e+00	4.453190960323855307e+00	6.724690318435490255e+00	4.528230141497241235e+00
2.332661667993930621e+01	6.215364472569078202e+00	5.660606395761562659e+00	6.591709104574939637e+00	4.960249540877032182e+00
2.714766579403994839e+01	6.017884905481316160e+00	6.452109187033491899e+00	4.529019820991835310e+00	6.126549481384793161e+00
2.105254324036269153e+01	6.729842129457021649e+00	6.318626932350717595e+00	5.973785346428869936e+00	4.683260452974642440e+00
2.228852692969237381e+01	6.422464488581667297e+00	6.264760779046540051e+00	4.088978880677359484e+00	5.370828705791455882e+00
2.658678682815651584e+01	5.355367958908753501e+00	6.626525104153582646e+00	4.103351561544917203e+00	6.960214234513544262e+00
1.889805781091159176e+01	5.181229018563108468e+00	4.870269333067628992e+00	4.379062225415530918e+00	6.148537887227483623e+00
2.061146735600807745e+01	5.921184393971532067e+00	6.783582894195733459e+00	5.760776819618571132e+00	6.052371291408102039e+00
2.714117103252983654e+01	6.065965891225536311e+00	4.965397855949801986e+00	4.472320277565837721e+00	4.230615030823852152e+00
2.042237869090509506e+01	5.502402230943592265e+00	4.788586520168395921e+00	5.053456968954546547e+00	5.551645333616825440e+00
2.574879139191966715e+01	6.248134578655202276e+00	4.716233701164734171e+00	4.738359400995397763e+00	4.685963767367773869e+00
2.479637173521641458e+01	4.755191385842301166e+00	4.843378784234079859e+00	6.954966900447584699e+00	6.069359594368177291e+00
2.197012322407070428e+01	6.333396803092622207e+00	5.880925669116463972e+00	5.639418879462197332e+00	6.223965201747109433e+00
1.872417933763155418e+01	5.957654173832017008e+00	5.622939041998368026e+00	6.067073317468226534e+00	5.823460460405399886e+00
2.663815072856910859e+01	4.481449975458273727e+00	5.802101507271766323e+00	5.105629017682483450e+00	4.638387789903898550e+00
2.645336374759504849e+01	6.829142226847188191e+00	6.969420207882666141e+00	6.525667171060534066e+00	4.424039489893913490e+00
1.911697250803328529e+01	6.749704937039059160e+00	4.617684647556384192e+00	4.485148936450331192e+00	4.280031556818014060e+00
1.843321884788851506e+01	4.004206733848188371e+00	6.105439488583622065e+00	4.159240854259172337e+00	6.764754926094997955e+00
2.719868724967422224e+01	5.065879491601173790e+00	5.555226436451904171e+00	5.403301843317618314e+00	6.517489045293131333e+00
2.111389193442437673e+01	6.143003668825969044e+00	4.272595251052883292e+00	4.483854172599773591e+00	5.707579362359489927e+00
2.265138168619148473e+01	6.628071661702824358e+00	6.920676504206932478e+00	4.419257775291055346e+00	5.832798036329710278e+00
1.816849403861816015e+01	4.528871722340116257e+00	5.383852022446447450e+00	5.569090962888995300e+00	5.210094040473252974e+00
2.388561784044236447e+01	4.318464428767504693e+00	4.344409909261871761e+00	4.805621490989214983e+00	5.131623674443734906e+00
2.637944248568057048e+01	5.277392584567562217e+00	4.206095274895658598e+00	4.361309450095804507e+00	5.589142027170410643e+00
1.873800688609325249e+01	4.563569683616219841e+00	5.568462051276164892e+00	6.705842252266023706e+00	4.072907553321075902e+00
2.111989114578263127e+01	6.657455663712704919e+00	6.023029882692112480e+00	6.919838066304185631e+00	6.414513474357556255e+00
2.589774152756406522e+01	4.212878574643711183e+00	5.681708826955756741e+00	6.618312270456330637e+00	4.016627579145543692e+00
1.999379901105166013e+01	6.399224753552783085e+00	6.029662212927435760e+00	4.703150997242874887e+00	5.331232341130493602e+00
2.422733866383586943e+01	6.321581309352564126e+00	5.340763709829515982e+00	6.695275367202159877e+00	6.669445896294273979e+00
2.262699279327950563e+01	4.959864804956138684e+00	6.509278293907563295e+00	5.364115403251784819e+00	4.399760143582254202e+00
2.502594276828699549e+01	5.073197395955760136e+00	4.893043904322247784e+00	5.695594893202068576e+00	6.813214340172943473e+00
2.116643380538974029e+01	5.818328518870042210e+00	4.558084712379393721e+00	6.015435721645159717e+00	5.769638515253537214e+00
2.309310447386573273e+01	5.045295494074219178e+00	6.465468978573583492e+00	6.289909401352010931e+00	6.925474003224185715e+00
2.398452457900065227e+01	5.604064370327053624e+00	6.555926527142357685e+00	4.586433309082777576e+00	6.972964444466001943e+00
2.242068902083861204e+01	4.468546342978170216e+00	6.823725551539832068e+00	6.142587028137821648e+00	4.026103980847643982e+00
2.226025963226348736e+01	6.952164773573340284e+00	5.526408253805561444e+00	5.514738570853674027e+00	4.628044146540612580e+00
1.803454428309439450e+01	5.841048226994811188e+00	5.128362380457484271e+00	5.480916265587776337e+00	5.915329955825440855e+00
2.699850795063409947e+01	4.417565813026299359e+00	5.390985548660547799e+00	4.740688975136301053e+00	5.395106966306601137e+00
2.040214427114287687e+01	6.536755213622101657e+00	5.029130510692259470e+00	6.242189706868294330e+00	6.112937136572665686e+00
2.077136895496654034e+01	5.971550671257614518e+00	6.734580461008213170e+00	6.368632588344809164e+00	5.090763429591588007e+00
2.234543983187966276e+01	5.416123093214599393e+00	5.843815857318650941e+00	5.620315461776233867e+00	4.844254426731302132e+00
2.455726820959304035e+01	4.661580256995907945e+00	6.700167122866960590e+00	4.552048626838545609e+00	5.539736102407505136e+00
2.134328689470773099e+01	6.504628587956292840e+00	6.027245135032720746e+00	6.057514289593268764e+00	5.541588565811994549e+00
2.798218874606360984e+01	5.018016195333451890e+00	4.245325495430353868e+00	5.230865691067403844e+00	5.233855669036751479e+00
2.651299174378194934e+01	4.180648396429434754e+00	6.386838718351434352e+00	6.517499042362295825e+00	5.109746074502428570e+00
2.160769414106227870e+01	4.645934424163614906e+00	5.494714691540941942e+00	6.569877926434675608e+00	5.579911742813798980e+00
2.501541464558568961e+01	6.268903542949506580e+00	5.087892144799791794e+00	5.580344060710490162e+00	6.619641415831342357e+00
2.644109985813481956e+01	4.914111173612353944e+00	5.104414022631807768e+00	5.712708263516172558e+00	5.594631385823013225e+00
2.593129667325700538e+01	4.962095908873478400e+00	5.539790255654782669e+00	6.098228979296004049e+00	4.775941212718635143e+00
1.954198413821261937e+01	4.799486170096776583e+00	4.359545819510300291e+00	4.511083020754573347e+00	6.748716492950523893e+00
1.896958627334431569e+01	4.785056049396952282e+00	5.437317097114647169e+00	6.928914554079444343e+00	6.259009053941972489e+00
2.113598577995241357e+01	5.599342279658103827e+00	5.806313510122934396e+00	4.648125840526508235e+00	6.835716343667860961e+00
2.366413408224385506e+01	5.051625615782889156e+00	4.790488233395160833e+00	6.639919561539997517e+00	4.216124491689979159e+00
1.818382336826827128e+01	4.313839724914606322e+00	6.884203439551865422e+00	6.550091721692400171e+00	5.334369003077696014e+00
2.675779792947572133e+01	5.862678202575639652e+00	5.521590912900784076e+00	5.740963837292883731e+00	5.623265275678111408e+00
2.019567448201768300e+01	6.450032422220651540e+00	6.934054136197866924e+00	4.394241449396611543e+00	4.492985545282939697e+00
2.337193860380128996e+01	5.847986651160127280e+00	5.980945031324947259e+00	4.368868260902701195e+00	5.297711833347522159e+00
1.891004735358310640e+01	4.231679025785656023e+00	5.274706530094886325e+00	4.482057971069077773e+00	6.466650367742097671e+00
2.023994796276131680e+01	6.353793538201169433e+00	4.990737068257811160e+00	5.822265318602875439e+00	5.126833423894900932e+00
2.761692120952182705e+01	6.523866786350779101e+00	6.280486573769342939e+00	5.562554206317146921e+00	5.723351669799673580e+00
1.966965449425786261e+01	6.458097519666523567e+00	6.960346297846532693e+00	6.946296151172433930e+00	5.473713958494303533e+00
2.420800773187121280e+01	5.211697271934720987e+00	5.931000664978427039e+00	6.991636593093509155e+00	4.870394886181768079e+00
2.286026110746862017e+01	6.160042290657735897e+00	5.214833519042357146e+00	4.943888225665731717e+00	5.004252528462650673e+00
2.487495263421572389e+01	5.976095592967990200e+00	6.978224112854501726e+00	5.435477881407986267e+00	4.984009207680398568e+00
2.739700215478643130e+01	5.098186322340872323e+00	4.285174337439064729e+00	4.589730606375685085e+00	5.404580274154181296e+00
2.107289946557952831e+01	6.396397692696678128e+00	5.683502302790245153e+00	5.442916862138325484e+00	5.452956581340012043e+00
2.245715900871973503e+01	4.516020531792893422e+00	4.321140042966820971e+00	5.314331949171910985e+00	4.546586973319757696e+00
2.182849767639851990e+01	4.864506364030376062e+00	4.840839658291460346e+00	5.149120096002775426e+00	4.748078430454408583e+00
1.968307555165137401e+01	5.948576400691368171e+00	5.678167229501822177e+00	4.934863681705189187e+00	5.766322887503573469e+00
1.862133403020002120e+01	4.984161909361624510e+00	6.209865011682698110e+00	4.214790915634566204e+00	6.616922422586438479e+00
2.358834738512235063e+01	5.504489645018480815e+00	4.230736113556722522e+00	5.957590045901505427e+00	4.260862813717931630e+00
2.007688366989568962e+01	4.439597388234166608e+00	5.646094360389612987e+00	4.640826886263021755e+00	5.813333652663182249e+00
2.391343224067017204e+01	5.379091837164904355e+00	6.963278843467833212e+00	4.987870542973189991e+00	5.434105462396225938e+00
2.128073659578866383e+01	5.567596617116885582e+00	6.242492444709083266e+00	5.047503918092872688e+00	5.027015772524612736e+00
2.491522500479255697e+01	4.157960494226579762e+00	4.533855012640141346e+00	6.377860504449922807e+00	5.806428121033548884e+00
2.206286732027180975e+01	5.206819519161113519e+00	5.182942374088331583e+00	4.093802405059425276e+00	6.045792709006624577e+00
2.676503607864905732e+01	6.746797610851737126e+00	4.851347981006576937e+00	6.231526747641807695e+00	6.140326305734041590e+00
2.383810159229879488e+01	4.234970535401670233e+00	4.139573022229300570e+00	5.781231878614107700e+00	5.837183258700331834e+00
2.188580767387234616e+01	6.038172482638414884e+00	4.223536179202197260e+00	6.075682647916799795e+00	5.080403652087543520e+00
2.505531543644107373e+01	5.822503115379195293e+00	5.449377319550018584e+00	4.364287622893868956e+00	4.315375512345969611e+00
2.256272689696669076e+01	4.377003360497722539e+00	5.955036717404852631e+00	6.131419048377422243e+00	5.643481296455283847e+00
2.036315219697443979e+01	6.639908719316871988e+00	4.303907789646301829e+00	5.682114743878096341e+00	6.024419459140302635e+00
2.646795820467918503e+01	4.717753728740012420e+00	5.504203896772423832e+00	5.115978886666049164e+00	4.816591900443563112e+00
2.303584353028642084e+01	5.151981329675316523e+00	4.249169841791771596e+00	5.333120013509432766e+00	5.312303231973869444e+00
1.824439072935987127e+01	4.289417910540602286e+00	6.803609026347452904e+00	5.533153546226424524e+00	5.630584320406248011e+00
2.582670782122783137e+01	6.207584725898425582e+00	6.652561721860824839e+00	5.216479751204869508e+00	5.577274195089929165e+00
1.978783437289289182e+01	5.420147504143831618e+00	5.537058793393352829e+00	5.710568877478004346e+00	6.104494031358723483e+00
2.434081226071866766e+01	6.262978376843370221e+00	5.970043127881608847e+00	6.690992239509040651e+00	5.121451090256639027e+00
2.115563154568778614e+01	5.499767077893085165e+00	4.722524897700655089e+00	5.143509796302432768e+00	4.803657776821945724e+00
2.451164045828185678e+01	5.090631961581833842e+00	4.784862741742972325e+00	6.341694991237090129e+00	5.447758524612437370e+00
2.605071427863823885e+01	6.074512236187332270e+00	5.232403526324122645e+00	5.050538551237636398e+00	6.028942229342368897e+00
2.202712983829440674e+01	6.795569824775109957e+00	4.814323738660847951e+00	4.544574255512089600e+00	4.953952180004917771e+00
1.867639922004834219e+01	5.299250607673323010e+00	5.197113724826567527e+00	4.671094729687040648e+00	4.205819991405570057e+00
2.103134366662342458e+01	6.047523266261472408e+00	5.600095646053580900e+00	5.863149344073871561e+00	5.196074733529139955e+00
2.130211627180931444e+01	6.293432854576821001e+00	5.022263200786045267e+00	4.854897424840535436e+00	6.158915781382634513e+00
2.254340229678240348e+01	4.119713004933657885e+00	4.459379607537864665e+00	6.242750957545585955e+00	5.242262755936500263e+00
2.086940578094524312e+01	5.779478811095145829e+00	5.416344694964010387e+00	4.514429966566468444e+00	5.045064812199878013e+00
1.993963202323577022e+01	6.394400844414005469e+00	4.661148565119940912e+00	6.333703381018685796e+00	4.997427564725331450e+00
1.848724280177189527e+01	6.338159417064934686e+00	4.372728720285231852e+00	4.581345760682776991e+00	6.038402938635131889e+00
2.519537928831119800e+01	4.751527777955169007e+00	4.651700096241907723e+00	4.883017402779192828e+00	6.598691202861934002e+00
2.270398692992606726e+01	5.718418744409234478e+00	5.533129325361898054e+00	6.486965679713049049e+00	6.966148472758797006e+00
1.880945982856159659e+01	5.930644315063322125e+00	6.303231799812603064e+00	5.165224961866246467e+00	5.529260869068477469e+00
1.846888982135656576e+01	6.314912562071410385e+00	4.658069497465270103e+00	6.811080454034375897e+00	5.979419722919704583e+00
1.828404849439981206e+01	4.897874515775183291e+00	5.150205061989692190e+00	6.854097389515211525e+00	6.921138107578141963e+00
2.544476870927053369e+01	4.202201682586914622e+00	5.878530419107164562e+00	5.758454842901583604e+00	6.280060285465708603e+00
1.898669858348387152e+01	4.208005919551212948e+00	5.198342269936046200e+00	6.593286121776288589e+00	6.851467702895903678e+00
2.443637354693780495e+01	4.400642694378409381e+00	6.520290174215189971e+00	6.060299174571598613e+00	5.803113362732345237e+00
2.680023849658372370e+01	5.154524383145291822e+00	5.513650403345586426e+00	5.229289656135621911e+00	4.473628312211023861e+00
2.239997646164173872e+01	4.157349070244468869e+00	4.066041167198077844e+00	4.913149800465811623e+00	6.524833476729519965e+00
2.501877534499658751e+01	5.168320100374283577e+00	6.950092821398596854e+00	6.112886799294426687e+00	5.899661182103449697e+00
2.004867338241651709e+01	6.862662657105124353e+00	6.270807755451855314e+00	6.977291418086690733e+00	4.780162568169576964e+00
2.058649412235915577e+01	6.542414384137069661e+00	6.615413455098559048e+00	5.014684899593441436e+00	4.761905134841406095e+00
2.002710908263987832e+01	6.492166171827640220e+00	5.693755174422698850e+00	4.064037786138031016e+00	6.292187967904874668e+00
2.702088926684341175e+01	4.868416536085146795e+00	6.262321710066776070e+00	4.535036546795319978e+00	5.254608125818734266e+00
2.423952602511913312e+01	6.664860654614495061e+00	6.143174714403935255e+00	5.926321431206015511e+00	4.824120284487044330e+00
2.343884618378048401e+01	6.742272644830253903e+00	4.887840794571240544e+00	5.803494947011765603e+00	4.197536959139992696e+00
2.550713648737025707e+01	6.361378674925151522e+00	6.229536244606135753e+00	5.479660977932220511e+00	6.715336884530643147e+00
2.074246386430401756e+01	5.035126043102795101e+00	6.355347304578581991e+00	6.450309089839033838e+00	5.781443376499391107e+00
2.446925145052801298e+01	4.851626099537220682e+00	4.401755876228909514e+00	6.393264008775901175e+00	6.468860956151313069e+00
2.314526372648414210e+01	4.237939251272829111e+00	6.088415851579807025e+00	5.235648363912946301e+00	6.355128887471292565e+00
1.961047641944927378e+01	6.732779628412180806e+00	4.397111500463146250e+00	5.912525434058418128e+00	5.170699878560088614e+00
2.367792195634082475e+01	6.059355436401691719e+00	5.733744558833905103e+00	4.255134786717979622e+00	4.384477704479967208e+00
2.683973119861673950e+01	4.030763511449261038e+00	6.747223077443128325e+00	4.856558439207462108e+00	6.766181361740472688e+00
2.073995891199754382e+01	6.872724932851951074e+00	5.442142852930981434e+00	6.845854944637764561e+00	6.587707394743803846e+00
2.488772077370330038e+01	4.707620607447695171e+00	6.149998198263920912e+00	4.723628261681280804e+00	5.625420245251897988e+00
2.291077441427539085e+01	6.708720431538455209e+00	5.580467291976484390e+00	4.719721701784833634e+00	6.082157245446920157e+00
2.693392722100434966e+01	4.245116325699716420e+00	6.409173352650319622e+00	6.435841411123399247e+00	5.761250802345388777e+00
2.471231117603152327e+01	6.900784375943229243e+00	6.358339074795346768e+00	5.138097832189613356e+00	6.092145216276109387e+00
2.131087283420498579e+01	6.858289022976886251e+00	6.047210700246652415e+00	4.172997115233051169e+00	6.852877456358832831e+00
1.995412165874802213e+01	6.512279230876178104e+00	5.433102693133540662e+00	6.251307204366205461e+00	6.924475530311206661e+00
2.655142712965301754e+01	4.837690312565747774e+00	4.023321127840513434e+00	4.674401840702701705e+00	4.242694466201555770e+00
2.746172155060166986e+01	6.174900276048867376e+00	5.946526187742951386e+00	4.573855626009774689e+00	4.371805423956229397e+00
2.205171486604453435e+01	6.718928868888101924e+00	6.075829432430610133e+00	6.464371617761533351e+00	4.004068011219999335e+00
2.275812135714096485e+01	6.705036018015564814e+00	6.373417431008951972e+00	4.662253995005277929e+00	5.470839381557792258e+00
1.966283188578013963e+01	6.743247556247434105e+00	4.493012555477972292e+00	6.206104390891013622e+00	5.904534644668073540e+00
2.761437740119595574e+01	4.430199846068102687e+00	6.277560468106131886e+00	4.561533955297139009e+00	6.146500462206104132e+00
2.078385465304366875e+01	5.427787604575965652e+00	4.010231454225770875e+00	5.862373416940770632e+00	5.652714142492850868e+00
1.972792539205672924e+01	4.434660506386664203e+00	6.596089089104465231e+00	5.458054221784702342e+00	4.778642904136265024e+00
1.940647518435920205e+01	4.633835729448254170e+00	4.922184587602163930e+00	6.753995272827130414e+00	5.873540624465700688e+00
2.724485450083553317e+01	5.439907379799393539e+00	5.819145283497455523e+00	4.425607178197554781e+00	6.407667179306960392e+00
2.617827332299348342e+01	4.679469088465904925e+00	4.621645561909463851e+00	5.399755568684001084e+00	5.136974668621381745e+00
2.711189754977692701e+01	6.704356901636621124e+00	6.395012875065970270e+00	6.994680444715370093e+00	4.352515882257030455e+00
2.541798678793159993e+01	6.794909246845241668e+00	5.443736887187645479e+00	6.151482626738359549e+00	4.976541988630369673e+00
1.898194941006465086e+01	6.681247140024103359e+00	5.811302835239582798e+00	5.026105616954621880e+00	6.713132537492544571e+00
2.366854405902286729e+01	6.841435253429924757e+00	6.398180747509814026e+00	6.260556690289510229e+00	5.180289851864273487e+00
1.935407621644474574e+01	4.860318738828345531e+00	5.642222355315238858e+00	5.036879043144057988e+00	6.645329431911725315e+00
2.432087831850037318e+01	5.507989969545681319e+00	4.767794451697845659e+00	5.525998482085420882e+00	6.311762272428794063e+00
2.348219724084889037e+01	5.412874589612622245e+00	4.183477022753313790e+00	6.564936722305473538e+00	5.535494787259617411e+00
2.794119748448032681e+01	5.389785475294672779e+00	6.458412915909037544e+00	4.092179763821007121e+00	4.547613935172265975e+00
2.733704342004608279e+01	6.626455949583291982e+00	4.028070653382554767e+00	4.618023220169926724e+00	6.436466588881756934e+00
2.083278468995458610e+01	5.776382825611093175e+00	5.004995980445415604e+00	6.571980674281570067e+00	5.827374254421352262e+00
2.786419492615715754e+01	6.040793185200158177e+00	5.961068925848059585e+00	4.876033968159455334e+00	4.563019487481080105e+00
2.041564579326670170e+01	5.548589614383495849e+00	4.537915953700727201e+00	6.676174124917434227e+00	6.191542760444357363e+00
2.284360879732100358e+01	4.926430864670081178e+00	6.103864533572270545e+00	5.129406091622563224e+00	6.726997332606353019e+00
1.988920935068701823e+01	6.843893513317949484e+00	6.516272011178340762e+00	4.164185997059605349e+00	5.398133413941527792e+00
2.631666883925987221e+01	4.699136952044799642e+00	4.150111385979374568e+00	5.430946648609618954e+00	5.794905567738364738e+00
1.857635674591858432e+01	5.561575656849234939e+00	4.684595851389858012e+00	4.919806014374596081e+00	6.691920094526971674e+00
1.906068480790671771e+01	5.732612390440735339e+00	4.383027839902958078e+00	5.769164960548846643e+00	4.076114640905877273e+00
2.679084014212010345e+01	5.078144474615166715e+00	4.204946702721071183e+00	6.090925859936608511e+00	4.533062735196814685e+00
2.506526563474019298e+01	5.748650417844032745e+00	5.848770191192593337e+00	6.886050986432723064e+00	5.139453862046859278e+00
2.109419942002952908e+01	4.593719577855780223e+00	5.908357803414005183e+00	4.885829717566231523e+00	6.644121675301925656e+00
2.286993745907368236e+01	6.807457147291569477e+00	6.697484103819340895e+00	6.524792707974069295e+00	6.872320011989958566e+00
2.527237929162867047e+01	5.056348111593067074e+00	6.629749911628765702e+00	5.691267773119786710e+00	6.022012811618906447e+00
2.162104694071814492e+01	6.071298858488766825e+00	6.916581656439904080e+00	6.100882990028797970e+00	5.069360384735541736e+00
2.330596852722791823e+01	6.875315078667755486e+00	5.571936886337738315e+00	6.528675222247660059e+00	4.786075711365460172e+00
2.263437617344438735e+01	4.236557341333424986e+00	6.463697803251707619e+00	6.956033176218628711e+00	4.477052886896356831e+00
2.048548093898661193e+01	6.442896226151551886e+00	6.590635269863444279e+00	4.275458694792253489e+00	5.907457729470868557e+00
2.052493167690503384e+01	6.999302285845125482e+00	5.654115329003649215e+00	6.491329052195035310e+00	5.414625834561334727e+00
2.147388555110629582e+01	5.123032373470277179e+00	4.725924286674066721e+00	6.396325666154255352e+00	6.641200684878536542e+00
2.562193096465761499e+01	5.916962910403121612e+00	4.179242740313498850e+00	4.840157104273139943e+00	6.629198846732548667e+00
2.531995002901802394e+01	4.545569504336134159e+00	4.421647352292810140e+00	5.904786273468960012e+00	6.801536859157950587e+00
1.831456808846930429e+01	4.774281759771654698e+00	4.272253434283538098e+00	6.634238112173790114e+00	4.916136007967746302e+00
2.674455394447102918e+01	4.544035293139162768e+00	4.062139572395765619e+00	4.030445958376890125e+00	5.009955620241724361e+00
2.377395410429571854e+01	6.924952917065287927e+00	6.547065080618287070e+00	4.002783673116291574e+00	4.928440578350191892e+00
2.291857185596428437e+01	4.650325129315703521e+00	4.968419073604170677e+00	4.251711927828783821e+00	5.225262084658002237e+00
2.401750653104166844e+01	6.411665555005751749e+00	5.687396811291158372e+00	4.273655721016425879e+00	4.891955116989670671e+00
2.274220949442551643e+01	4.674639138610019451e+00	6.623767375927532619e+00	6.801026872132628576e+00	5.867043781949361936e+00
2.400647162474668050e+01	4.190949655870010560e+00	6.187426146562073903e+00	5.636358306580247834e+00	5.520883829514558805e+00
1.878480691675187586e+01	6.453149210792519241e+00	4.134827786209373635e+00	6.074318972406367756e+00	5.185470244303592935e+00
2.218025892817304978e+01	4.170109885221879864e+00	6.167215430411076227e+00	6.848299666848605582e+00	4.584670496373341564e+00
2.172476842832317701e+01	6.369332146949774121e+00	4.863419854171619150e+00	5.017808535391858449e+00	6.185059230328800339e+00
2.154342079488181838e+01	5.908027460414438714e+00	6.037830565034868258e+00	6.169147527683180421e+00	5.858103922819970499e+00
1.801275670620612956e+01	5.771120896097719388e+00	4.771676861760901112e+00	4.559329714703147296e+00	4.500293068876892733e+00
2.328374223625998241e+01	4.985367528731032394e+00	6.529403452569062516e+00	5.831624251750238130e+00	6.611158286643861182e+00
1.998736368926652673e+01	4.845313818341931977e+00	5.086242878344347851e+00	6.474417330741344401e+00	6.316441612882459644e+00
2.007173163881846989e+01	4.341595650758628189e+00	4.711514397904728924e+00	5.279294990704188173e+00	6.025234253061652723e+00
2.338896236125606976e+01	4.275686501324671873e+00	5.056653194551018693e+00	4.246472756592689635e+00	4.862665089179975197e+00
2.282164190133799408e+01	4.745096864911723777e+00	4.707229571281049019e+00	5.114489579872061320e+00	4.840663432479053618e+00
1.831681984821679521e+01	4.205976488891560727e+00	6.063762944561983836e+00	5.745900064078141689e+00	4.162846239818458471e+00
2.106663576150981854e+01	4.096390707670602538e+00	4.294113123020363965e+00	6.108306967764449702e+00	4.104385323071962688e+00
2.013379747019489230e+01	5.593832419593260497e+00	6.326790090805289424e+00	5.721478175304881120e+00	4.800066344892838011e+00
2.161011013603659592e+01	6.542989000984591463e+00	6.750914353979169391e+00	6.420556656639149651e+00	4.595982612722799843e+00
2.462756761759855095e+01	5.289962073795443587e+00	6.502497233966538559e+00	4.653893485097301053e+00	4.609916956468228300e+00
1.956941964186193772e+01	6.777663415099173250e+00	4.890594591183712758e+00	4.872770205644687103e+00	5.782857275698681576e+00
2.252858958841693848e+01	4.887641935539725146e+00	4.297523620126184163e+00	6.589704145126914270e+00	4.207643701424986560e+00
2.405350962927362346e+01	5.011814186735072063e+00	6.941637427882678679e+00	6.559882245073755058e+00	5.886745866976258235e+00
2.295101832217607907e+01	4.135097711655228991e+00	5.257447049530132865e+00	4.991175909844162817e+00	6.591648890829651997e+00
2.519113202090520431e+01	4.806021460146096658e+00	5.206653936139738370e+00	6.441458144005792086e+00	6.959424788706672693e+00
2.199053881739354210e+01	4.505549483098777230e+00	5.117639327921199133e+00	6.094118445882134694e+00	5.278782270431759294e+00
2.668690732178638925e+01	6.641652971975645414e+00	5.279059210093860699e+00	5.310097012023565988e+00	6.205601395749909877e+00
2.378618217186075512e+01	6.154785425185541392e+00	6.003673758444616482e+00	6.553274232247225051e+00	4.899958866531250123e+00
2.457840847108135662e+01	6.555077757285857842e+00	4.049136282145560983e+00	6.610089712863904232e+00	6.514253752094206540e+00
1.864365607130363145e+01	6.359640810807333011e+00	4.055668106659084060e+00	5.286004591298743449e+00	4.360872996671142587e+00
2.153403255983609554e+01	6.435243337755585991e+00	4.176746674729475473e+00	6.027012837723781047e+00	4.186749331887460457e+00
2.153272265355538906e+01	5.201947711247147055e+00	6.492949460572051912e+00	4.223445604613364601e+00	6.860453520757986645e+00
2.456623851937066405e+01	6.820601857055958561e+00	5.814157017756590662e+00	4.207652068656352107e+00	5.173149362906261040e+00
2.686293312106430164e+01	5.300330088756037838e+00	4.675860932417188920e+00	4.271409696960833280e+00	5.461640903678430803e+00
2.209698258140894112e+01	4.763138692047315992e+00	4.404827342325829065e+00	4.897846977119416856e+00	4.887392563943405044e+00
2.619080504455205727e+01	5.867023171488934707e+00	5.031448659512470556e+00	6.197717498080288046e+00	6.547200169616174570e+00
2.381368505633296451e+01	5.236060822804771142e+00	5.300685836206465495e+00	5.121827471870313175e+00	5.942050345741550110e+00
1.843649892014557068e+01	5.943843284403960148e+00	5.045167975496923418e+00	6.044220107394299824e+00	6.048462808464444507e+00
2.010208751504035973e+01	5.591475406199833742e+00	6.893667683654398637e+00	4.290241036632532534e+00	5.412099225223720111e+00
2.237273558928834305e+01	5.856331710999029383e+00	5.130196381546747730e+00	4.239856813510792577e+00	4.188492553814580077e+00
2.732100265047575505e+01	6.343372479179206991e+00	6.605274652526395229e+00	5.016848152583358811e+00	5.161484439861008688e+00
2.774513711477797884e+01	6.328224880711820433e+00	4.202006437510107162e+00	4.804651608501420590e+00	5.249839071250739231e+00
1.817647115769528554e+01	6.131900790516880306e+00	4.280194522318935491e+00	5.786945038297811372e+00	4.433138065965302133e+00
2.312746687176406724e+01	4.081571550702018492e+00	6.211228921235362854e+00	4.464709207314863981e+00	6.493705461205187213e+00
2.362869755891634682e+01	4.352940003939894886e+00	6.566087561467398359e+00	6.009512755063344258e+00	4.029757020437263471e+00
2.425915385936283641e+01	5.859966708399288571e+00	4.963224748145231402e+00	5.110241194819011845e+00	6.684999566802365401e+00
2.029223103834604203e+01	4.412128246168032675e+00	6.321295261059699300e+00	5.450597327674486792e+00	5.215827294676781634e+00
2.682286663806984350e+01	4.655020893076813771e+00	4.626995403204267276e+00	4.964267237456104098e+00	6.775250912757277533e+00
2.257153292698149016e+01	4.070306368956374321e+00	5.059394561470176299e+00	6.163018288781773713e+00	5.645452094887864369e+00
2.477489178595170927e+01	6.477311528528716167e+00	5.756626535062243200e+00	4.608605474203909758e+00	6.381275276272397434e+00
2.770304473957848046e+01	4.108395028769736612e+00	5.294213408745419791e+00	4.712308781321263851e+00	6.699661749484508988e+00
1.993065609562527740e+01	6.147010961487611169e+00	5.968736094201202214e+00	5.456323440366419142e+00	5.879425732669270488e+00
2.660132842410382281e+01	6.211177383232532989e+00	4.498743877020209503e+00	4.868403576786163534e+00	4.774043783650824047e+00
1.892893964734117418e+01	5.026528042100362192e+00	4.504080295092169450e+00	5.591594590172126900e+00	5.177348373166257289e+00
2.631348453072329008e+01	6.220046452396038816e+00	5.179595321234224947e+00	4.180403282461019110e+00	5.220946271572468156e+00
2.387952232671625907e+01	5.807360691779620332e+00	5.339820961586006831e+00	6.807714234493912109e+00	6.411539103170460940e+00
2.653121579841573663e+01	5.657503412601969650e+00	4.278309605746150268e+00	5.846907123903553050e+00	4.323551836868181120e+00
2.193625625778898325e+01	4.526610812407312778e+00	6.285160298513681632e+00	6.653648342976959285e+00	5.457248647848778944e+00
2.306467479454639147e+01	4.687907095421504522e+00	6.055475385169212466e+00	6.797888673739956644e+00	5.868666901701030447e+00
2.108127357212455877e+01	6.241563276917935887e+00	5.483708829149130715e+00	4.696084929504425354e+00	5.870293258625353339e+00
2.609337508010757389e+01	6.735983536073033129e+00	6.224607262248524009e+00	4.322621135953176541e+00	5.169900427563957734e+00
2.126627068711631097e+01	4.174725801688389026e+00	4.046365544154951976e+00	5.766962524633189702e+00	4.987435129832268110e+00
2.302588082621601373e+01	4.813961802408764257e+00	4.878698489880962441e+00	5.172764340729479215e+00	5.148075497915255205e+00
2.197625325354831816e+01	6.379735039000619778e+00	6.486298216635851155e+00	5.377687164432678024e+00	6.060896125482545749e+00
2.315824484662965688e+01	6.318510956978951931e+00	5.607846406882283752e+00	5.858518236626423459e+00	5.632873343112290598e+00
2.625251316222303899e+01	6.288440165412228389e+00	5.674811031768186353e+00	6.358094566440173345e+00	4.707922292039598666e+00
2.539360915203728553e+01	4.716106050657948856e+00	4.687309820799090865e+00	6.018208846170545634e+00	6.375064784760754222e+00
2.740375968601846068e+01	5.967714955294306733e+00	6.198568044632246199e+00	4.895806394606130318e+00	6.890689193518586997e+00
1.873290487179779618e+01	4.782183367087078807e+00	6.292758579734428537e+00	5.393910954591191853e+00	6.282502769897257977e+00
2.497240317244726882e+01	5.280755964812417602e+00	5.262437288289524950e+00	6.371991374572881561e+00	6.428874963124838082e+00
2.159433868711023408e+01	5.313695991410538610e+00	5.546413357010885115e+00	4.986157793338476196e+00	5.052296361144134274e+00
2.766377025170239889e+01	6.106644096771020713e+00	6.805602530689808027e+00	5.077930554371165250e+00	6.115930578061774092e+00
2.293927798684379482e+01	6.477645756852301595e+00	6.876708579173521407e+00	5.028246805876623426e+00	6.369972162064418519e+00
2.697834769773890784e+01	5.790299374815488953e+00	6.086563670977975349e+00	4.705386217996594844e+00	6.575918759899013644e+00
2.730986214911915511e+01	5.137281933592953820e+00	4.460795805320747931e+00	5.349550031508368164e+00	4.656096630255418312e+00
2.368989327893005736e+01	5.170409371940918319e+00	6.507061054774073483e+00	4.633468529073599740e+00	6.624307366093317384e+00
2.682522409397655139e+01	6.558134003426319580e+00	6.169108634140553882e+00	6.304669003947025452e+00	4.436838035808396086e+00
2.096503657004118537e+01	6.813140756503243800e+00	6.179746267710101826e+00	6.903056696492802402e+00	6.745160348149608964e+00
1.927922572548699875e+01	4.802074355790453275e+00	6.577426566541610953e+00	5.086444684897528212e+00	4.044809019973532038e+00
2.326781646905626744e+01	6.897864198201526520e+00	6.050697016334919631e+00	6.124669873510207196e+00	6.303702925830216408e+00
1.917164688061262368e+01	6.539155289173855579e+00	5.937267485011311408e+00	5.800727676844965153e+00	6.350669227570331365e+00
2.044787517503463548e+01	6.953283158547963971e+00	4.478880914243959843e+00	5.663861789818426473e+00	5.156932632973661335e+00
2.781255831787781929e+01	6.791599539501629756e+00	6.484079029825780438e+00	4.993160543524333583e+00	5.774369856791372158e+00
2.156561793787114567e+01	5.382950779896141569e+00	4.742397567224397648e+00	4.409550668036999355e+00	5.952123232047641821e+00
1.813209771960616479e+01	6.977488754744285870e+00	4.195294712326644415e+00	4.340306823789328305e+00	6.382999085573246134e+00
2.038697471538363004e+01	5.033819154017507458e+00	5.763848734637493365e+00	6.606506760034220882e+00	6.695284721345317713e+00
2.057714695815636929e+01	4.404957143399826691e+00	5.141549378757447997e+00	6.391551022456704700e+00	5.933786957040640964e+00
2.498527006521824489e+01	4.727275488411438076e+00	5.746718166387844384e+00	4.349819605828492364e+00	5.021919498935383253e+00
1.950910992660299925e+01	4.043602768353635746e+00	6.033401867855305412e+00	4.708365382801492416e+00	5.016966921635282795e+00
2.191440550551096322e+01	6.517683087751454885e+00	6.650553912662996225e+00	6.883879869504411886e+00	5.685552516302264436e+00
2.100438013950726202e+01	5.147535878726587910e+00	4.945607964722259275e+00	6.656589620663093676e+00	4.900233513389300022e+00
2.281098100144174268e+01	5.370167254660134226e+00	6.769065273205526090e+00	5.063385301593610777e+00	5.273481292110670182e+00
2.427862504190399662e+01	5.694998327707634367e+00	4.830834315991788586e+00	5.263070017715105742e+00	4.727765802975769205e+00
1.941365276990481448e+01	5.257769827529050310e+00	5.821194946281764260e+00	4.810943907339837899e+00	6.538261462337670693e+00
2.514079290203347128e+01	6.996250710755433033e+00	4.157247558904797913e+00	5.319925149449035828e+00	4.699576568683633049e+00
1.910021083896712923e+01	4.623845862786473582e+00	5.223609863907687334e+00	6.082011668550000749e+00	6.899787544022436769e+00
2.578711967163145147e+01	4.329500896347187933e+00	4.758567003308740162e+00	6.830669263307357575e+00	6.454252498167426744e+00
2.727787109074550287e+01	4.269643374030636096e+00	4.059586706500048159e+00	5.871935140418128363e+00	5.479236253549854219e+00
2.442477557105147667e+01	4.452191168582003478e+00	4.754155207944359418e+00	6.545119992450833202e+00	6.677302626424140186e+00
2.621135126950564853e+01	6.613172136660939948e+00	6.581059533460980049e+00	5.852289787855952774e+00	4.294388350634254614e+00
2.001453463592526916e+01	6.860829773980996471e+00	5.325598037336421342e+00	4.050233062569214226e+00	6.071523975875360968e+00
2.148852244141417245e+01	4.366862489684633530e+00	6.066469666022634932e+00	6.431414279360901709e+00	6.297234409241303510e+00
2.753753174321122899e+01	5.579648607359326995e+00	6.338954131968793426e+00	5.991536130637556745e+00	6.210013282504509569e+00
2.573755674987265962e+01	5.126453573317892420e+00	4.988058517406241066e+00	6.182078400997781387e+00	4.917964360438545235e+00
2.168219330451358573e+01	4.740777929274737623e+00	5.478709212585996191e+00	5.517384451683505553e+00	4.662269516781546663e+00
2.435078778538851907e+01	4.966498309661903754e+00	6.519516839835081790e+00	5.469503378456574083e+00	5.366683482357356816e+00
1.845412106618021042e+01	5.482547809234842084e+00	6.666974609536118201e+00	6.167041147049727279e+00	4.512210578133025507e+00
2.707143796695183724e+01	4.102693686987946897e+00	5.964711125638986644e+00	4.959483050338038268e+00	5.893424279674526645e+00
2.097729924496870169e+01	5.799135503217310195e+00	6.429528483878191203e+00	4.969036611364741951e+00	4.523590396920269541e+00
2.317872131616234199e+01	6.033499975903903412e+00	6.418818616297223834e+00	5.301052997178447690e+00	5.726916194470232035e+00
2.487806900575526825e+01	4.870394042474188723e+00	6.562945903652407154e+00	4.957191719564413290e+00	6.106715159105557511e+00
1.814223307374713201e+01	4.345783094251133960e+00	5.336042595766306462e+00	6.835953038889228672e+00	6.270133707484863095e+00
2.771587345402886982e+01	4.161840225286919548e+00	4.545859045116682040e+00	5.254358665072007994e+00	5.394895030892587151e+00
2.221575710542005311e+01	6.599297974914603238e+00	5.290463519881130949e+00	6.899371591270306858e+00	4.267673091731571056e+00
2.514490226586234556e+01	4.114443655882476847e+00	4.579836329987037935e+00	5.629038491787708764e+00	4.485760377030344692e+00
2.657094233060469790e+01	5.423595077363240868e+00	5.123733409852840204e+00	4.517708175688134986e+00	5.000399935313851074e+00
1.939172521522679915e+01	6.832911882293862149e+00	4.307544324991297913e+00	6.301946171336957114e+00	4.615958777727656503e+00
2.538771549910588021e+01	5.724781764241406279e+00	4.406844990311816979e+00	4.613092754613538737e+00	5.544988682537241864e+00
1.801726300628781274e+01	5.108990931541060654e+00	6.539375197799116357e+00	6.602561604495269520e+00	4.992120712411488803e+00
1.894516261404912782e+01	6.580550637341187503e+00	6.663357497053626233e+00	4.235272055001146896e+00	6.583874587264652689e+00
2.066191471454095918e+01	5.156625043473615833e+00	5.922986538035423187e+00	5.599307384242856678e+00	6.363121699387603414e+00
1.994574987730054261e+01	4.348522841966990349e+00	4.351595122363691281e+00	6.765737389265232160e+00	4.472494854396408037e+00
2.395800978073092935e+01	5.711699506819327254e+00	6.927112106854173668e+00	6.142452590242529986e+00	4.256047243383226153e+00
2.757797693697600394e+01	4.076543438003688458e+00	5.107305878126418897e+00	4.042416312091555497e+00	4.035596037166475192e+00
2.693136481175288210e+01	5.993245451311399741e+00	4.636664178292600802e+00	5.504887630915168195e+00	5.721172760613469244e+00
2.118255991489734313e+01	6.986285546179282768e+00	6.670076745961768694e+00	5.158548180227531255e+00	6.446857980556602641e+00
2.116898909854636557e+01	6.091235542301117967e+00	6.435168322358324033e+00	6.744719673653370329e+00	6.931867040327771790e+00
2.598480573361091572e+01	6.243437073124958658e+00	6.193389603852203606e+00	6.727063285513879443e+00	5.245717369037125266e+00
2.143953778273124655e+01	5.496093600231890086e+00	4.873429366871382840e+00	6.011207224289627504e+00	6.170431902842456573e+00
2.495527898448391113e+01	4.399416975998102330e+00	6.913484728970674453e+00	4.866876938901226524e+00	4.081780173367726583e+00
2.359420320220253942e+01	5.291231370876676721e+00	6.132583694384317496e+00	4.846089421257551599e+00	4.157813830060193006e+00
2.394771424306935259e+01	4.455932355079548657e+00	5.648901298029313622e+00	5.653986463182933520e+00	6.318239730797129639e+00
2.133805062250426232e+01	6.092928709661396880e+00	6.300037002572896228e+00	5.915773834591919744e+00	4.127511105155834414e+00
2.207332109882068849e+01	6.261103727258592322e+00	5.367698481645716946e+00	6.083953607223771876e+00	4.921432288368519536e+00
2.192332925929071763e+01	5.076296515880102334e+00	6.771137271891916498e+00	6.053965160441492799e+00	4.396219910376481188e+00
2.742881922838574127e+01	6.407581944597366075e+00	5.589313355179976739e+00	6.773848211768204841e+00	5.558852834487495898e+00
2.477720483301415655e+01	5.869872276060694283e+00	6.040860829435312773e+00	6.031393028821255164e+00	4.068417191707574432e+00
2.708304750067105360e+01	6.930617942739210058e+00	4.370729476626761034e+00	4.540330119435851408e+00	4.825931919726150099e+00
2.399210846279133591e+01	5.631564575139917039e+00	5.111960347303603491e+00	4.774382658825595094e+00	5.683923672404410432e+00
1.933822816411134937e+01	4.970778585577559028e+00	6.197433117435619643e+00	6.501534377429479150e+00	4.601637446288184385e+00
2.297319282029300069e+01	5.736957273776503996e+00	4.072998363306504999e+00	4.760268982973654417e+00	4.194642410126246723e+00
1.983331928167505609e+01	4.561476270445049330e+00	4.984613376135563101e+00	6.521476083253002543e+00	6.548724829123196756e+00
2.285535996085211607e+01	6.129418145964134368e+00	5.248427454161388894e+00	5.613508260881840073e+00	6.774211069955474507e+00
2.024991116909799516e+01	6.596675248399705538e+00	5.905974852882121873e+00	5.587245927501870213e+00	6.832670483601286371e+00
2.496112262201613419e+01	6.298442649290588058e+00	6.796427343033139223e+00	4.564009478182074808e+00	5.606002471318568325e+00
2.018323742500027151e+01	6.481887848184981316e+00	5.669713675782797502e+00	4.751639752193447919e+00	6.476854169869405098e+00
2.760443954348772522e+01	6.644189234336510985e+00	4.253094787468233662e+00	5.995669832638439445e+00	6.893764372314414857e+00
1.848182757492013195e+01	4.743545403721959097e+00	5.077001496720996876e+00	4.745939192095737447e+00	4.248263811478247831e+00
2.751590323000884908e+01	6.218694618057504009e+00	5.451149174276601173e+00	4.844169614793251810e+00	4.276210444553598222e+00
2.474354025939841151e+01	5.720927756344281079e+00	6.288146347478997811e+00	5.675569918596432117e+00	5.034703396650970220e+00
2.549883333504277871e+01	6.098790082054115658e+00	4.883478914839231244e+00	5.728577503240463997e+00	6.241217219356037127e+00
2.094406063167739873e+01	4.052699493155141219e+00	4.007855122495580069e+00	6.972671072666270398e+00	4.153494544019744161e+00
2.726708371352399851e+01	4.659683016212635032e+00	6.367442259237334312e+00	4.931448877560540289e+00	5.494139771350560864e+00
2.075575297133819319e+01	6.585241344094185933e+00	6.959183003027573200e+00	6.820005543938183479e+00	6.153247545413869979e+00
2.313339162177117103e+01	6.001285199046047403e+00	4.006324266404104328e+00	4.010403163183507758e+00	4.357632409107895732e+00
1.811207826836771773e+01	5.177332025267991078e+00	4.516100586957755070e+00	5.961165480030154562e+00	4.509325364220436505e+00
2.788720099535981234e+01	6.589039282087007621e+00	5.855639774330432701e+00	5.883125684024404833e+00	4.018487946609599071e+00
2.225469869511543664e+01	6.659766783898362519e+00	4.432155536750177482e+00	6.794250829065916264e+00	5.562325109623054153e+00
2.412532293579228337e+01	6.801080678245037703e+00	6.642134066088879685e+00	4.038047158443873741e+00	6.995297946520445898e+00
2.227632608795913782e+01	4.406961242332458006e+00	6.272575822395143774e+00	4.996623280608146977e+00	4.295835701994370481e+00
1.827984794351358389e+01	5.527986531326940955e+00	6.434591425276738441e+00	5.920257330727213052e+00	5.697206857635089605e+00
2.546213738732182463e+01	5.739377692289799882e+00	4.393779520707926878e+00	6.174414633479298864e+00	4.240952594753350624e+00
2.392158064133508333e+01	6.256058600502080402e+00	5.573838530226209897e+00	5.428490706141911204e+00	6.602570069688599830e+00
2.001700960827160714e+01	4.703504555080910698e+00	5.921744193110371590e+00	6.595522796721686731e+00	5.622256676323928559e+00
2.067669184403706240e+01	5.071465051300217297e+00	6.406767490913360064e+00	5.866367436857467865e+00	6.709866703657432652e+00
2.016255168919966323e+01	5.686968374747838340e+00	4.869660081088497350e+00	4.399878144609600028e+00	4.752555295285786130e+00
2.436230622370030119e+01	5.811381761181747763e+00	5.217401239450057737e+00	6.035167771788981561e+00	6.417915237373918558e+00
2.104705105612492844e+01	4.702278120218720048e+00	4.157570427576907868e+00	6.483118202028203214e+00	6.276218989482816646e+00
2.182112898784694366e+01	5.261482485001237386e+00	5.966158815446696018e+00	6.758578061503874856e+00	4.162307920502416714e+00
2.257638714970241978e+01	4.343635445499781866e+00	4.694189141103754181e+00	6.720426861313800515e+00	6.425906114254071433e+00
1.895887727385472132e+01	6.222726173574005593e+00	5.775023776529206287e+00	4.831215928152742478e+00	6.954797947744321363e+00
2.056000836070358417e+01	6.653156220055279846e+00	4.363413699352264530e+00	6.039088830012866005e+00	4.219959339623460259e+00
1.879424967667998558e+01	4.522599151228975600e+00	4.377749645940526513e+00	4.644387573464766383e+00	6.378335646564821104e+00
1.877964941610693472e+01	4.189930479503058969e+00	4.227762257208938834e+00	6.783287760984793024e+00	5.971156868253843619e+00
2.088431805222206350e+01	6.885121840402801396e+00	4.455508664087095561e+00	5.091801354578832317e+00	5.598858602990956612e+00
2.657992329448608615e+01	6.119578835142982065e+00	4.127213786999202050e+00	5.247608489049180314e+00	5.327220919938411292e+00
2.540109394064930370e+01	6.590603901207956028e+00	5.893960198273055617e+00	5.087932174426801346e+00	6.522490869276885483e+00
2.193192441960594152e+01	6.233396251562527191e+00	5.001801684042693097e+00	5.874569685526046747e+00	6.780320052672151654e+00
2.581913922987042653e+01	4.124761428057873935e+00	4.614279422396967867e+00	5.900942348189215814e+00	4.278165919732455968e+00
2.189612237835835273e+01	4.575569722509055026e+00	4.603741350255253550e+00	6.224231913178383202e+00	5.382368401150795734e+00
1.932286899499314003e+01	6.830419963994686761e+00	4.847688337989952245e+00	5.679949788668514188e+00	5.328364257745755062e+00
2.771839485527690883e+01	4.049690112629235728e+00	4.826528894031594241e+00	4.552925299128202319e+00	4.457373268563606494e+00
2.125294269782734702e+01	4.224605294681222034e+00	5.639147317365860168e+00	5.561311755231756138e+00	4.388001355278564830e+00
1.962239475142523659e+01	5.322396284287115087e+00	5.903555278196610523e+00	4.435365934607226279e+00	4.347321362213465434e+00
2.534544481137593763e+01	5.558917818474327532e+00	6.131652353697358393e+00	4.678244146916838986e+00	5.642142162184979881e+00
2.789700321756725288e+01	6.825865063112055431e+00	6.932496611233537998e+00	6.512265282317704518e+00	5.929199866883301695e+00
2.295834935516698394e+01	4.175015976488959168e+00	6.793384332403751280e+00	5.449466564768587595e+00	5.270586509367570116e+00
2.551208871211687779e+01	6.270532436237178153e+00	4.193509513474386274e+00	5.576668763080225411e+00	5.250330731535941098e+00
1.850791249308390363e+01	5.476549845968752273e+00	6.854060779107968848e+00	4.599589294691475594e+00	6.826910627599090731e+00
2.336014719932414252e+01	5.988044056677694904e+00	4.022325326685696645e+00	4.155078096038986146e+00	5.228126055734533928e+00
2.513198869865868446e+01	6.913169162289618086e+00	6.713329282392616726e+00	6.285522261082802764e+00	6.975592833838350160e+00
2.000504402542930649e+01	6.903705134400126120e+00	6.619981843983588909e+00	5.196571845135903978e+00	5.547955573331739387e+00
1.997412161914942530e+01	5.106417817970621442e+00	6.290387125439446336e+00	4.035426171734459722e+00	6.741287648417261025e+00
2.527790737958506995e+01	6.197210080359228712e+00	5.643463490984879094e+00	5.193527649639532839e+00	4.148935649964378136e+00
2.568303558953650167e+01	6.572280543686805920e+00	5.414360837786113656e+00	4.583404156483370961e+00	5.128125543394380870e+00
1.938638094566232795e+01	5.580200396760353954e+00	5.676640605097354353e+00	5.522924419944949648e+00	5.263603943814112007e+00
2.121698796724353997e+01	5.191437480306953844e+00	6.706443716424604240e+00	5.305351224167420554e+00	5.880883445345288507e+00
1.963291109242419807e+01	6.115514351760451994e+00	4.427961780404252146e+00	4.838296441728976660e+00	5.166348931691555180e+00
2.448210975379089405e+01	4.424043549741948134e+00	6.136807900477715627e+00	4.526445916115052093e+00	5.943628379989430499e+00
2.490633756936787435e+01	5.657177101816617260e+00	5.942979783970101515e+00	6.006561642307022275e+00	4.037967461505103550e+00
2.155287643395663721e+01	6.682683877447296972e+00	4.598786167684069781e+00	6.670090346961022654e+00	5.047536078231674495e+00
2.031900020812219765e+01	6.636157774562780887e+00	6.348114750898931291e+00	5.869072841339217028e+00	6.286324608299703520e+00
2.020391488726915341e+01	5.520793747935536011e+00	5.590892325173834720e+00	4.132478453613763314e+00	6.885228913370072590e+00
1.902859045550762573e+01	5.638586094350952038e+00	6.812444952756099070e+00	5.971380020447694115e+00	5.841240611590083454e+00
2.043237251167504098e+01	4.417008652085522513e+00	6.430546203420298923e+00	5.475806909386721877e+00	6.786900320078189885e+00
2.365152724389321293e+01	6.561843016400713324e+00	5.542206093262297628e+00	6.292375116819098224e+00	4.200261968515098587e+00
2.664477690786317510e+01	6.815126592586955745e+00	5.701724228244173354e+00	5.796533074958417409e+00	4.112894562391151254e+00
2.243358946351383665e+01	5.396131600853998123e+00	4.466850879493157400e+00	4.903915697598705492e+00	4.770426923685482379e+00
2.076377219911728034e+01	6.103458908697100505e+00	4.948014161084802964e+00	5.886411474034645153e+00	4.491675360536520500e+00
2.438198483787238402e+01	5.756610235860733837e+00	5.062050299956445620e+00	4.126636219350046986e+00	6.256606809321649365e+00
2.150015574903227389e+01	5.486245934380510114e+00	5.012677378685324925e+00	6.467683513585392951e+00	5.604015396508016167e+00
1.819387184775619559e+01	4.843547362333770145e+00	4.950605472186578204e+00	4.952731862414740505e+00	4.725984017907877366e+00
2.414580610965831298e+01	5.328395946167731267e+00	4.415248151569404200e+00	4.733077549779427073e+00	6.797349954817066831e+00
2.651739073405096647e+01	4.494873685370590621e+00	4.267041365674627329e+00	6.749144516053171117e+00	6.506635795308803871e+00
2.426980423884365123e+01	6.674505432237888947e+00	4.931695129001909983e+00	5.094397124907110275e+00	5.089671347925638578e+00
1.908364230643771364e+01	6.308093092531132484e+00	4.093421773738272762e+00	6.042164283712719630e+00	6.455879333702420730e+00
1.883115911106415297e+01	5.527117985482541407e+00	4.481973952552537277e+00	6.271043123253569718e+00	5.145637473815459551e+00
2.224126086035757766e+01	4.616489581245063256e+00	6.837918788273473325e+00	5.936865824517870927e+00	5.512238437865025098e+00
2.638657281691818213e+01	5.247209419550469711e+00	6.612574021130076751e+00	6.326568519331769558e+00	4.210251211744445499e+00
2.063109505953267586e+01	4.964270713000979107e+00	6.902801923686008756e+00	5.291231772864680494e+00	5.354530858117906966e+00
1.835508861150415072e+01	4.336462565171088634e+00	5.615757933916012412e+00	4.466819060234187511e+00	4.060938733548400847e+00
2.735725177452220436e+01	4.830868422268476792e+00	6.693943504496051133e+00	5.708273253909927014e+00	5.013121717668873600e+00
2.478363633830347013e+01	6.498443359325810853e+00	6.584434442752901795e+00	4.689992452249512667e+00	4.402199360982196552e+00
1.930565697017757643e+01	4.388931371315475616e+00	5.997952624074419425e+00	6.281301284777159211e+00	6.797774582940281363e+00
2.466289540417296067e+01	4.047399456735533363e+00	4.098255719767127658e+00	4.495513939936842007e+00	5.437941677160179843e+00
1.921035044000444358e+01	6.578845780435456980e+00	5.934968542975116002e+00	4.117166717907448259e+00	6.789975242780807996e+00
2.308466630227605521e+01	5.118788881437922988e+00	6.061158527235385840e+00	4.770336837200358282e+00	4.142279702146359099e+00
2.512194299975745793e+01	4.447666439858391385e+00	5.896157181461734176e+00	4.001384359066823215e+00	5.321298194887982724e+00
1.851042639355115682e+01	6.400734311262127108e+00	6.276272595613288985e+00	4.453204054616286989e+00	4.091812411132055516e+00
2.341318000225992435e+01	6.384467190854960172e+00	6.218626258146520591e+00	5.466280953026018352e+00	4.264922248628960411e+00
2.467580604687967494e+01	4.980586112488647466e+00	6.815553702983314643e+00	5.296836478736721254e+00	4.516918686046396125e+00
2.481745377842243627e+01	5.361796281430341260e+00	6.609633660834143498e+00	5.947629849758691911e+00	6.884803219564089360e+00
2.445054550217048117e+01	5.110985536727904233e+00	4.882098459984154815e+00	4.128290688056432067e+00	4.884027641503840833e+00
2.015614385823210597e+01	6.227836705227002945e+00	6.082149810774665433e+00	6.892274570191610827e+00	6.294714989797608240e+00
1.875730318770017746e+01	5.672947311672521309e+00	6.393159962683452768e+00	5.881447710062778889e+00	4.265178842251969193e+00
2.238966387537329794e+01	6.936656533812245229e+00	5.781079543639653373e+00	6.936579552828867179e+00	4.089267118237516208e+00
2.323422560452304353e+01	5.262940267347847367e+00	4.109390145694488794e+00	6.225739820582584905e+00	5.939732921413106936e+00
2.689786053284654344e+01	5.319079963843001302e+00	6.249780272706720652e+00	5.950818945767718304e+00	6.472389831461258680e+00
2.673794895421669793e+01	5.375141069541259142e+00	4.521706485847868606e+00	6.926481673247298687e+00	5.035730894076114517e+00
2.779576827576150677e+01	5.643447957404373660e+00	5.073143075428886206e+00	5.168531493469996185e+00	5.819320711131751089e+00
2.307662961374715138e+01	6.921443027821279514e+00	6.478133932113030902e+00	4.927083725682738446e+00	5.208840884528483706e+00
1.943218783483784762e+01	5.054684804622660010e+00	5.770282144518587231e+00	4.459160059228253203e+00	5.948589295251005105e+00
2.361680996607707073e+01	4.553134858497760895e+00	6.874943332714169131e+00	6.388021057414844606e+00	6.849058691264320764e+00
1.915630369055039495e+01	6.246184051863088449e+00	6.819450987744724024e+00	5.495929437638602977e+00	5.876302277994933654e+00
2.738544055314575942e+01	4.012631412012178878e+00	6.686204280677273459e+00	5.203189726815576677e+00	6.550310838574568528e+00
2.755992498921668599e+01	5.197116016138517480e+00	6.712271831724061499e+00	6.834553924218255361e+00	5.112513419489080668e+00
2.780494890286008669e+01	6.111215566093565421e+00	5.832966622770940468e+00	6.449995518971197050e+00	4.191369585292366473e+00
2.540850522812760559e+01	4.309498090097148015e+00	6.158453221219866158e+00	4.887720763435330795e+00	5.267681835350788155e+00
1.938045900484936368e+01	6.918686669641902931e+00	6.389581330171496987e+00	4.138054163813396080e+00	5.282754909065523918e+00
2.195270300713395173e+01	5.731712494742964736e+00	4.219415881938394008e+00	4.383114361463555930e+00	4.344737189894035900e+00
2.484535368700313285e+01	4.357155635910384461e+00	4.451565834012860989e+00	5.775696400094325611e+00	5.390067292458775583e+00
2.196571988490302374e+01	4.484310293402589132e+00	4.607720761653387065e+00	4.945065055868409942e+00	6.585572670229726810e+00
2.535629069969924032e+01	6.944013602563495091e+00	5.247408699202915194e+00	6.806559786411542134e+00	4.051265827357161342e+00
1.971589780824494298e+01	5.163032465937231308e+00	4.078903067199338928e+00	6.601891303086198093e+00	4.949830332225739760e+00
2.531081303514818970e+01	5.406477115871338057e+00	6.946122986084399820e+00	4.595451024526639117e+00	6.556520547696699452e+00
2.179903750593669187e+01	4.707192891456508654e+00	5.008989709307587468e+00	5.583386128826282935e+00	4.805124822210633972e+00
2.569461594913897429e+01	4.585288741606808216e+00	4.735053046301183066e+00	5.888653584424218046e+00	6.313552803580158468e+00
2.251808241635971797e+01	6.716014282582162487e+00	4.268798120637174343e+00	4.743667994156928636e+00	4.308911417357215612e+00
2.649535521976791586e+01	4.092711271337956980e+00	4.624677717757699646e+00	4.199724278472272587e+00	4.409766515785502605e+00
2.640727838756519930e+01	6.763950595487467687e+00	6.283256140692846436e+00	4.413152412991978579e+00	6.722936511323154285e+00
2.332120232130439419e+01	4.943587151883566122e+00	4.168505468065271558e+00	5.837135483814463122e+00	5.314650256668628003e+00
2.073029336149154034e+01	4.332949884710223465e+00	6.189892780185754617e+00	6.087948695383937014e+00	5.293868339770269493e+00
2.711833364963015569e+01	6.600815296748845817e+00	5.201539045649576032e+00	4.809848838229574319e+00	5.843469876226359716e+00
2.298725259554009881e+01	6.188225802394926589e+00	6.121844772207363228e+00	6.863654018706284887e+00	4.796103522397702434e+00
1.985055571227997007e+01	5.350346108125784816e+00	4.601044665066604367e+00	5.136525506069802738e+00	4.836111582874851322e+00
2.460274701939137287e+01	4.489282737681070223e+00	5.175541806063157502e+00	5.906204993962108851e+00	6.164927666469059098e+00
2.709533046474792428e+01	5.326856869099139580e+00	5.314862377099887958e+00	5.472649921690337038e+00	5.505058103582574525e+00
2.124465936286698664e+01	4.729544716166512508e+00	4.146161519283626085e+00	6.715607141025798477e+00	6.089389724266601966e+00
2.136553024812951307e+01	6.252092107951676248e+00	5.740623377587443343e+00	4.935980003440717745e+00	4.645236863279722073e+00
2.743350321766376609e+01	5.543658658864566213e+00	6.820381665020902595e+00	4.817274010102115867e+00	4.701264276360273442e+00
2.091450963304606958e+01	4.931017046433109563e+00	6.253205625132968848e+00	4.659435845042042779e+00	5.153527349705126603e+00
2.579881556590630609e+01	4.139774728155555472e+00	4.004466614461938967e+00	4.630862436270321680e+00	4.631428487674170924e+00
2.357264821764301033e+01	6.469888521042810758e+00	6.183242933258846996e+00	5.813964167465533350e+00	5.074453940001680152e+00
2.280417710672006848e+01	5.688464085692957362e+00	4.628183321616652357e+00	5.694599596389601004e+00	5.690318968149401968e+00
2.666583039347694850e+01	5.183696179762367073e+00	5.553399801500970234e+00	5.033385823501052236e+00	4.821726624935608108e+00
2.102417503928355202e+01	4.817623208817345848e+00	5.863678372431146535e+00	5.251300556099623762e+00	5.554807661052021395e+00
1.800718056966913139e+01	4.362594138380852193e+00	5.850943932043984219e+00	4.863953447063639857e+00	4.657511069695883243e+00
2.011656281121477718e+01	4.394109600093731416e+00	5.394303339183065482e+00	5.205593101119531774e+00	4.220199709929620013e+00
2.560048167381296835e+01	4.271229757282587691e+00	6.673054819825563477e+00	6.944346453394118157e+00	4.979686449091656364e+00
1.825341763369375059e+01	4.584120532274003068e+00	6.754179218901354531e+00	6.566144455886459674e+00	4.971508053263699267e+00
2.745641077807523800e+01	4.078038780814086550e+00	4.861996287462149624e+00	6.278669938335630363e+00	6.212838452021238744e+00
1.882054563838011774e+01	6.101829300356042651e+00	5.467010128723710949e+00	4.106631508493383542e+00	4.590596589349899226e+00
1.883568323372208653e+01	5.144744457181136710e+00	5.409411261849855990e+00	4.056488286788427544e+00	5.464967662143807914e+00
2.123066427092484076e+01	4.024470415209022711e+00	5.345266515232104609e+00	4.442074415310350410e+00	4.428744884975168716e+00
2.722707808139364261e+01	5.838874039991155840e+00	4.296561756511146690e+00	5.909609654012391466e+00	5.556348910042615330e+00
1.976175575818247765e+01	6.710233947562495693e+00	6.099046551873280819e+00	5.596918308380528728e+00	6.250018669850364361e+00
2.759527255197030726e+01	4.292117557509962822e+00	5.367313206055465358e+00	6.312249711574012601e+00	5.359224532215993264e+00
2.297946724100417626e+01	5.691423901307664401e+00	5.663147692537615185e+00	5.358614809482878272e+00	6.662117277702630069e+00
2.143299134446789722e+01	6.552122108807426848e+00	6.070123580509368288e+00	5.732078181527692884e+00	6.559048754377116097e+00
2.374902259605569554e+01	5.996466241809677022e+00	6.535266274616919446e+00	4.979333659845253557e+00	5.288542065010608084e+00
2.173882146658647585e+01	6.594770844486683714e+00	6.836330031248979644e+00	6.561876127334020481e+00	6.637707005529766668e+00
2.768072475274606958e+01	5.678401524213926521e+00	6.350741741134498852e+00	5.101087985569469296e+00	4.855333113702655190e+00
2.109083450848316943e+01	6.181167611777264703e+00	6.918355209335438794e+00	6.733067803354529701e+00	5.224341273570714428e+00
2.237886297375402123e+01	6.675826741691752275e+00	4.812145914821771342e+00	6.764984716152885547e+00	6.856456025136532517e+00
2.566953841621571542e+01	6.948186243848895494e+00	6.015165352839099810e+00	5.126687661038412891e+00	6.176611130790266913e+00
2.763972525765315424e+01	6.265972057807452700e+00	4.464564358903333918e+00	4.800693658979640510e+00	4.479710467269341301e+00
2.418137385755982649e+01	5.493807588640125417e+00	6.412837798428353331e+00	5.208544242651886869e+00	5.897257710580277035e+00
1.821566294524917851e+01	4.540422960541141251e+00	6.020055683824757864e+00	4.921402076315327001e+00	6.637081210880324100e+00
2.162958702698688285e+01	5.595608950365329015e+00	6.456969872081850248e+00	6.631954566853710098e+00	6.815278341988042499e+00
2.229940233609515587e+01	4.748667186240238536e+00	5.603256440927096627e+00	4.700501444065197987e+00	6.845263040764455020e+00
2.023063415807058263e+01	4.630590667759516776e+00	4.324686372689170000e+00	4.906476769203758082e+00	5.483667428005799316e+00
2.411218464691104302e+01	6.697272845433292154e+00	4.335043474952294140e+00	4.736848639599126720e+00	4.766008595178063523e+00
2.059676939560485565e+01	4.946238448517608965e+00	5.710977470749552865e+00	5.055304337309521223e+00	4.741311811070856308e+00
2.601228454521132605e+01	4.973473625887911531e+00	4.801039857404089339e+00	6.657895913050075443e+00	5.678294806332332634e+00
2.397432252731213254e+01	6.788006623555460806e+00	4.087506866524978300e+00	4.974742939531190622e+00	6.018063304695799864e+00
2.057186591098864170e+01	6.989579910842119936e+00	5.023243665782710643e+00	6.137848987780951227e+00	6.544371998344882257e+00
2.500748183359683807e+01	6.381606687775708942e+00	4.482910502638186578e+00	6.338377033722303544e+00	6.703052955548433722e+00
2.571710429799386688e+01	6.882509543334621505e+00	6.549189128194880638e+00	5.186150194269311342e+00	6.895708224416315701e+00
2.347113602904657625e+01	5.023737951033308669e+00	5.190902197556970243e+00	6.111947178198598785e+00	4.034670325955266534e+00
2.184559280525744995e+01	6.611428859390786172e+00	6.123020900049348292e+00	6.197363823795901894e+00	5.838348366948769907e+00
2.530501255258594639e+01	5.622944238044155441e+00	5.467697506319878720e+00	4.321134726803787629e+00	5.922762457090467336e+00
2.737134521475766746e+01	4.196746240609803280e+00	5.377052212972695422e+00	6.984083753337800182e+00	4.112239620820664854e+00
2.354871801905714079e+01	6.164855782961734754e+00	5.080851455683796480e+00	6.414952141820559284e+00	5.848747687932084993e+00
2.344461700176580976e+01	5.556627635743967453e+00	4.904996213422340823e+00	5.912444032059694266e+00	4.577433334064903825e+00
1.945279024995950934e+01	4.262520767965682467e+00	5.858271106803491612e+00	5.082321901353789251e+00	4.150666573785527724e+00
2.265847563572534185e+01	5.605758140389401234e+00	5.841136549133228328e+00	4.264464780919781539e+00	6.938834876037327071e+00
1.880022441125631616e+01	5.925703348069800924e+00	4.924261965158213350e+00	6.859314312008698344e+00	6.719446433983890188e+00
2.421913652710960818e+01	5.634187989183541134e+00	4.910131780129809442e+00	4.111518596955565208e+00	4.974184873866089873e+00
2.750428313366214539e+01	4.392345850323024159e+00	6.315543802639981052e+00	5.163079780085536363e+00	4.376338589033701432e+00
2.278502970251517468e+01	5.349844914498937953e+00	6.723971235647472788e+00	6.187693782777540008e+00	5.663990027743765587e+00
2.607700413046513077e+01	5.113749220807338958e+00	6.236413370317968941e+00	6.104699056156436932e+00	5.261344941892354576e+00
2.608426186000360048e+01	5.362792419779842668e+00	6.354223405222884757e+00	4.022676383222409946e+00	5.277120577349708519e+00
2.565850745573802527e+01	5.884355582526975326e+00	6.481192107537737890e+00	5.630304735891203727e+00	4.121450504710883145e+00
2.033899433945775215e+01	4.676867053906353711e+00	5.750754895019417390e+00	5.405320332900282132e+00	4.335027891689894552e+00
2.599879572323862220e+01	6.348045345349765611e+00	5.744633987548474430e+00	4.836840888956593254e+00	4.286081374062065130e+00
2.715340458088184050e+01	6.028352659721972984e+00	5.238216820978014887e+00	4.600825245904553107e+00	4.935395397646298754e+00
2.353503557011437763e+01	4.460905534856819621e+00	6.446849923021078510e+00	6.146214717576666153e+00	4.557395285996164169e+00
2.132915409513761773e+01	6.447614141014159195e+00	4.524480341282816731e+00	4.685866295200407095e+00	6.172535206821473608e+00
2.629549730680095010e+01	4.384674784687109472e+00	6.585074272482830615e+00	4.651228762800919903e+00	6.579295394958654342e+00
2.691656200212699801e+01	5.353665590615430681e+00	6.879562296669258892e+00	5.382987317979795350e+00	4.878391141122262908e+00
2.713026569196911808e+01	5.860071976897226698e+00	6.141936199354996795e+00	6.826505382454214121e+00	6.752110659731334508e+00
2.439598299308286400e+01	4.274449443887258226e+00	6.077992792941741662e+00	4.998772231302635483e+00	6.461501556156441062e+00
2.769037102726290200e+01	5.194756457665564930e+00	5.286785315873401281e+00	6.263872971344413898e+00	5.150526057979620376e+00
1.844435782910454691e+01	4.001191097301012967e+00	6.719589722911528895e+00	5.641017215211146407e+00	5.956378484068856061e+00
2.604955198535568783e+01	6.866510250552156691e+00	4.070555446416117107e+00	4.152558540019441580e+00	5.355424729874977530e+00
2.610801775142783754e+01	6.462718790014235992e+00	5.657225249957769542e+00	6.499012539309767078e+00	4.258205895860365686e+00
2.446194373629622731e+01	5.230843120140415081e+00	6.005553447037891068e+00	6.417983401678164057e+00	4.008343916047487632e+00
2.230675471471179350e+01	5.269525778260300442e+00	5.411621846631661015e+00	4.473645169298840152e+00	6.841015940240118276e+00
2.798907120476982158e+01	4.281063673858088947e+00	4.116179879084666204e+00	5.042428623266408394e+00	6.288254381248819413e+00
2.128807479388800772e+01	4.501633459803072057e+00	4.233309793813240240e+00	4.381208402868377760e+00	5.104548166056114056e+00
2.586357061363541732e+01	4.595189699512927994e+00	5.352150127698909188e+00	5.928062258231888038e+00	6.448875539990067907e+00
2.510018266124868447e+01	5.001800945007738086e+00	4.896343562055127663e+00	4.101272603902303082e+00	4.680408938997445922e+00
1.859012031506677332e+01	5.584237518794654243e+00	6.331940463945693764e+00	4.593231543561858921e+00	5.061626635332557633e+00
2.784292666963673923e+01	6.670571672026935239e+00	4.243537539067661513e+00	6.219188201459213694e+00	5.054688620052773196e+00
2.665301552113231764e+01	6.574619370889548620e+00	4.090346314961698759e+00	4.410338818292545149e+00	4.573923462476051860e+00
2.077902798450648092e+01	6.456042693956460354e+00	6.421244389111874007e+00	4.775241573641165971e+00	4.905942737216082428e+00
2.324756017596643787e+01	4.244856403905031605e+00	4.995380856215736465e+00	4.226908736280073242e+00	4.333234460249934195e+00
2.379786176149437082e+01	6.895705399209485442e+00	5.034664147934181599e+00	4.504391700333436610e+00	5.086441229897968874e+00
1.949902103135004339e+01	5.662904153188327960e+00	4.171272268049965426e+00	6.365234210292702421e+00	6.340431746450698292e+00
2.278194286455474682e+01	5.162272756235967819e+00	5.397863053139231759e+00	4.097643954172614400e+00	6.605157217151170990e+00
2.329191503583174594e+01	6.120520697711627989e+00	5.098112676041376190e+00	5.267544977631319014e+00	4.845701656428744286e+00
2.449158411737751706e+01	4.339912191724231150e+00	5.937769860021012036e+00	6.475876391154229417e+00	6.566074122255622036e+00
2.424717333852098378e+01	6.140351748119313946e+00	6.117534548733926769e+00	4.211461859834428445e+00	4.650399106447488329e+00
1.837541909394586170e+01	4.534130009895284807e+00	6.570112668312969362e+00	5.386965419809811806e+00	6.332576430961586844e+00
2.719093700152804516e+01	6.755510896055902492e+00	6.312319835579559779e+00	4.657076001540239041e+00	4.363564785086331277e+00
2.320737437416078919e+01	6.084437015420581574e+00	4.586168116487464808e+00	5.141282454807194036e+00	6.325911280167325401e+00
2.398090508411955923e+01	4.143189167519141236e+00	4.928210427549238659e+00	6.215009065528072973e+00	5.388243884585470767e+00
2.072497261305156258e+01	4.169389515962053316e+00	6.938261745741961306e+00	5.211807033206060424e+00	6.918823896266684592e+00
2.360978389179141956e+01	6.619722312730502267e+00	5.036842768060878051e+00	4.522731722832179280e+00	5.323097628926296565e+00
1.928456077821405756e+01	4.012139813905115204e+00	6.758507489974292071e+00	6.454010186196453169e+00	5.763541782585995144e+00
2.499445277984767699e+01	6.206265768613793199e+00	5.161670861133917931e+00	6.120647276976489692e+00	5.936711472049882587e+00
1.900607394396237382e+01	4.467334755470460550e+00	6.843654125883628758e+00	4.169250204772875001e+00	4.952328501782688797e+00
2.028174855467053206e+01	4.038749505767328607e+00	6.702838979090540050e+00	6.028151639174114784e+00	6.220149986799236252e+00
2.208520924039777000e+01	5.159838790697043542e+00	5.758335766576810677e+00	6.689983547289695132e+00	6.234023997693751262e+00
2.687051815213639117e+01	4.132903669385751932e+00	6.415156589024879175e+00	6.979621542299133452e+00	5.585231685025376258e+00
2.594949057419547955e+01	5.890055973017671143e+00	5.331976491004343899e+00	4.500721360785692404e+00	4.005651248851719970e+00
1.924376364255008554e+01	6.942145336621186047e+00	4.799487777541170175e+00	6.920705608017127197e+00	4.505249162269981511e+00
2.319819082432601576e+01	6.056901839034695811e+00	6.402452276863962233e+00	6.070696955318347854e+00	6.670238051097502563e+00
2.473738949758002548e+01	5.061892373165498782e+00	5.220789184011390027e+00	4.475995353224417883e+00	5.779504915197268389e+00
2.232254364697913829e+01	5.188467602614444729e+00	6.513527098157012141e+00	6.673381307373922766e+00	4.450317600434415155e+00
2.231114741086141606e+01	4.351660291686390458e+00	5.913721826805853787e+00	5.773212146154282465e+00	4.449015715966719853e+00
2.100890292617031108e+01	4.896079937613153632e+00	6.791966325483874023e+00	5.491109088081624456e+00	4.415387675842685766e+00
2.562529953260678539e+01	5.128822306105879747e+00	5.011427911067650065e+00	4.766719720528610260e+00	6.127801828924768657e+00
2.677047688358513966e+01	5.140617203817833492e+00	5.996073948681035937e+00	6.909939656400344354e+00	5.056437048018033842e+00
2.246597860969828986e+01	6.136491423390119770e+00	6.151384151463016536e+00	4.047394370268875718e+00	4.830538500185338258e+00
2.681251737469686702e+01	5.906476589290715395e+00	4.980501506622929675e+00	4.243701374792459013e+00	5.105754077472031582e+00
1.839274056324455131e+01	4.163715880166375172e+00	4.976892395402484404e+00	6.586777240378055787e+00	4.503339608763166524e+00
2.186204200741457271e+01	4.920565783891222011e+00	6.648449139650452366e+00	6.014589265818738539e+00	5.489141820217646739e+00
1.930977349624713213e+01	5.726892172315613649e+00	6.593899969703553410e+00	5.103570572113309112e+00	5.319085395044205633e+00
2.697070636630896701e+01	6.969855169096981662e+00	4.080720302831271518e+00	6.274280782910095056e+00	5.239686082211366447e+00
2.755805368515747844e+01	6.554804457131538697e+00	5.374344778795514976e+00	6.385718895895271530e+00	5.648171227541967099e+00
1.874424349729746808e+01	5.308182828644270046e+00	5.584646487054119923e+00	4.170729416050145133e+00	5.063278786210753779e+00
2.377650642735166286e+01	4.609132478167415670e+00	5.577753369098053859e+00	5.005593672086480872e+00	6.819822946894829485e+00
2.410065064406236246e+01	5.489692356111223859e+00	4.919231177979829894e+00	4.018070943643587967e+00	4.611154296258817453e+00
1.919607573168141457e+01	6.958100987325962272e+00	5.529950850869543189e+00	5.897126138294732201e+00	5.791604843333369779e+00
1.936628709146318172e+01	5.997506607791764033e+00	6.740412826523416001e+00	4.006258263891067983e+00	5.042995439716460027e+00
2.636387598491254991e+01	6.964665193322524317e+00	4.327239966867755250e+00	4.032969569076201743e+00	4.032191266058914536e+00
2.244552945222788409e+01	4.666681267684129608e+00	5.281873191847423321e+00	4.123698791206202863e+00	4.131269271386027064e+00
2.373039738504356322e+01	6.303571249327045045e+00	6.170280929890655131e+00	5.292664135496356614e+00	5.911989065564395851e+00
2.734930154106497824e+01	6.076569317905780920e+00	4.806768001182448735e+00	4.928175662787661615e+00	6.218822009034504994e+00
2.033258735334311851e+01	6.390404841832888927e+00	6.411361241115028697e+00	4.015670648689277478e+00	6.401345942534938160e+00
2.573026539325792328e+01	5.179179477986166624e+00	5.342814726329345731e+00	6.608293348556529168e+00	4.312546167725949786e+00
2.204326879609908829e+01	4.969242378012743266e+00	6.190658986241532880e+00	4.814696538668989056e+00	4.559993009856062152e+00
2.334201645957623938e+01	5.626768370147306797e+00	4.567885466329256516e+00	5.811604503314408809e+00	5.996276045324282045e+00
2.509227043523061695e+01	5.064864250118766620e+00	5.043173053358352753e+00	6.824473627719892299e+00	4.414801306886058541e+00
1.885937564214793127e+01	6.575361370903312519e+00	5.586549304150608464e+00	6.221706700614868524e+00	5.099073890973813583e+00
2.358274865406179188e+01	4.152700549590267798e+00	5.137148683101192326e+00	4.389977610006575048e+00	4.809031520096050727e+00
2.452793384993857018e+01	4.194541352562130676e+00	6.936457924166134603e+00	4.192663213261518251e+00	6.299102245731528882e+00
1.826684476618173392e+01	4.809486807522865170e+00	6.503817753154579329e+00	5.246972212897531129e+00	5.699345731765365741e+00
2.748739378106121478e+01	6.022824561272220656e+00	6.579833914194598066e+00	5.335682311436404923e+00	4.369636372005366809e+00
2.702805452389240770e+01	4.714916444687174746e+00	5.068872992184523696e+00	6.650644378110324162e+00	6.511662313276657343e+00
2.650518304347579956e+01	6.990207233385034691e+00	6.981822017922992174e+00	4.834148588143553305e+00	4.677519728050415715e+00
1.912568423322262490e+01	4.300502074873952196e+00	4.750547758276395527e+00	5.487159277488978582e+00	4.627445184383639720e+00
1.825932251270296547e+01	4.150910401426100904e+00	6.422806972629028444e+00	5.548716420665360083e+00	4.271274292551505702e+00
2.390208650957587011e+01	6.291174404035537293e+00	6.475246960001952878e+00	5.098815082544144950e+00	4.440896224765111810e+00
2.480106258078657788e+01	6.665313132630952708e+00	4.649687408346752093e+00	5.044801150278317436e+00	5.386800032298439511e+00
1.957921881856150748e+01	4.723263104465284634e+00	5.389244041838447075e+00	4.077303783518104296e+00	5.190701279201267226e+00
1.861468736643802657e+01	5.006564961862059349e+00	4.803268837267142821e+00	6.236418720928182502e+00	4.579386879154548673e+00
2.485892598391477293e+01	4.566609705413589460e+00	6.799008754455061698e+00	6.700795105131569507e+00	4.176329452431801315e+00
2.470304116592684451e+01	4.522289088386595601e+00	6.487591696146981057e+00	5.409469036372938966e+00	6.625534074995578671e+00
2.293045307214267226e+01	4.739227392026342578e+00	4.149384867017008816e+00	6.210376216503914470e+00	6.254752611510645544e+00
2.469232489092905425e+01	4.021179636320311168e+00	5.310996391984261322e+00	5.827449972680952328e+00	4.671464471348848235e+00
1.871113662186965243e+01	4.979234367495885216e+00	4.167172963218409798e+00	4.187207740939540734e+00	5.707008854494476147e+00
2.090745277858086482e+01	5.936207725099976074e+00	4.087369244768893850e+00	4.069994040793604384e+00	6.396568126532277354e+00
1.983622014897903796e+01	6.771303115707847375e+00	5.488982520893896044e+00	4.248063315886057012e+00	6.649827848604740410e+00
2.187542153076239160e+01	4.441992723740324500e+00	4.235585613574373021e+00	5.373397887812891405e+00	5.290299204708624359e+00
2.552739301227790847e+01	4.990800368201760762e+00	4.103565097667027928e+00	6.962754311133492635e+00	4.022805532065939715e+00
2.565615524184288176e+01	5.842807856970775759e+00	4.152932361495492053e+00	6.969963864058435377e+00	6.385238432665026664e+00
2.342561879094253996e+01	4.198028018120213645e+00	4.898927252609321492e+00	6.796889288864319312e+00	6.496535059233893072e+00
2.068843547916962322e+01	4.795161449674955279e+00	4.761568690867938436e+00	5.521165989081053382e+00	4.447435241734503997e+00
2.019015826629909327e+01	4.145410393720476705e+00	5.180485369530542172e+00	5.700223165505200029e+00	6.489457386519114301e+00
1.977082258240129065e+01	5.802194876204709750e+00	5.134749276771941595e+00	5.362109037504160014e+00	6.633242996975913464e+00
2.639591961470584991e+01	4.731884453346829389e+00	5.101043793471889742e+00	6.403954558694202603e+00	5.022538676637288368e+00
2.688460415285578620e+01	5.247835627050210228e+00	4.605948570800061148e+00	6.184566387418064082e+00	6.301239351905038255e+00
2.733217190586180223e+01	6.326000488615931339e+00	5.871696932611379260e+00	4.400485117680833724e+00	5.516865510848345089e+00
2.181425648958967756e+01	4.311007768561998965e+00	6.954366762425868487e+00	4.893611684160741326e+00	5.747076448359118572e+00
2.704193909249411476e+01	4.514095991513667805e+00	5.015077854706343707e+00	5.984544489973873560e+00	4.643992596129257855e+00
2.644421803455776754e+01	5.453225644985050913e+00	6.176491284964953365e+00	6.360563391649417753e+00	5.991389923419147223e+00
2.009306538911268447e+01	6.584659887167545911e+00	5.208737867161769231e+00	6.116559957759712951e+00	6.519672953538798055e+00
2.705984718824194957e+01	6.315639100049088128e+00	6.747943314440511209e+00	5.999603689880349755e+00	4.895977725776393896e+00
2.137518270643741758e+01	4.779582129961769787e+00	5.396631889834526241e+00	6.790857188310534198e+00	4.999880551158620179e+00
2.119343686273147043e+01	6.430610550690386340e+00	4.942332529162265509e+00	4.494999789382856825e+00	5.864837325660645639e+00
2.046961330586784911e+01	5.765138476377698495e+00	4.117851744218262056e+00	5.422652655512455233e+00	6.531240735255694929e+00
2.571262219607622157e+01	6.679853521555138229e+00	5.125271503696656517e+00	6.770765859543524279e+00	5.981742396690032493e+00
1.863088986221836407e+01	6.603033993330404527e+00	4.876739294961543791e+00	4.013828274315408784e+00	6.053511375945229034e+00
1.838786679399026980e+01	5.307297898355003873e+00	4.642407370056988114e+00	5.401356255491151614e+00	6.685622704266314109e+00
1.837389764315306451e+01	5.745029583138789420e+00	4.553825597051790908e+00	5.282230899453674411e+00	5.569829265824897568e+00
2.178725037367606987e+01	6.402636370621208606e+00	6.010346928939133804e+00	4.753792414801338850e+00	4.980069767553113813e+00
2.264671682773965955e+01	5.187370399877600846e+00	6.727946656483180909e+00	6.735741098674312255e+00	5.445140546107776203e+00
2.170976897457612154e+01	6.500198740752818338e+00	5.815598921868353699e+00	4.487832683415287072e+00	6.563950004429907281e+00
1.950701090366609947e+01	4.186354459574625153e+00	4.823701395775028544e+00	6.323505820174883496e+00	4.487606109550432265e+00
1.974578865111987014e+01	5.571394598279841404e+00	5.626785251350309380e+00	5.396866908424695630e+00	5.265105157137538683e+00
2.223268948774357767e+01	6.513119241827669548e+00	4.776171498267760995e+00	6.344498438311077848e+00	4.329751721675621390e+00
2.464708338212917127e+01	5.942450905495529234e+00	5.717926834733697561e+00	4.421131709291510781e+00	5.758897291487416581e+00
2.227361889261305805e+01	4.611607888854206472e+00	6.638512587869263015e+00	4.355361744953316183e+00	4.755648026237247805e+00
2.587705189955553919e+01	6.080868209926586054e+00	6.830831774758541641e+00	5.354037051388425894e+00	5.198983462367410269e+00
2.271977619960993522e+01	5.955391440588508445e+00	5.867743393784323302e+00	5.387939043645790349e+00	4.174641836085554836e+00
2.349370346925168107e+01	6.889597222035273916e+00	6.928415478301642949e+00	6.434979057981274231e+00	6.666492063820873781e+00
2.440980575684956477e+01	4.878468497777552315e+00	4.595039411942988927e+00	5.501880111392547512e+00	4.634631190261245592e+00
2.069998243923932790e+01	5.096511324559724443e+00	6.376350035371129543e+00	5.488938184339353654e+00	4.394061575970176214e+00
2.672715364855749343e+01	4.051168533599756039e+00	6.995552351007203740e+00	4.907744990973335497e+00	4.697319985272901732e+00
1.869961578149254677e+01	6.340795637935032758e+00	5.875740352656656285e+00	6.055191580706514642e+00	4.320499938122904560e+00
2.632759314538867912e+01	5.234729921781632100e+00	6.814522048394831444e+00	5.059512878414448522e+00	4.339947687902577123e+00
1.892491914957597032e+01	6.185078589964892792e+00	6.496845090871378403e+00	5.818139928417696005e+00	4.117807234100038905e+00
2.529904428524926630e+01	6.155572855447056568e+00	6.441908302641452089e+00	6.438002882189159948e+00	6.134056019055520892e+00
2.413364237920325195e+01	6.977731929717360337e+00	5.259248762184475012e+00	4.314729456821151388e+00	6.278979946423550729e+00
2.758788229316185792e+01	5.012768858054021948e+00	6.154978566852893351e+00	4.423638978771463393e+00	5.963743975060248559e+00
2.346296030779085839e+01	6.762236560551261100e+00	5.275042377074050215e+00	4.622761168855199720e+00	5.909151113648616338e+00
2.671955550682803704e+01	4.396857021309287461e+00	6.313808756438429093e+00	5.413544910878088423e+00	4.012128929189673343e+00
2.340054925429883426e+01	6.751140098580341586e+00	5.153712507045629110e+00	5.342369597681469351e+00	6.352919918164526614e+00
2.294818670943325500e+01	6.045242647300332450e+00	4.574249930682292131e+00	4.279977423209469833e+00	4.902945079637363257e+00
1.926249189491266023e+01	6.799741143023281253e+00	4.053858342431074568e+00	5.068266771215821365e+00	5.968592050429533558e+00
2.050906168985471467e+01	6.190238578675304915e+00	4.912989258235850087e+00	6.844965929918251923e+00	4.592723474276386497e+00
2.299454190804569720e+01	5.028258444485473433e+00	4.035891348716204696e+00	5.020123407040453678e+00	6.791833118152325710e+00
1.992198758275977966e+01	4.903500271790178999e+00	4.837946935418371730e+00	5.683246138780801537e+00	6.010326158252318862e+00
2.489767038176621483e+01	5.008018346011531285e+00	5.618689389770143094e+00	5.134522145702163698e+00	6.462626994135549197e+00
1.959676816850302217e+01	5.792581337192495461e+00	5.516855593685712655e+00	6.045874258722354178e+00	6.998811782239043211e+00
2.749908311630965230e+01	6.462177723982192923e+00	6.974220775793980920e+00	5.573522228359871988e+00	6.420460943507320550e+00
2.241105625885758457e+01	5.541725248876529619e+00	4.817484387013667657e+00	6.707888835884006973e+00	6.237863655195491575e+00
2.392871743572294818e+01	5.951572395564752149e+00	6.448387672627240441e+00	6.352646811050967735e+00	4.667912156702596072e+00
2.034202735580937471e+01	6.836724176637825501e+00	4.433039004830344076e+00	6.966386435583445724e+00	5.966535079972786981e+00
1.934408889288815914e+01	5.444284669571315405e+00	5.431537771723066399e+00	5.876879766748498213e+00	4.987691446658383931e+00
2.685207829922575229e+01	4.803190539989906860e+00	4.174900353517112528e+00	5.160046381747133815e+00	6.188711736973090183e+00
2.174742958798501391e+01	4.321902577243438515e+00	4.413955160732461636e+00	5.779510601725988295e+00	4.819480599517459218e+00
2.797402843047558463e+01	5.772844199283236222e+00	6.889112521543524714e+00	5.737939516010818863e+00	4.390005421995631707e+00
2.450421795349421217e+01	4.064990299643593374e+00	4.698073080788169875e+00	4.386720003985089988e+00	5.753915317171893307e+00
2.778919919765905888e+01	5.992023010824121698e+00	4.031727039115427402e+00	5.642977092039296316e+00	5.440896601928753462e+00
2.483924538423929107e+01	5.427187499893804556e+00	4.238201747373353534e+00	5.366433614069643809e+00	4.868501865200445700e+00
2.773396594984178876e+01	6.311918234840321773e+00	6.468852236778188214e+00	4.136142144544671773e+00	4.888109124223918300e+00
2.556928736951642023e+01	6.726854203125747667e+00	5.952952345574390236e+00	6.411807707490106090e+00	6.371284530034045268e+00
1.978154072291521715e+01	4.690426900343064531e+00	6.826749557549216085e+00	4.882054093702035580e+00	6.674918957008083353e+00
2.050814570765015432e+01	5.491592600294668891e+00	4.388804033438864494e+00	4.390142103724761213e+00	6.943617038799176910e+00
2.516352413503709684e+01	6.720357007017463857e+00	5.713236005292288588e+00	6.077996764835128296e+00	6.338299616582630414e+00
1.851781253841565444e+01	5.902507038112647209e+00	5.779392419382650914e+00	6.917224271645026512e+00	6.073986363478765860e+00
2.515237973578403441e+01	5.877415603929192933e+00	4.132344815670193405e+00	6.900737216125333973e+00	4.107322439402786962e+00
2.795593968701566112e+01	5.358771498199573990e+00	5.614571170597643324e+00	6.829613001309566833e+00	5.682158128663427732e+00
1.919027209786705157e+01	6.545830150887895549e+00	4.646884798715547937e+00	6.881924635217790076e+00	6.652472618281183969e+00
2.452310924326007679e+01	4.858035970925612901e+00	5.270608170375427726e+00	6.003720030577138544e+00	5.571715329223638768e+00
2.420838082000395275e+01	4.084454010452256867e+00	5.599944471003067470e+00	4.109240517482827038e+00	5.651294996471723842e+00
1.923845972130592230e+01	5.315672897132589725e+00	5.049351921445472513e+00	6.132925567718070070e+00	5.659980331203799508e+00
2.008890892585237964e+01	5.408189086022706427e+00	4.697299623987610140e+00	5.156777703767475352e+00	5.957557815757233755e+00
2.630814668035663217e+01	5.367929505666423573e+00	4.318269367024361038e+00	4.616315135279970505e+00	5.144699870309210610e+00
2.432954415723840924e+01	6.134052448464553997e+00	5.838442174472366020e+00	5.674458024905162823e+00	6.533771719512454723e+00
2.321583754561544666e+01	4.531952182090332570e+00	4.748920117525972096e+00	4.721201902627846891e+00	4.464950074101484923e+00
2.054769246014759432e+01	4.368736045421371728e+00	5.890724015273312908e+00	4.144463774035862080e+00	6.863877241045520883e+00
2.796567140011857333e+01	5.789160479762589517e+00	5.071785478183740814e+00	4.691229992321146902e+00	5.883993267409192818e+00
2.310000419518078374e+01	6.856779893365940737e+00	6.053821489739658723e+00	4.942041157872500534e+00	4.718251275719140381e+00
2.606910794191968961e+01	6.615177408478147392e+00	6.763571958332766698e+00	6.776986659186738926e+00	6.231445713987794122e+00
2.718021730350293552e+01	6.767265295750844345e+00	5.470578003935712808e+00	4.521522065277090441e+00	6.041522955618570556e+00
2.269496386675031729e+01	4.017212023832302137e+00	4.252385189551598721e+00	5.256250842740367801e+00	6.968881273290884693e+00
2.661518726614216135e+01	4.204711591714335839e+00	4.470974619388124793e+00	6.489426551667419218e+00	6.264668870688695712e+00
1.833857760723846297e+01	5.783428472472532000e+00	4.845575228557494896e+00	4.666596091119206591e+00	5.419263473859400548e+00
2.079801760768858188e+01	6.645845145167796453e+00	5.327671516121399442e+00	4.980316480213966557e+00	4.047317931611101649e+00
2.453973126474821598e+01	4.248091395159421246e+00	6.898831003693095987e+00	4.976941364164202852e+00	6.207505483045104633e+00
2.127122333977623470e+01	5.924682651860297966e+00	6.332990184277509371e+00	6.509590455025490385e+00	4.569569131996702005e+00
2.655905020867602317e+01	4.130121447544192748e+00	4.284757187444106385e+00	6.911367343264472218e+00	4.945294607292950673e+00
2.507677902382614832e+01	4.148872372351551263e+00	4.958331175655956713e+00	5.945545301847122488e+00	6.307257076483725022e+00
2.654840541841931767e+01	4.297159416011079536e+00	6.612495878956691442e+00	6.427615560873119804e+00	5.218305275721092151e+00
1.970123508062161477e+01	4.299555733910475297e+00	5.549979952703059993e+00	6.714957331949701569e+00	6.366363901647178913e+00
2.765637606409982396e+01	6.529715245753287434e+00	5.109647368915152477e+00	5.320938830787854457e+00	6.329053786601336995e+00
1.811946040948197734e+01	6.337314792186510282e+00	4.302075692531452944e+00	5.066313496657511628e+00	6.403999868370223503e+00
1.908326886356538310e+01	4.598074222029194580e+00	5.607398936007175649e+00	4.183631552848188662e+00	5.134536624812195527e+00
2.137187647892393727e+01	4.326644939961678205e+00	5.897547542182135949e+00	4.861384289201505560e+00	5.816134621546678929e+00
2.662543282903664377e+01	4.069012227085861078e+00	4.681578767567807553e+00	5.772044082847353152e+00	5.960885071624350218e+00
2.624238162089224957e+01	5.296949994820913332e+00	6.761631008462130943e+00	5.118436588375418594e+00	5.901187673586489879e+00
2.087956354865246311e+01	5.586955752192602098e+00	6.910672496054680813e+00	6.840601642480136135e+00	4.543952296642721933e+00
2.279773008067664364e+01	5.042118191968712360e+00	4.687830281260021437e+00	5.153300005542403639e+00	4.097357623701014973e+00
1.822480653237865056e+01	6.441655877797265894e+00	4.505421118775172928e+00	4.916096806657793472e+00	4.706498483770510610e+00
2.247151367796976373e+01	5.480577557644196851e+00	4.019319952208319613e+00	6.778428212141291986e+00	6.907575259688873537e+00
1.925498266887031917e+01	6.687204180330121872e+00	5.474611893594728329e+00	4.449981318417826515e+00	4.419619784259411155e+00
2.637215412764465583e+01	6.014583824091082498e+00	5.917238005270171186e+00	6.239610748820819452e+00	6.407167250860847041e+00
2.093862846748384854e+01	6.532449062196969969e+00	5.041988642613831395e+00	4.310095487133192016e+00	4.126196554339671252e+00
2.700176127712014562e+01	6.690505704867605985e+00	5.158901099833906656e+00	4.241428572272548436e+00	6.653804807078257610e+00
2.528945840726346006e+01	5.769134514926877344e+00	5.439686557849676696e+00	6.401642536108636428e+00	4.942069443593508637e+00
2.060661911520373479e+01	5.938085773247266275e+00	6.840764238656348972e+00	4.784650057991030714e+00	6.486749229951874085e+00
2.393386102196637921e+01	6.307479425182260790e+00	6.809863994521860420e+00	4.764555960375187915e+00	6.144916816483353195e+00
2.783844524299733436e+01	4.581004537869572069e+00	5.491220427317438535e+00	6.999953163235642428e+00	4.932738599577580096e+00
2.045316454970260267e+01	6.021610154736549703e+00	4.732250561547517442e+00	5.357118276584137639e+00	4.829160013034348609e+00
1.822753825893470037e+01	6.486512789538751100e+00	5.486384067033715617e+00	5.686205095633470208e+00	6.416836167966741833e+00
2.720358682843541942e+01	6.482975399748921674e+00	6.885387243026759307e+00	4.629275749263024764e+00	6.161635078847891300e+00
1.947569548796738204e+01	5.385957310618184835e+00	5.324585604660925675e+00	6.194106380294056358e+00	5.514808295724897391e+00
2.350739048677857213e+01	4.664014360648947033e+00	4.549060486208029275e+00	6.356426115042364877e+00	6.979609925715371865e+00
2.099501293512395961e+01	6.731573899987973064e+00	4.836142842615047677e+00	4.285338805252455252e+00	5.787374399365114996e+00
2.207928964052017662e+01	4.770688543458550868e+00	4.673626830060032766e+00	4.308657098291181597e+00	5.469798084990102893e+00
2.026026850746454144e+01	4.625099363527823471e+00	5.993202446514680481e+00	6.052062307710390776e+00	6.901695736319727104e+00
2.063663819903996810e+01	6.202019852229463837e+00	5.458921402430710224e+00	5.226132389830588032e+00	4.745253562385543411e+00
2.430637766405366307e+01	4.639888381709135423e+00	6.858671062710713251e+00	6.532892124872284434e+00	5.115234980532558318e+00
2.596518760001129422e+01	5.539209965594750429e+00	6.019274926825094241e+00	6.879082832724340513e+00	6.004899942233224763e+00
2.461671967620343437e+01	6.213896414432508841e+00	6.730277884159310275e+00	5.856663203137698837e+00	5.926634509974965326e+00
2.145409428058054857e+01	5.293814181198104762e+00	4.985421312989576137e+00	6.803222708925112272e+00	5.444418365634728474e+00
2.659320222324668492e+01	5.404610509647008953e+00	5.973685276365993779e+00	5.793761021980095016e+00	6.772394068849557414e+00
2.729248740094221759e+01	4.261130868520826454e+00	4.129674439724699830e+00	6.493294136705705100e+00	4.137555634703001139e+00
2.648426082581815066e+01	6.893726951182710394e+00	4.794646606152238810e+00	6.160556406828553655e+00	5.005360026112495753e+00
1.921886247808287251e+01	6.928620236883466177e+00	5.632793065076694639e+00	6.531508114494182671e+00	4.498716911490831194e+00
1.808536599841894343e+01	5.616185292053544664e+00	5.364683062262555424e+00	5.726620212538593435e+00	5.811471245035706445e+00
2.146053767824495750e+01	6.437943525377336051e+00	5.695466720550727224e+00	6.666750257753427888e+00	5.450484641313919632e+00
2.176686297583473717e+01	5.642285651019839143e+00	4.589679155177607939e+00	5.038537104879107886e+00	5.237318672038245637e+00
2.587339863460789147e+01	5.286624007800456049e+00	4.276250100495648354e+00	5.145490025947357715e+00	6.804517656605821863e+00
2.139362416165495517e+01	5.208630569520995124e+00	6.344262525676201747e+00	4.850664397052337762e+00	5.083442095105763059e+00
2.588900380308994187e+01	6.752941233030911761e+00	4.565302989633719832e+00	6.255707718274110540e+00	6.571402834094050682e+00
2.525221442193370791e+01	5.059173847708106742e+00	5.709215654219956804e+00	5.222505153208732764e+00	6.459553773732584325e+00
2.022228826925192280e+01	5.676586657766643285e+00	4.334061699222171882e+00	4.259092330917804148e+00	4.969661302294023031e+00
2.457336675093047162e+01	6.281901572164499292e+00	5.829846159398227812e+00	5.390552928119744180e+00	6.112180159849422978e+00
2.569057251371291173e+01	5.879169076569100483e+00	4.101087331511029888e+00	6.444641627719957633e+00	5.027727219241727497e+00
2.533104745151925030e+01	4.721519881861886425e+00	6.636315891875633532e+00	6.686905578167464448e+00	5.798611890513415190e+00
2.547208631419210434e+01	6.061663192347403140e+00	4.692410415705416504e+00	4.084563955735931451e+00	4.453426050796863933e+00
2.240638131995930848e+01	4.074474159430729436e+00	6.620640585379520715e+00	5.462978406220975636e+00	4.065471584140148309e+00
2.751871658724524394e+01	4.557536542468855423e+00	6.145515980436782044e+00	4.134668885964491558e+00	6.553235337011905415e+00
2.434871574837114139e+01	6.355188921046909911e+00	4.356337721104966754e+00	6.377221717233812370e+00	4.944363829449438974e+00
2.249960801136968769e+01	4.640827095619167508e+00	4.652823645322349044e+00	6.542674571676103668e+00	5.922126446955070733e+00
2.454403096499406089e+01	4.948291099064850762e+00	5.610063830766441662e+00	5.497835763225747741e+00	6.349364413751411362e+00
2.581051119466761179e+01	6.910490355286157182e+00	4.644289905215222447e+00	6.860110742959794727e+00	6.865186003864533149e+00
2.113188182959494199e+01	4.788915029319910310e+00	4.529929541693929806e+00	5.843186378518763213e+00	5.888581334116828714e+00
2.328146145952721824e+01	5.740557264994699871e+00	4.936717438607547415e+00	5.008742030452006055e+00	5.637483906371090647e+00
1.802601978097093038e+01	4.373180292813809267e+00	5.836986768545719073e+00	4.300831257341654279e+00	4.715455838440099079e+00
2.684177911657062410e+01	5.665457494225294433e+00	5.227626361348437278e+00	5.350258004227378628e+00	5.383677740149595436e+00
2.066998652175094264e+01	5.983009776860863660e+00	5.500985979254959801e+00	5.602096095021261490e+00	6.692859886954487081e+00
2.186693273261656856e+01	4.250593960474421174e+00	6.093924243635619575e+00	4.052914466447616881e+00	5.610253329140530099e+00
1.890271841586183399e+01	6.823072047441077537e+00	6.250001660330619657e+00	6.718739117379967318e+00	5.953406900110170596e+00
2.695427859868613751e+01	6.488415306326751342e+00	6.156284039364017246e+00	4.714302878259056584e+00	6.198768639064688557e+00
2.316076026606501159e+01	5.241388146071899179e+00	5.462336523876982319e+00	5.172301937715897857e+00	4.064364965367436966e+00
2.543705266224089812e+01	6.623776215764614506e+00	5.317886605003081968e+00	6.105301057685379895e+00	6.596504215947492256e+00
2.322923895879512202e+01	5.462267366864388407e+00	5.902218604363926424e+00	6.814856030013124233e+00	6.502366244566426090e+00
2.520319498838919969e+01	4.668654115454300424e+00	6.128829018073447266e+00	6.398560155322484455e+00	5.735813940830049695e+00
2.220102072989439179e+01	4.380608422296521809e+00	5.317145689355811555e+00	6.481971847875500181e+00	6.508485442037430069e+00
1.893880307360790738e+01	4.120743472360474335e+00	6.890791417988642031e+00	4.698669924510356921e+00	6.006317762258547965e+00
2.011767649639202915e+01	5.753098224573679254e+00	5.667334605465653929e+00	5.975871261995655992e+00	6.118267370626178092e+00
1.987041936166695066e+01	4.462965891490052961e+00	4.360534749943031585e+00	6.345944170715749344e+00	4.527321971565847036e+00
2.166740263123768173e+01	6.470985898944661585e+00	5.094839744801629600e+00	5.198117177184316873e+00	5.259808607691184079e+00
2.647978513783024823e+01	4.009001128394782398e+00	6.299850766269059932e+00	5.261834949488872759e+00	4.374156814756821277e+00
2.563929674455056684e+01	4.874628772637957574e+00	4.062787603142497872e+00	4.478068227676978985e+00	5.092611503932412020e+00
2.322283091804091981e+01	6.054570448286558992e+00	6.255178038559735754e+00	6.870884150505052190e+00	4.687873992934144418e+00
1.899474596642856383e+01	6.852906059724801935e+00	4.385732621443535706e+00	5.704451072254864030e+00	5.669503686253509755e+00
2.338161413956578727e+01	4.257387972740617421e+00	4.476770906286390961e+00	4.780332255614280434e+00	6.970117288510794928e+00
2.428528281951128065e+01	4.941532545240876928e+00	5.090873939519815039e+00	4.059573014529778590e+00	4.214152452813382688e+00
2.092066215088274816e+01	6.025041681980525254e+00	4.212936926466396947e+00	5.661121656745832453e+00	4.721513698398372760e+00
2.461420937700471612e+01	6.064330809249821819e+00	5.729742395609564554e+00	5.277379681324669392e+00	6.473577682167953817e+00
2.518196703137252968e+01	6.607442496203321802e+00	6.109382146676519021e+00	5.840748295849668814e+00	6.952320747661392630e+00
2.591893957869951493e+01	5.661106111462486545e+00	5.809941414967249251e+00	5.994397360125018892e+00	5.617909260025937712e+00
2.271644369267908203e+01	6.413440645796303130e+00	4.834047674981412968e+00	5.986812311031817657e+00	5.342384507230123702e+00
2.620389094775783079e+01	5.785445641417149787e+00	5.164565284593556349e+00	5.791380216468889230e+00	4.014431877783962932e+00
1.955600649898983079e+01	4.612655538970621194e+00	6.035607867761138223e+00	6.913457577471250559e+00	6.443016714707190395e+00
2.224687683095205415e+01	4.414556164758179690e+00	4.496036713372499882e+00	4.025471988721032623e+00	4.692418422054665861e+00
2.371883586963614832e+01	4.266118821616905699e+00	5.287573978694264376e+00	5.316919335822726467e+00	4.115649334607495824e+00
2.781993666834985390e+01	6.254447536993614776e+00	4.163400136856497902e+00	5.938670479130205848e+00	5.728729765368487215e+00
2.741646396090290949e+01	5.447294826003747481e+00	4.346199604595523347e+00	4.216519288853075587e+00	4.325898420182152648e+00
2.348424483228541959e+01	5.324263406873930293e+00	5.234863703209710728e+00	4.148343480583328358e+00	6.227528052546773552e+00
1.987776929606021881e+01	5.411531185985719361e+00	4.570007084479909665e+00	5.243601916745515901e+00	5.162902240044684454e+00
2.536699714174580578e+01	5.813882779993670091e+00	5.079043107724725559e+00	6.202852667007878296e+00	4.853639065892905613e+00
2.595672406260199594e+01	6.724998929326557295e+00	5.116800325783535719e+00	6.751627092282602938e+00	4.513710226645931023e+00
2.653859972152445934e+01	5.265645018467788319e+00	4.957157725372011825e+00	5.375403033079819259e+00	6.398804004658049216e+00
2.014230160453580964e+01	5.672187507398323447e+00	4.637636469747803858e+00	5.060595192061366987e+00	5.795328298352295349e+00
1.813344882400910762e+01	5.089172956964058692e+00	5.266123117670775677e+00	6.615126843717712646e+00	4.135555466234659860e+00
2.777755369293423016e+01	5.966788197225749713e+00	6.215444859416887624e+00	5.326060238348638620e+00	6.078025039735726942e+00
2.548465260655451559e+01	5.562855382668317361e+00	4.142936954069391220e+00	4.821098340046534148e+00	6.905472647779182793e+00
2.465668016821116382e+01	4.378024919194472453e+00	5.845322048210241483e+00	6.995655784424908319e+00	4.057081717994766024e+00
2.670285138776710099e+01	4.537518450746315324e+00	4.717740441981796984e+00	4.294174627807119116e+00	6.478871906262427594e+00
1.854525893607393527e+01	5.391316198446124197e+00	6.266517540128859309e+00	5.381273152512351388e+00	5.852149999430425353e+00
2.415429223820776272e+01	4.710078035104695360e+00	5.204934934318663053e+00	4.636806009658034355e+00	6.881223182918974501e+00
2.164898258498301686e+01	4.571133406178502057e+00	5.464805857624763341e+00	6.694257835653901978e+00	4.603562249731666611e+00
2.640879957692420277e+01	4.557048048822101016e+00	5.550613229546194738e+00	6.478220006670791342e+00	4.235837187774770030e+00
2.406867936864756885e+01	5.851479226935763833e+00	5.480343726622596279e+00	5.258320068081490994e+00	5.989377159480406831e+00
2.723687822631538680e+01	5.546559148679523155e+00	5.359147683607965007e+00	5.531987590302717805e+00	5.342872564457509021e+00
2.375163266969433096e+01	5.827283424611128027e+00	6.112859529928136304e+00	6.405938625115607188e+00	6.482874063369526318e+00
2.163344820460858031e+01	4.442501056155385264e+00	6.527313029000309186e+00	4.577549359026055420e+00	6.700713153153825985e+00
2.325423003322619664e+01	6.993521774865657292e+00	6.775519039483234529e+00	4.731689263446780203e+00	5.349723629498924105e+00
2.744787197362000697e+01	5.889763097265946712e+00	5.511154226500941000e+00	4.516692437419593809e+00	5.770506273305581857e+00
2.178285245063261399e+01	6.608801208748936062e+00	6.226708631987275311e+00	4.901004416678373943e+00	6.491044210257043368e+00
2.261741252628657506e+01	6.433241312785790811e+00	6.390320383850251140e+00	4.280855352774698197e+00	4.873344503310590881e+00
2.628909691487485034e+01	5.668712122430714651e+00	4.447629687173443536e+00	5.648874696059249523e+00	6.934114183975430556e+00
2.288558812903183437e+01	5.345424673651815617e+00	5.379783817019310632e+00	4.962047293737366971e+00	4.535403954755330425e+00
2.012601056969394620e+01	5.049564086207877445e+00	4.615694584440676707e+00	5.964669324377956272e+00	5.566734980844119107e+00
2.411730241444228184e+01	4.429581847789807014e+00	5.705703795788189758e+00	6.888819343498758130e+00	5.066389770581873897e+00
2.463460802288205542e+01	5.761628753367680211e+00	5.979617984465599889e+00	6.682385826469565693e+00	4.957190008780708368e+00
2.791864086681304613e+01	4.293612576928034663e+00	5.562892643044557772e+00	5.331400865326864746e+00	5.429876547131335052e+00
2.613265327801907034e+01	5.573330487705369762e+00	4.315326057282726779e+00	4.346602163314999601e+00	4.222591112036464978e+00
2.485205721137763035e+01	4.877476962916913905e+00	5.095110516786143684e+00	4.317191625286255885e+00	4.366863636407067872e+00
1.805327008017123802e+01	5.981672898084178236e+00	4.025310701722291107e+00	5.571512609983742870e+00	4.790775218382239409e+00
2.721312247786580230e+01	6.235481935964267031e+00	4.944856473979997169e+00	6.268689321522079361e+00	6.902656754457397348e+00
2.725983604928320148e+01	6.388357951247264133e+00	5.773323183712609996e+00	4.469069257449014287e+00	5.231424741653001753e+00
1.863854696865205085e+01	5.418984584013499806e+00	6.744049957821112606e+00	6.518500154849768968e+00	6.887609690635056126e+00
2.558864002417348971e+01	5.092520564607647238e+00	6.660043088805470468e+00	6.305063333344992138e+00	4.605970897463816272e+00
2.545161862173207012e+01	6.972839030478854561e+00	4.069372642984440347e+00	4.682831050083901658e+00	5.303252783260972159e+00
2.269020509667840102e+01	4.304264944001795712e+00	5.748177295896208960e+00	6.740742698741666317e+00	6.678599108913168436e+00
2.352059641863772654e+01	6.036309971276695663e+00	4.083296175814303375e+00	5.919942939971162055e+00	5.030734389981486032e+00
2.775909185273858881e+01	5.330132969139315335e+00	5.873249849041757287e+00	6.640437550507688691e+00	6.503172228219516349e+00
2.129413574125884168e+01	4.900180293684243793e+00	6.956147508341025798e+00	5.329450874069696198e+00	6.331752416690375362e+00
2.138772108686741902e+01	5.947053544001800418e+00	5.862141986369246993e+00	6.416806172267816244e+00	4.305558815527374961e+00
2.692295899567312034e+01	4.649293245875010250e+00	6.363698249733105605e+00	5.537462047927327546e+00	4.298824693775244121e+00
2.021235002339648545e+01	4.057769021182505043e+00	5.320122903287680671e+00	5.188161381911095660e+00	4.411860125026236368e+00
2.553518917594756488e+01	4.471294138043611532e+00	6.947635703611966029e+00	5.615871182312138998e+00	6.139005243047614080e+00
2.575615437938425956e+01	5.225676973312539886e+00	6.342349605247505906e+00	6.364272939849993982e+00	4.641603836728415367e+00
2.494858231470237442e+01	4.129190375795330326e+00	5.211475874292959887e+00	4.288396679182081783e+00	6.374212796149766547e+00
2.694489000613477359e+01	5.238748731314024631e+00	4.241483305680869620e+00	5.308335634562045158e+00	6.193897412354545828e+00
1.979951967538553248e+01	4.811201125116993715e+00	5.652005802758003128e+00	5.892745193667233039e+00	4.881242102154510043e+00
1.904373877134409909e+01	6.808718025369903337e+00	6.161488117560200983e+00	6.460197472466656876e+00	4.813277125148416324e+00
2.350891009084140038e+01	5.764732535447954831e+00	6.008810841371081679e+00	5.943874474076509706e+00	4.382392685844409108e+00
2.799264755208599809e+01	5.522614453772512810e+00	4.353220922426884520e+00	4.793120417043895465e+00	6.136751665851521764e+00
1.835965985306744130e+01	4.997034825815872772e+00	5.299753331165789838e+00	4.262389407883519610e+00	4.862358008977662571e+00
2.052982334835729361e+01	5.256541464390867446e+00	5.144985372012693681e+00	5.633521998427505117e+00	5.018447516045450918e+00
2.701070081683360158e+01	5.817069432237247817e+00	5.823812640302710619e+00	6.275401231757687270e+00	4.378538678995750999e+00
2.261017375820559394e+01	6.088190460591694553e+00	5.050407112709897284e+00	6.575581870544420227e+00	4.739409022549562422e+00
2.542568434340860861e+01	6.846746403613793497e+00	6.643060006911002624e+00	5.109239959209524784e+00	6.265879651321915489e+00
2.738037938767497792e+01	5.243277696627774098e+00	6.828935474207787237e+00	6.850416301981385736e+00	4.203580991582627213e+00
2.382510340838278395e+01	4.936607060378443990e+00	5.403689539722367208e+00	4.268874910047394167e+00	4.958936702597583235e+00
1.830493785190225253e+01	5.100492720788549761e+00	4.562551964195693088e+00	5.222476775841582430e+00	4.784749607005376326e+00
2.696596606250479056e+01	4.409942594991460574e+00	5.067437995539620488e+00	4.445413216624878316e+00	6.613983306776169968e+00
2.677522385374671643e+01	6.564226971036281277e+00	5.039171594300027479e+00	6.382399286079186496e+00	6.963239176109645712e+00
2.577013190183527769e+01	5.852806085314973927e+00	4.390500224879075652e+00	6.047597023335861799e+00	6.083293209789523814e+00
2.064206497263917228e+01	4.028080781825432055e+00	5.254925612786610856e+00	4.950885712632955737e+00	5.503152889346896615e+00
2.612037396532210565e+01	6.010700253395837578e+00	4.772908509353887219e+00	5.593559645606132058e+00	4.794326221667065013e+00
2.339700415355333263e+01	4.386467659776489114e+00	6.901042310551440018e+00	5.699462443548878987e+00	6.499476258705747078e+00
2.183635485477572402e+01	4.277882294427969967e+00	5.361446126169212789e+00	6.730326278297424025e+00	5.738075279568334075e+00
2.716871567898649786e+01	5.964236447638245231e+00	5.761572212295810402e+00	5.931696829735099818e+00	5.525050180771229336e+00
2.053633205519651383e+01	5.116069289605702508e+00	4.141697836349432116e+00	5.816868548392160498e+00	4.875948113487357460e+00
2.416753531504470942e+01	6.934367226797446548e+00	6.692078080162130682e+00	5.890236112216355124e+00	5.159363801901914570e+00
2.777481011309239634e+01	5.706043223164082079e+00	4.512498448607829005e+00	4.197123289609291596e+00	4.758633362512078691e+00
2.120629946568982405e+01	4.486373941527799225e+00	4.422887827185483012e+00	4.404762532268604147e+00	4.924164709823611652e+00
2.662299045762373950e+01	5.433375576762039749e+00	6.725109336336309696e+00	4.097372271252080367e+00	5.465571408749318572e+00
1.859237085409964507e+01	5.198152186291351562e+00	6.296821467793999538e+00	4.749588643738325011e+00	4.165077200111031885e+00
1.917651744898268618e+01	5.479010063327127256e+00	6.073032660491109347e+00	4.318991708033831145e+00	6.831002627677138506e+00
2.025581022239191142e+01	5.612095599765067888e+00	4.978365989196221975e+00	4.396540308194431645e+00	6.181485381145495950e+00
2.703447316991082516e+01	5.043333082084703101e+00	6.084412819755893764e+00	4.253530789940601409e+00	6.336659013729764034e+00
1.865788390292111742e+01	6.275776401866267840e+00	4.908332805627924067e+00	4.431817922800966869e+00	5.077403453052323101e+00
2.560947184013808808e+01	6.925706009125966567e+00	6.544995362226979196e+00	6.786284285578422448e+00	4.744928948509822497e+00
2.775760098854086522e+01	4.929984010347871148e+00	5.629157732091196742e+00	4.819014477901316873e+00	6.324611460901513382e+00
2.219634996429110885e+01	5.954154494932480723e+00	4.446718697809337151e+00	4.151285577642648938e+00	4.351595447377887282e+00
1.946232035223247792e+01	5.220998807882999415e+00	6.220940057634732234e+00	4.073871020839519019e+00	5.742655112401002349e+00
1.809263879353560256e+01	6.030911201557028534e+00	5.958234720604743018e+00	4.366373557881685130e+00	5.040398017951600806e+00
2.233976783160838764e+01	6.405215062250363189e+00	4.551929441669403609e+00	5.493844444625118228e+00	5.402444477247634325e+00
2.218969498045346356e+01	6.351041792890666393e+00	4.191168961935558102e+00	4.071165023920319648e+00	6.739580454936518805e+00
2.522884321136427133e+01	4.910560936014829458e+00	4.535304924085695966e+00	4.777975734055974755e+00	4.458081953863426428e+00
2.418606217963705163e+01	4.907828578499825234e+00	6.049121355401245737e+00	4.938706962590253546e+00	6.760289995226263393e+00
2.080679005879933996e+01	4.766609909030417924e+00	4.188936383353903281e+00	6.971315158135902301e+00	5.409143107554054808e+00
2.272834397815667629e+01	6.532705642884617525e+00	5.251364778030846558e+00	6.539351820603245713e+00	4.768642529745769743e+00
2.203336154153639015e+01	6.159938795872226258e+00	4.487388720637865980e+00	4.370655909091018643e+00	4.789392216631904731e+00
1.840479211626174205e+01	4.018286290458369159e+00	6.328726085198456808e+00	5.432906936647698970e+00	5.919139460326713120e+00
1.986069732804671872e+01	6.008020866475072275e+00	6.866262926821498525e+00	4.142321358046149982e+00	4.466985348693452096e+00
2.667408645508947274e+01	6.370774401599952341e+00	6.845995106394672902e+00	4.165007521356419495e+00	4.570619211597638731e+00
2.406352755564525125e+01	4.491754334022908246e+00	5.825377944117342999e+00	5.076749622382227933e+00	4.134000162388806743e+00
1.913717009390715873e+01	6.803849048689865064e+00	4.712675931017986208e+00	5.966424352263928199e+00	5.480243409825531486e+00
2.443299077223681337e+01	6.151504495059655575e+00	5.689810119114569353e+00	6.745115553892066629e+00	4.054384922621083298e+00
2.149838612215766176e+01	6.175997213534779817e+00	5.426151263438055317e+00	4.230422393675852710e+00	6.064265774387249230e+00
2.211981850784397707e+01	6.851649430903665738e+00	5.217796399521171580e+00	4.790392402224998847e+00	6.392701155666540735e+00
1.963861138395898109e+01	5.613988950772054842e+00	4.797353241580398553e+00	5.989842147417999918e+00	5.860242792411169965e+00
2.387014812486526338e+01	6.698573791285951096e+00	6.230735225284819379e+00	6.152712112903298447e+00	5.581403456135038077e+00
2.593946875601399782e+01	5.651977128488905322e+00	4.514233471994681501e+00	5.848488332043356941e+00	4.763323479808279970e+00
1.902311495185564283e+01	4.229880414981185055e+00	5.423501372412380839e+00	6.962304904569045050e+00	6.225287772265446051e+00
2.521779224150982301e+01	5.653280469290310251e+00	6.164761831821309102e+00	5.955620513873808086e+00	4.290638614852551491e+00
2.404834482004659435e+01	5.252646292017317364e+00	6.716105555135387206e+00	5.829945408919995131e+00	5.378858404233157309e+00
2.584530151684141686e+01	5.366093352423334295e+00	6.907802122777352949e+00	5.284823483038149305e+00	5.821183094464832841e+00
2.610918637126163588e+01	6.965989147417945837e+00	5.784502451940998213e+00	4.428304652582223611e+00	6.013419771344977960e+00
2.785140962148328114e+01	6.506239820267119889e+00	4.954555569252357294e+00	5.799813937100285699e+00	6.874630329301043119e+00
2.043865466401808462e+01	5.222898545988999608e+00	6.860546982855550091e+00	6.981137878522876150e+00	5.424210283293098733e+00
2.235735061650149547e+01	6.757519306195455933e+00	4.381051582420353974e+00	6.872885806492570637e+00	4.071825244207613714e+00
1.834432692560448785e+01	4.211743191632592698e+00	4.328074468340992631e+00	5.416706384561514653e+00	6.986474664842394766e+00
2.386007051053421435e+01	6.166785648351176263e+00	6.906841347369154782e+00	6.248104539326526208e+00	6.043257595669738969e+00
2.277172546185618884e+01	5.120265804351583405e+00	4.720450762477645945e+00	4.767616208954681412e+00	6.594760188360003106e+00
2.049541574884080575e+01	6.286841188341722564e+00	4.999556276488112516e+00	4.359484168892540090e+00	5.616837398714176643e+00
2.670834111514649223e+01	6.044663283765324024e+00	5.455051729287702322e+00	4.344775446997217294e+00	4.426794669065437837e+00
2.710555027801880712e+01	6.197899627811668921e+00	6.924436224163256881e+00	5.897791228750577375e+00	6.260231340090826713e+00
2.646564032762545793e+01	4.060765077448242444e+00	5.883171093368070537e+00	6.624036020538256686e+00	5.984053324489760683e+00
2.794919323239668785e+01	6.373143185961328783e+00	5.005238102979090442e+00	5.519545325736173957e+00	4.581018835253628296e+00
2.667952841126632180e+01	5.804134230500078040e+00	4.039153892969609139e+00	6.294421696701106406e+00	5.420987913034443828e+00
2.403720055480859941e+01	4.606248701484314978e+00	5.911992899709300531e+00	4.029427741071387459e+00	5.369409763098941468e+00
2.363720799424471863e+01	4.934544278501723724e+00	5.120470100555907678e+00	6.907291243804900560e+00	4.183110674663008233e+00
2.623130078356328099e+01	6.169003116310101120e+00	4.667440892750364334e+00	6.309876119430641417e+00	6.733730571077265026e+00
2.355436006646394276e+01	4.086712655709530573e+00	4.747002087240028700e+00	5.370931727025195279e+00	5.584638886942493663e+00
2.752540738108293894e+01	4.099997203095560039e+00	6.971509312007147408e+00	5.553017273498724649e+00	6.735629295697810548e+00
2.748301286281384037e+01	4.855094963479350767e+00	6.234330393118500346e+00	5.201276185465763646e+00	6.601879474583697061e+00
1.981965143015199260e+01	5.462681272698870494e+00	6.998439180681988780e+00	5.266473549443372981e+00	4.168660087101184075e+00
1.870290315166077733e+01	4.591957616000023279e+00	6.562245589844918570e+00	6.298812302674334340e+00	6.432611701876824739e+00
2.097074966819834074e+01	5.282744979345990188e+00	6.307480235901099519e+00	5.180126276780089078e+00	6.843716764870481306e+00
2.705782954958604591e+01	6.096243717913589322e+00	4.225451565026382639e+00	6.682751457972480047e+00	4.057961235029339697e+00
1.944157392814217289e+01	4.759360435504026654e+00	5.982738011095790398e+00	6.096881159006005468e+00	4.932239363061740711e+00
2.786705710404342895e+01	6.006142496868336345e+00	5.282643951953413186e+00	4.200526529681966714e+00	5.533077783017738227e+00
2.212958233058396829e+01	4.184046548790031572e+00	6.788274336904253303e+00	6.815150275419992631e+00	6.794643376004269264e+00
2.318864249015581080e+01	4.790146865549802513e+00	6.599504115326783271e+00	5.608053643522671550e+00	6.130998466667259450e+00
2.475866033955524159e+01	5.081789258031879974e+00	6.499614572827895564e+00	6.423874426256990233e+00	5.337456192977763969e+00
2.214244576444531631e+01	6.376835382805174035e+00	5.419470268922990108e+00	5.954682855523738105e+00	5.297205510185794886e+00
1.990160830058003683e+01	6.226726896868386874e+00	4.732691551218731085e+00	6.503622155903324931e+00	5.595542091646487748e+00
2.370192383040044248e+01	5.807787994182339375e+00	4.330910044453506025e+00	4.676951427023311680e+00	5.712169760099206961e+00
2.140943817113611303e+01	5.649792020639385015e+00	6.856697108204487634e+00	6.941250955499826070e+00	5.309441353806933606e+00
2.185423666720691926e+01	4.498753361652928717e+00	6.470824219410366673e+00	6.023477373518764111e+00	6.859224727969229995e+00
2.538013793971110132e+01	5.701239738232852794e+00	4.307195809563697075e+00	6.643182442210191496e+00	6.422834964088557363e+00
1.911321005521106287e+01	4.088158373458604444e+00	5.765632745419178917e+00	4.693660457639106554e+00	6.059023110409894386e+00
2.373434806163079713e+01	5.828052793300671830e+00	4.743131544855238246e+00	4.571216954904047114e+00	5.775108783023531700e+00
2.577834226366167414e+01	5.430098477533753076e+00	4.256563253092478405e+00	4.450611551717349457e+00	6.124421612026354822e+00
2.360797931467664412e+01	5.086955299756226623e+00	4.916591052837675946e+00	4.567773461699347060e+00	4.811447685363746452e+00
2.364431600343699102e+01	5.835390763129874259e+00	5.064671364392056674e+00	5.175580279149976981e+00	5.718574609793027896e+00
2.039962918867147934e+01	4.866010309210990314e+00	5.170654792916845821e+00	4.336695834523912829e+00	4.857897524194293659e+00
2.062176282610098355e+01	6.347499092265910470e+00	5.305829244076519124e+00	4.332308105485001448e+00	4.310120968263824182e+00
2.468403304977317347e+01	4.167031261629292160e+00	4.411971865516393976e+00	5.551351663868843822e+00	4.665013581054458847e+00
2.253708902392898139e+01	4.784807127208100752e+00	6.682676877286957584e+00	6.679416859952697294e+00	4.437983761068571731e+00
2.783075570319885728e+01	4.736311670106307048e+00	5.371072409591529428e+00	5.750186436365000375e+00	4.143288905478038409e+00
2.210108494408788715e+01	5.032380990386671193e+00	6.383152153165928766e+00	5.178961757373279795e+00	4.712220692269476707e+00
2.511343559936303649e+01	4.642793491283041973e+00	6.095529505429412076e+00	4.877945502328179472e+00	6.204957605093607498e+00
2.698426108307777227e+01	4.101758933236079763e+00	4.261428527963284196e+00	5.555721927556728446e+00	6.157250446309616265e+00
1.984748069068811915e+01	6.547544126849491164e+00	5.188378618648744833e+00	4.798201296992507636e+00	5.672879662748205654e+00
2.215723161021755772e+01	6.768169542610623424e+00	4.263773058772491353e+00	4.008974692782592442e+00	4.178151549050856950e+00
2.326568936757883677e+01	6.445865511294660344e+00	5.445811413661806100e+00	6.857346080325982918e+00	4.147192314730028251e+00
1.806354724093288411e+01	6.124895829759023691e+00	6.336823057187162433e+00	4.112937629537537276e+00	5.608067405042246101e+00
2.047595800274333655e+01	4.989974391555209721e+00	6.897459187228833777e+00	5.941639453228104273e+00	4.734653591469639267e+00
1.972465766382473973e+01	4.836461986388208345e+00	5.753108913940869762e+00	4.081264425454627975e+00	6.779338873693587786e+00
2.168446416196572812e+01	6.078526330979335590e+00	4.436926235727922219e+00	4.626438385975182754e+00	6.809081618173797423e+00
2.790309790723609851e+01	5.401329440283686445e+00	6.720683067953008738e+00	4.726639861566958700e+00	5.748973752457895436e+00
2.634746757613198653e+01	6.170174928929252012e+00	4.212251423539098205e+00	5.833982667707963365e+00	4.319356698420303786e+00
2.190062543356930647e+01	4.636446304261967022e+00	4.581020019372753715e+00	5.073617293149593088e+00	6.168752258309822878e+00
2.045866397013490712e+01	5.886230583902944069e+00	5.732462725118685043e+00	5.979619049166460698e+00	6.200410087130359571e+00
2.619447292010347184e+01	4.090528246092546283e+00	4.590175653380762277e+00	5.579630847771745117e+00	6.321720927305554127e+00
2.716415898910919324e+01	6.650120396617254848e+00	6.781729689736326172e+00	5.734385659228481202e+00	5.530083260681810664e+00
2.289236377192106886e+01	4.825333825621545003e+00	4.427017402194836748e+00	6.512938609150483060e+00	5.676729016000276573e+00
2.132360366501331228e+01	5.830340922023820482e+00	4.052296800339353133e+00	6.266933607164068221e+00	4.092810021771595252e+00
1.860654645246251349e+01	5.130956723037159328e+00	6.557728958442684331e+00	5.651505791675516477e+00	6.342571073464722708e+00
2.669619031085310823e+01	4.952802528546907723e+00	5.543362303399401725e+00	4.492276505457874158e+00	6.663689181278683371e+00
2.627034301942166650e+01	4.589610191615748569e+00	5.498386660260297099e+00	4.043190326955144798e+00	5.639519241641117731e+00
2.613587239135232565e+01	4.178537744112269081e+00	5.866814565872427778e+00	4.829467490070206814e+00	6.066000670568836739e+00
1.920371003087041117e+01	6.632297370859059349e+00	5.792986207146231692e+00	6.818610624984858148e+00	4.521583882318423342e+00
2.310953669849906333e+01	4.993131017487439038e+00	4.611494471604085987e+00	6.649216816608881864e+00	5.192739683851760546e+00
2.215932458001215721e+01	6.419277020595067107e+00	5.927438761809687762e+00	6.739799938023378623e+00	5.110307433087297291e+00
2.352795528115645851e+01	4.998543423453145174e+00	5.354419750672747114e+00	5.764421708518456811e+00	5.986624961332490891e+00
1.841656473064124810e+01	5.757599235886080358e+00	5.594785075457009427e+00	5.453114665825836482e+00	4.304950896057882836e+00
2.175666449605913400e+01	5.218305444499068635e+00	6.687554128868588244e+00	5.032181609047427173e+00	6.009409095671012224e+00
2.627895068768599529e+01	4.816721792275568070e+00	4.560539808672928963e+00	6.537225572987140687e+00	5.475246268054054788e+00
2.431235575382052616e+01	4.370028604372591552e+00	5.146694717227469518e+00	4.498803326918206835e+00	4.431398727133786686e+00
1.905201069094504973e+01	6.905487511379275745e+00	5.949271929706795525e+00	4.086045560957248135e+00	6.711738937163974406e+00
2.282508064787336366e+01	5.919258292759846718e+00	4.112011984580262514e+00	4.823418483988007210e+00	4.155953853368168360e+00
2.170179773636427711e+01	6.301687184521775897e+00	6.656192126552087807e+00	5.070208739976484580e+00	5.601982445722204496e+00
2.222045157144101424e+01	4.254551693744680563e+00	6.984717352026669879e+00	4.283370723367562860e+00	5.487478522479809051e+00
2.429657957952946745e+01	6.516859743569821006e+00	5.789168931238606319e+00	5.238772104853501865e+00	6.729440023006907801e+00
2.526481970512566733e+01	4.454955750438643669e+00	6.460991492987757212e+00	4.795660914749575454e+00	5.179613848379662322e+00
1.865934242037079827e+01	6.869842298044763318e+00	5.185369322069405484e+00	4.787910513449751271e+00	6.440685711094938704e+00
2.583978053435577493e+01	4.217110067781774774e+00	4.368427973210299520e+00	6.157776883745317953e+00	5.827963440383309823e+00
2.233200891567381419e+01	4.600627331299249612e+00	6.574922704965444176e+00	5.241966533677235418e+00	6.235424924722462237e+00
2.211397655011527164e+01	4.033409656525852149e+00	5.268363622403029467e+00	5.610331695021173459e+00	6.928237048405278209e+00
2.764575834397719234e+01	5.466416852749082622e+00	4.540910291372931340e+00	6.201501093988004421e+00	6.102487327981619636e+00
2.492017566353245073e+01	5.340133475238567407e+00	6.975926039043267579e+00	5.130099030263161275e+00	6.720957151574112665e+00
2.216975108257420857e+01	4.905668180690280877e+00	5.421199471444074547e+00	6.466682531948888979e+00	6.731356588441215649e+00
2.508656497558074960e+01	6.277670650805815100e+00	4.544462194909536734e+00	4.858664402907646007e+00	5.425222499321937342e+00
2.742425892533065834e+01	6.068222588055711242e+00	5.889769295355042900e+00	4.228802658600372411e+00	4.517840112067555758e+00
2.086021060410501349e+01	4.684606613705462053e+00	5.137869945823580586e+00	6.988351675716622857e+00	6.109000415532355177e+00
2.071201622682648846e+01	4.510893490505663905e+00	5.174886959568939737e+00	5.784974607852854334e+00	6.824787139301475847e+00
2.003612255981214574e+01	5.752450710903223019e+00	6.372359957214510651e+00	5.924955916368219278e+00	6.562308530259767458e+00
2.371652912004079283e+01	4.574786644518305856e+00	4.077066824523386757e+00	5.756850360358895635e+00	4.799725553356500640e+00
2.459203907075520590e+01	6.961487850112229481e+00	4.015094592461005085e+00	4.965318629680101736e+00	4.084993283943973985e+00
2.554853632866191404e+01	6.323811736144902440e+00	6.779421048618456069e+00	6.445298193353266036e+00	5.993113662336478242e+00
1.958416102652922675e+01	4.476739337685193831e+00	6.242942519855631645e+00	4.191162578878316225e+00	5.661163295216451452e+00
1.968618597177408347e+01	5.704975407888184691e+00	5.264066742197652360e+00	4.639547451504718367e+00	6.913448995214614534e+00
1.946999069310140840e+01	6.107906133665717441e+00	6.602728375990635001e+00	4.439153804212111254e+00	4.349271644175627394e+00
2.722400162130705326e+01	5.381763548280093623e+00	5.240677905680030335e+00	6.892825488298893966e+00	4.694782268715538720e+00
2.300331686726872249e+01	5.554780347192335377e+00	5.452635944614652175e+00	4.353820187092302341e+00	4.538229353692310397e+00
2.098701622884803797e+01	5.272737784864472310e+00	5.622304977472135867e+00	6.583299731582330949e+00	5.518223556589220813e+00
1.815393473670595625e+01	6.231161541259521819e+00	4.197900877272097375e+00	5.540840800948887868e+00	6.527829921687061443e+00
1.856849422609318268e+01	4.358325231424277746e+00	6.943170158341716913e+00	5.426025384832565912e+00	5.591014277252149611e+00
1.877391278936595498e+01	4.067293200308545131e+00	6.379737720918317478e+00	4.146970077828296297e+00	5.572828870404774371e+00
1.927454934840892520e+01	4.316941497829679619e+00	4.507769424596037133e+00	4.405875768465358000e+00	4.021504140866190014e+00
2.267360011288747046e+01	4.285861850331173173e+00	5.225913596556525320e+00	6.317975852806946513e+00	4.735891459652196822e+00
1.823741636671913824e+01	5.912901397200700515e+00	5.990876443477712421e+00	5.543180791844955380e+00	6.879441445734848948e+00
2.641796742412022780e+01	6.878449606743876288e+00	5.156436826509362525e+00	4.546678387068744165e+00	5.997748128093289388e+00
2.301439668394102966e+01	5.204828565391089512e+00	4.866729107178173308e+00	6.620864586793320683e+00	6.916384245734904290e+00
2.084254841072860387e+01	5.069096926148920268e+00	4.829470391485269687e+00	6.788232254217080097e+00	6.165425224458100928e+00
1.981482604495684541e+01	6.784271089860984816e+00	5.795500601773305505e+00	5.933547014931908059e+00	5.345925551189343317e+00
2.250355547978974968e+01	4.762351537006603408e+00	4.012551630890275334e+00	6.897003725025611764e+00	5.095767129745605750e+00
2.585808224516892295e+01	5.017152718763165709e+00	5.507062703767694245e+00	5.603919375126336533e+00	4.585660083789272257e+00
1.849910694513461351e+01	6.149671210864299020e+00	4.000838338904279645e+00	6.506442903943706391e+00	5.431274240286281696e+00
2.736379808820126058e+01	5.972987234005820767e+00	6.863732767215818598e+00	6.086734697316624754e+00	5.491554114005257503e+00
2.151380361929125229e+01	5.899011440372694537e+00	6.552292192181640829e+00	6.283508201698995599e+00	6.755577015700748866e+00
2.342035300158633859e+01	5.874228675408864397e+00	4.124960812886913963e+00	5.445847828552385472e+00	4.925381876650448021e+00
2.026893939424078539e+01	5.002592786144346881e+00	4.757312864362386762e+00	6.316417840057064303e+00	6.759773252377532238e+00
2.475323404216107193e+01	5.530135953354094802e+00	5.804335133093759147e+00	4.020745294549811888e+00	5.930618224136164685e+00
1.989992573150274424e+01	4.421920278290550677e+00	6.554600005512497773e+00	5.823514205736228355e+00	4.273989780121056015e+00
2.200328832142685087e+01	6.970288801666006506e+00	6.668679210388460454e+00	5.287629280941665399e+00	4.331178645412067318e+00
2.757151749959123777e+01	6.193868268032096225e+00	6.308407991976276996e+00	6.209222685882593851e+00	6.388548143536427304e+00
2.792940502832543004e+01	6.818609332669057110e+00	4.633513797851557925e+00	5.302665540097825314e+00	5.302416783113497623e+00
2.679957369356990426e+01	4.919437050061246097e+00	4.819839741536511291e+00	4.604894210764186369e+00	4.109668019672728434e+00
2.493138450900326220e+01	4.117147339645131687e+00	6.986563109160927709e+00	4.305723558127098727e+00	4.406098339186538482e+00
2.305298551845622512e+01	6.909784507364330253e+00	6.491397618886638021e+00	4.297905791293605837e+00	4.588571071433926285e+00
2.615357554922564631e+01	4.840731063702911285e+00	4.187086223969488152e+00	6.185780501666172881e+00	5.701315592854967029e+00
2.591326390065572127e+01	5.039547128218635486e+00	6.522849758282244004e+00	6.171654648746105032e+00	4.049284660237582933e+00
2.616668176196460749e+01	4.654523756965901704e+00	6.058339259721610581e+00	6.329272027700907799e+00	6.581735158766867322e+00
2.283555967398907782e+01	6.125840476174333915e+00	6.542488219463646004e+00	6.175022519555597889e+00	6.680492259860542958e+00
2.199871437364760851e+01	6.688607748008540632e+00	6.568209869818820046e+00	6.252589684065484654e+00	5.508082227770580985e+00
2.084124024183519808e+01	5.456361824947836503e+00	6.380254650434614483e+00	4.457013705445821650e+00	4.676204530204202570e+00
2.369994739176933507e+01	4.686896076140532053e+00	5.565812649151240521e+00	4.729610393935564261e+00	4.101868561634016253e+00
2.580488192399842617e+01	4.820450797198059689e+00	5.509505289807382411e+00	4.983837470473659437e+00	5.524871263620101836e+00
2.055330346351277271e+01	6.880039732677677655e+00	5.715387686602820594e+00	5.298416825978456757e+00	5.256200871281047959e+00
2.317041358961338560e+01	5.698054007004582644e+00	6.659983001405683112e+00	4.715103122960096371e+00	6.820201327464908481e+00
1.960050061879769245e+01	6.848786863155610583e+00	5.790327934324053238e+00	4.220880718239738094e+00	4.171535029519786164e+00
2.247581835255033056e+01	4.627667205103494830e+00	4.120055375690060195e+00	6.374064370115188005e+00	5.614617832940496989e+00
2.787551414309792364e+01	6.385672157144561822e+00	6.117023530856708469e+00	5.507860866154872248e+00	4.647740121268387981e+00
2.031252642335967451e+01	6.871821997539584004e+00	6.239793682607382763e+00	4.849798552547999186e+00	6.450247177040862923e+00
2.521169503743587370e+01	5.333025861350332519e+00	6.245494641362824062e+00	4.669938218845452127e+00	5.285327752461327577e+00
2.576201877838330034e+01	6.776594742727856335e+00	6.987562929314466764e+00	6.875003577861130033e+00	6.949509691901116781e+00
2.166312153214544267e+01	6.423968996374782137e+00	5.147951117993931902e+00	5.214690421009220422e+00	4.911285193038219532e+00
2.633689123194409021e+01	5.986842775729653177e+00	5.333046392389531931e+00	4.160729822052041449e+00	5.142167958141686590e+00
2.481046067244066933e+01	6.702068065498616889e+00	4.738795437348495732e+00	4.206545070464966507e+00	4.567184065181662866e+00
2.472492197659427760e+01	6.273790390722369992e+00	5.940080281699604114e+00	6.703064211659998328e+00	5.717002514120854251e+00
2.165205590087295207e+01	5.782321388084854519e+00	6.737659781065119979e+00	5.624299917238382740e+00	6.782916428030574707e+00
1.895485943288118236e+01	5.507020129248053841e+00	4.340968194444680073e+00	5.587863408363583417e+00	6.035411955824752539e+00
2.730136220000742853e+01	5.104121699414616131e+00	5.702622856219329961e+00	6.135574308765666451e+00	5.498595313806334595e+00
2.536374141233595481e+01	5.533052572579747697e+00	4.160622108867595870e+00	6.580994934967571375e+00	6.807115618580619198e+00
1.887831590087550993e+01	5.304411322346495261e+00	6.200291258158546981e+00	5.420846443852560981e+00	6.245011535101758327e+00
2.493636644378601730e+01	6.982801247354492702e+00	5.988822750351098456e+00	5.565327892029859669e+00	6.360573662204100032e+00
2.606592425435712457e+01	6.112588095837518054e+00	4.034430360648113556e+00	4.611975229457460301e+00	5.974978002771308638e+00
2.085048295333928436e+01	4.769603196476071005e+00	6.773172041297128132e+00	5.805158559312444844e+00	6.527394412825191061e+00
2.425671217496035581e+01	4.323345443873483518e+00	4.961243407389203774e+00	5.672317103050925624e+00	5.977259992282872858e+00
1.991032907793017515e+01	4.977275304417918100e+00	6.213388211844763198e+00	4.233057724360421936e+00	6.273660057612764795e+00
2.081805023972811952e+01	4.834220446968049423e+00	5.523712296019258616e+00	6.948290422802998023e+00	6.658363156281934536e+00
2.556387132200063306e+01	5.344687515438627301e+00	5.797966945227413404e+00	5.511912906677690849e+00	4.832666887049348325e+00
2.255200335172429504e+01	6.052474122575688398e+00	4.112794254770054891e+00	5.270451888052435585e+00	5.119880854167646156e+00
2.524455705146115392e+01	5.165045442489685890e+00	5.919687586836531956e+00	6.711581554861896670e+00	4.420783710954628631e+00
2.333582834680722939e+01	6.184193639623559058e+00	4.709992164068406595e+00	5.742675356077828752e+00	4.551604622098639474e+00
1.832991586950147678e+01	5.510838684596233605e+00	6.881782004989600132e+00	6.579095422783639791e+00	6.097378872118507154e+00
2.385195570211501348e+01	5.435586483225215204e+00	5.387426162019670173e+00	6.258817441877158494e+00	4.444670476039608964e+00
1.810185635403811588e+01	5.911649467949102288e+00	5.427900242773220363e+00	5.716166844268743219e+00	5.458393556810023917e+00
1.973438565035895209e+01	5.695119250672980193e+00	4.310061364285633800e+00	5.183284641011647764e+00	6.688726463478496420e+00
2.118343803036106721e+01	5.517476600799790631e+00	6.678731573110604280e+00	5.338945778052669233e+00	5.740400576366096352e+00
2.603068751280987314e+01	6.364316758858673317e+00	6.802029488913079902e+00	6.597937072940371905e+00	5.751570804910927315e+00
2.248370396183555542e+01	4.478626531749075212e+00	6.646283144921409480e+00	5.668617490811668880e+00	4.530660267447924383e+00
2.311738346611078043e+01	6.915925037763236638e+00	6.259640541527796032e+00	6.408663607529708095e+00	5.405356237615167814e+00
2.152249460127610803e+01	4.240440618199402323e+00	6.755532318987557794e+00	4.970129672489585815e+00	6.390352590612519812e+00
2.016866571714887257e+01	5.213331175859200250e+00	5.726382232824959395e+00	5.095887555546446457e+00	4.254536421887921804e+00
2.747096246350591642e+01	4.579062213304618822e+00	5.636321529473668157e+00	5.789594538752773190e+00	4.085589656477012888e+00
2.408836052752634771e+01	4.604612700945441617e+00	6.444400939319560706e+00	6.233934320558662812e+00	4.614700578265348518e+00
1.922803609735640862e+01	6.331201930073302009e+00	4.208687187675124619e+00	4.060349221428068311e+00	4.252032300724010838e+00
2.440354753144044508e+01	4.549252847833135327e+00	6.402571726881781444e+00	6.349196315037943350e+00	4.907719634585515855e+00
2.449401921499178059e+01	4.042262013364547713e+00	6.834615527890495201e+00	6.541857492904628479e+00	4.724258863031052691e+00
2.614707102327724186e+01	4.550830880468004658e+00	6.346374031437986396e+00	6.697640141929854352e+00	4.041084925461439603e+00
1.842227684275121646e+01	5.619667815491689034e+00	5.400845208157811328e+00	6.001007340048898797e+00	4.619398097277489512e+00
2.407857904339932631e+01	5.892920336359963152e+00	4.971360620646341211e+00	5.004179214801330211e+00	6.754167938999195542e+00
2.273792021047865930e+01	6.620699576293660904e+00	4.259728813433123484e+00	4.374166461306164599e+00	6.030844345821538610e+00
2.158397439237468518e+01	4.776839634306828231e+00	4.993971226969839527e+00	6.629415818315652409e+00	6.984513465646417174e+00
2.110804855475293706e+01	5.440301246848809669e+00	5.025049481574543897e+00	6.626026649371872246e+00	5.694110735769350562e+00
1.929171537503524902e+01	4.519287907826130990e+00	4.468792980704135331e+00	4.065876574168689750e+00	4.245745327967703098e+00
2.402823437179684873e+01	4.955224734407582154e+00	5.309808884894990477e+00	5.368921869177866846e+00	6.937343317214482497e+00
2.472803768052060036e+01	5.393420130759280617e+00	6.426310096918537162e+00	6.867463232185845534e+00	4.623312469395663094e+00
2.419361689548777505e+01	6.204825676924326849e+00	4.667679457408921984e+00	4.302908258938783703e+00	6.121979752049979240e+00
1.932786346709368885e+01	4.882108030843281377e+00	5.018562896245594374e+00	4.077692534430351401e+00	4.404768160809323874e+00
2.380090455429853691e+01	5.145776661536621610e+00	6.676984455489340498e+00	6.728857640054883404e+00	5.415844504389363046e+00
2.557969393277166148e+01	5.832825403634458894e+00	6.174264329183464461e+00	6.155339219351908753e+00	6.085545716187886534e+00
1.952657342975388843e+01	6.567507196850957740e+00	4.474791674913182860e+00	5.837843143910689037e+00	4.562255136410108491e+00
1.948496748752135233e+01	5.513803429884696961e+00	4.938010764042639167e+00	6.555101848456529545e+00	4.123370564910973535e+00
1.914857016332447870e+01	4.753943538985786255e+00	5.558470940909792546e+00	6.868618582166790887e+00	6.956981967765358377e+00
2.180330669033704538e+01	5.083913735655906763e+00	4.766948638980659680e+00	4.890524465993784986e+00	4.852462743283356694e+00
2.251371510044630142e+01	5.270001148912266231e+00	5.976311009373024064e+00	5.736046970814715706e+00	5.703082805669576594e+00
2.615882834127771162e+01	5.928418695541500583e+00	5.194997642106587321e+00	6.952095852206721993e+00	5.339180882251874927e+00
2.626495881890187079e+01	6.955567935341324670e+00	5.929286497993382810e+00	4.416747928018600611e+00	4.849592065699898313e+00
1.996536738914693743e+01	4.693676285855437946e+00	4.041875206807551635e+00	5.665289591349546683e+00	4.663673418628349943e+00
2.533800773769277725e+01	4.127207221467467768e+00	6.439042399307166598e+00	6.297138469750811929e+00	4.751681667592058567e+00
2.345755922549038530e+01	5.715109350603984062e+00	4.555081519084317243e+00	4.590613130082675575e+00	4.283836786275770692e+00
1.820238674274124335e+01	5.978566561034648785e+00	4.700501242963575521e+00	6.382677866776619524e+00	5.364575398929963157e+00
2.552477087476296091e+01	4.226772083809000158e+00	6.990286180948372063e+00	4.433151562422360747e+00	4.495140024629582953e+00
2.459061099871800593e+01	6.649161102901105735e+00	4.821227009391052754e+00	5.808083886003747587e+00	6.075386351817255282e+00
2.762620841060996568e+01	4.829402251632815890e+00	6.030754179900355005e+00	5.618847175662105009e+00	6.980761496953229894e+00
2.276365188026601771e+01	5.601933248867005943e+00	4.852539741529438011e+00	5.607067094420521869e+00	5.373435088437828355e+00
2.030195400018574503e+01	4.848406987332421814e+00	4.182114714522527699e+00	5.853610905585854951e+00	6.657244836237564023e+00
2.642604719959633996e+01	6.466234752693120313e+00	4.289299018069089087e+00	5.046378366936267845e+00	5.202208920131365488e+00
2.173305211411122073e+01	4.922906990784170489e+00	6.001418593003768009e+00	5.507275977652716925e+00	6.034328677822366593e+00
2.035205367070016891e+01	5.139234897320728912e+00	5.495543318022130030e+00	4.120915482649150974e+00	5.496799734358702949e+00
2.690579114005902639e+01	4.427131873962349751e+00	4.582628321754330436e+00	6.574804479567275983e+00	6.308474141252665035e+00
1.804579461750603642e+01	4.474065288851941879e+00	4.044837060649638438e+00	5.232790215507498566e+00	5.857060183088204752e+00
2.438778828488268502e+01	4.824325744285765438e+00	4.418712890464302490e+00	5.537996404845382692e+00	5.846572131914823167e+00
2.304198705591284480e+01	5.398873040168859383e+00	4.632424225649948824e+00	5.324420928099077521e+00	4.181010730266546460e+00
2.236317272249140942e+01	5.901771534119934159e+00	4.441458901494583777e+00	5.345917399928080016e+00	5.214538016357079364e+00
2.176455016638256978e+01	5.707803307862491238e+00	5.595994683774621947e+00	5.981715730939827225e+00	5.564507799018055145e+00
2.144584258755014616e+01	5.742800357246147236e+00	4.664950312073424143e+00	6.986098617874675121e+00	5.070611255962750086e+00
2.767293864986917740e+01	5.337186162811283552e+00	5.735292303421504201e+00	6.149983346298490972e+00	6.217033873210823458e+00
2.037026317346154158e+01	4.107356293724440555e+00	4.312973944076466282e+00	4.663416156651019051e+00	5.731635731304236536e+00
1.916245623702726064e+01	5.278199386620179290e+00	6.013005792600440991e+00	6.179984620921274541e+00	4.730777715951079543e+00
1.944586302538334266e+01	5.882335713551496426e+00	5.561833181667632076e+00	5.705347323551340111e+00	6.911195506026109214e+00
1.885632360011869935e+01	5.174008624135536749e+00	5.786837904950272282e+00	6.321653655446357156e+00	4.341023996380066308e+00
