1.880042343691293638e+01 4.607698653260831279e+00 5.493248244813089265e+00 6.287812185674957810e+00 6.934887929477863366e+00
2.045042895541646999e+01 6.991962716859595695e+00 4.583430468797985213e+00 4.351617683143645721e+00 4.433142299516452667e+00
2.398347270871562031e+01 4.564767344414585537e+00 6.961071021713275186e+00 4.027956802951162985e+00 4.542861419327946848e+00
2.532980187300939079e+01 6.220530334769740932e+00 5.965185398968245956e+00 6.523689392580299007e+00 4.172735726393495881e+00
2.710481229590263652e+01 5.149047641466262704e+00 4.157640698346630970e+00 5.005762784478415384e+00 6.338078535743355779e+00
1.946304733403152198e+01 4.312346249142755106e+00 4.980821449728973782e+00 4.304113533750937748e+00 4.182851932921727744e+00
2.604498937860468288e+01 5.167334408848555327e+00 6.263361316597921835e+00 4.801647198361376212e+00 5.251639204183883969e+00
2.706761146316506839e+01 5.511175003198832023e+00 4.816607440601396561e+00 6.886850337163780367e+00 5.218078126330611965e+00
2.130285085801709855e+01 6.057739703733472147e+00 4.215676148665585821e+00 5.431084637611358623e+00 6.944455355499229654e+00
2.418203878490300340e+01 6.463001961346408919e+00 5.241385506718990506e+00 4.890185358069357946e+00 5.590724343511083383e+00
1.848846968789969125e+01 5.751181780862888004e+00 4.430082939377311568e+00 5.852651036983154142e+00 4.428404967841419015e+00
2.392491575881526700e+01 4.460142344969996842e+00 5.135921150742391639e+00 5.472890991629218327e+00 4.886325331509470793e+00
1.811228208903441939e+01 4.122378684215713740e+00 5.788219163723241856e+00 4.532754661464132084e+00 6.740780063139986567e+00
1.872633460154983709e+01 6.795886056553550603e+00 6.315666215476937850e+00 5.239558080558246900e+00 4.359979152453570705e+00
2.379735310039152196e+01 5.914432760217970930e+00 6.522410279515791665e+00 6.168483648847010947e+00 6.001455937845070032e+00
2.093121960443011176e+01 5.507523353341904127e+00 6.216180201428387342e+00 4.110677682962133872e+00 5.693223819533994146e+00
1.884923915278787376e+01 5.761450839856337325e+00 4.650322469593550778e+00 5.117593734140309714e+00 4.780759265185430706e+00
1.970093944609065062e+01 4.297870462205187536e+00 6.538323524590274438e+00 5.358655411296574300e+00 5.302364472529792927e+00
2.608428914857347891e+01 4.000351944921961334e+00 6.857935207192531912e+00 5.960010551563537540e+00 5.177272382713694832e+00
2.636424425240720026e+01 4.051779117295515320e+00 6.300900940036624043e+00 6.420432861665077873e+00 6.790560168417290043e+00
2.699863815354487784e+01 4.969927760281633411e+00 4.419158592128979990e+00 4.542240820788848055e+00 4.268140076419459916e+00
2.049429183167546142e+01 5.834695700895502490e+00 6.976781189870225219e+00 6.687829845713936017e+00 4.667890000460237943e+00
2.351472271504701084e+01 4.714350717191887696e+00 4.330248634749358061e+00 6.822694664850758706e+00 5.559866753686340424e+00
1.970822533924389930e+01 6.509946214782090124e+00 5.581053713398466343e+00 6.966811959781015418e+00 6.038955729234875669e+00
2.441935911073642274e+01 6.609366446045926935e+00 4.163330118695681037e+00 6.650029467262490002e+00 6.536419026869189963e+00
2.643361245999831510e+01 6.997793378855405422e+00 6.630332729986865736e+00 4.135808518975609083e+00 6.994670905598541211e+00
2.725033668625668071e+01 6.615613246033384520e+00 6.738269067991168981e+00 6.508066716739490332e+00 6.638626290691202136e+00
2.705111830668059980e+01 6.836276621773138551e+00 4.397714006211728588e+00 4.077710224935924721e+00 6.956492366878464395e+00
1.838143652246411008e+01 4.123124806689312472e+00 6.797360303194783349e+00 4.009620359027567638e+00 4.055449757819470591e+00
2.645400973343140905e+01 6.543768449475706461e+00 4.474904448060316398e+00 6.448016770727408087e+00 6.666380764305758433e+00
1.860003313480377329e+01 4.148577492991179838e+00 6.618853707245549778e+00 6.882846449660100951e+00 4.497783050627612411e+00
1.927132215137058679e+01 6.937107777650929563e+00 4.021103159895352164e+00 4.238200971418653928e+00 6.795760327373385756e+00
2.667662570737993022e+01 4.012352551586239713e+00 6.620055498566696173e+00 4.544369781106560424e+00 4.261044933852093486e+00
1.923713310060915305e+01 6.473406975994148382e+00 4.262398845740338338e+00 6.804338544925029097e+00 6.667258565271174220e+00
2.764171130662285591e+01 4.373597081100130346e+00 6.754545207532689055e+00 6.578188536914274742e+00 4.598949339537924175e+00
2.718132597019020835e+01 4.368079479009944421e+00 4.489071911306687035e+00 4.251442601113776476e+00 6.832621633411676498e+00
1.964696969233387946e+01 6.567874920652866599e+00 6.757991149219497728e+00 4.362971968594574257e+00 4.142079265031495261e+00
2.762455788356617248e+01 4.234764721504335583e+00 4.403907116523208209e+00 6.469450866305145986e+00 6.504505744291993352e+00
1.845264124148083340e+01 6.940117289046032312e+00 6.603441266150798405e+00 6.636284317735961835e+00 4.230735703295684935e+00
1.914540426864295952e+01 4.337972795274786186e+00 4.517599087461065643e+00 4.200961566958731908e+00 6.492152021903479842e+00
2.793267732346598109e+01 6.656660122165396487e+00 6.870133062813575719e+00 4.088924664252345131e+00 4.034633589168281631e+00
1.855176673705225454e+01 4.218466595005437192e+00 4.237719594906946163e+00 6.965471821173880862e+00 6.993696074116126482e+00
2.768809446643396299e+01 6.604812327611838008e+00 6.875498919622573091e+00 6.976009219175841380e+00 4.108794260895998640e+00
1.808745572752151176e+01 6.850646714571786866e+00 6.844659920238597373e+00 4.237715066663832353e+00 6.938163990121438474e+00
2.760430989101822163e+01 4.041092017227937205e+00 4.082689859613614303e+00 4.571544363996923543e+00 4.455736685797066166e+00
2.798365857611083740e+01 6.911128855006316130e+00 4.271617768757961286e+00 6.570970084323601412e+00 4.599750276678225447e+00
1.985817889282759907e+01 4.536589000791804160e+00 6.505873935329974600e+00 4.374425798716337965e+00 6.453858087492502449e+00
1.859219084899073948e+01 6.402044643649261957e+00 6.632279734988867581e+00 6.987419726636281858e+00 6.769406758275442471e+00
2.632572644554555197e+01 4.582141389694259104e+00 4.299660332795578910e+00 6.663821705373508486e+00 4.007993298807000393e+00
2.653584405970774540e+01 6.585670266744648949e+00 4.054792436998877925e+00 4.418258848113000070e+00 4.077004001719255477e+00
1.999476214282870146e+01 4.413217657823088835e+00 6.618989186178943385e+00 6.792086409995628848e+00 6.764497567669726763e+00
1.895045069798408477e+01 6.591817470159180736e+00 4.027177424932821381e+00 4.081667031250019839e+00 4.029509166507252438e+00
2.623151737783145165e+01 4.511849926481462880e+00 6.439353854540951438e+00 4.327846267645801603e+00 6.653573252988432607e+00
1.906462032746862079e+01 6.974409434591953172e+00 4.489079345933788545e+00 6.581369848372662368e+00 4.461019643150073044e+00
2.659765256403138523e+01 4.083455012706127540e+00 6.742172550569598855e+00 6.920963890981155942e+00 6.402356872418063283e+00
1.820893540004535538e+01 4.464295817206663131e+00 4.328706191312895690e+00 4.508283455757719160e+00 4.144494033858888038e+00
1.899482004838530713e+01 4.092324213397598776e+00 4.328455155326675907e+00 6.875184266150951906e+00 4.323971116782100665e+00
2.451093703121368605e+01 6.826820554119397144e+00 6.623927873044070047e+00 4.112454296914519247e+00 6.490889395407792861e+00
2.549484486136744010e+01 6.859856658414150488e+00 6.842385407526577090e+00 6.818337603114954959e+00 6.730991423707267884e+00
2.695465684647642135e+01 6.758627248167972112e+00 4.218385649745890476e+00 4.618080699430777258e+00 6.444973358625393445e+00
2.515792132810900839e+01 4.144781651738725259e+00 6.574889216109359502e+00 4.374388224727308483e+00 4.578119054853148739e+00
1.894487358101737229e+01 6.292167469694248005e+00 4.423486357852497441e+00 6.776402915077286870e+00 6.804191059883191173e+00
2.689522780641195610e+01 4.256295087319964310e+00 6.074156188823352842e+00 4.414602623095464473e+00 4.180119809997530744e+00
1.938800429875307429e+01 6.455761032246411624e+00 4.111485201898912756e+00 5.968475569702410333e+00 6.489312227881996797e+00
2.576593706176494436e+01 4.195019453053522085e+00 6.641144782465361551e+00 6.908138279674345128e+00 4.200241264648080453e+00
2.708869404916345758e+01 6.273458152544390209e+00 4.283772376119461711e+00 4.494358557575814928e+00 6.966707255921826381e+00
1.859305082127972852e+01 6.860204934531740406e+00 6.247226128031782011e+00 4.509414329304999747e+00 4.467873104803287809e+00
2.799663003518157822e+01 4.503754506071572017e+00 6.499084163861923891e+00 6.112900968629377374e+00 6.521493359032570325e+00
1.840824182079380478e+01 6.848615926109426155e+00 4.230723267510991370e+00 6.685442102710008605e+00 4.678457172210658932e+00
2.435703443277394342e+01 4.049681821984799868e+00 6.636743639394115490e+00 4.070970181434447888e+00 6.906032754508800053e+00
2.694356355482705467e+01 6.456100853428718089e+00 4.358788520677236100e+00 6.489406848483642243e+00 4.634662210451126363e+00
1.973462826538803583e+01 4.231732939346030342e+00 6.211255757777950137e+00 4.551753344134191082e+00 4.439913128662612785e+00
1.806604967567662001e+01 5.857008227984762172e+00 6.489514317800946230e+00 6.611440315367293152e+00 6.787033924534160434e+00
2.669293442897011914e+01 4.417294538538644844e+00 4.211363990582853489e+00 4.851590520427961017e+00 4.138587964464569779e+00
1.809196193083147364e+01 6.198458768637317817e+00 4.023075892698545708e+00 4.479225883625385762e+00 6.904061617367788450e+00
2.462696972411870533e+01 6.842961423357881934e+00 6.714694737855039897e+00 6.838686520908510147e+00 4.300556157146897540e+00
2.609640293882520012e+01 4.305644099284204884e+00 4.468714463089484390e+00 4.316530783605680099e+00 6.074586866223528503e+00
1.893122861951952274e+01 6.519139551190404447e+00 5.835388387360124440e+00 6.891744546339589661e+00 4.341984343779636824e+00
2.774203840916418429e+01 4.007969343592839628e+00 6.478316995630377662e+00 4.062662894505568723e+00 5.964498161423579248e+00
1.812458644033337407e+01 4.537461507177419584e+00 4.064804996753742294e+00 6.234381100157653677e+00 6.928641624273753408e+00
2.751161892938186071e+01 5.855897335446194951e+00 6.680268258589998176e+00 6.654210159396892976e+00 4.285149315514751756e+00
1.958173575112961373e+01 6.644725877944032355e+00 4.196915605620700873e+00 5.184785931486178612e+00 6.531329908531313677e+00
2.480586686756328518e+01 6.526118092332304776e+00 6.563890675145248821e+00 4.304508855778901300e+00 4.076270170659661574e+00
1.920551863627277811e+01 4.509638985183303639e+00 4.649604220646842201e+00 6.791620891115770497e+00 6.408084333986168168e+00
2.593916792971753438e+01 4.188071992483234141e+00 4.144635293336571102e+00 4.062666011597441340e+00 4.228421404626653946e+00
2.672682992257760048e+01 6.053997748015379265e+00 6.949247642662632174e+00 6.720752185538620971e+00 6.564848081733627438e+00
1.906289592757644868e+01 6.591636491786269758e+00 4.212690485919926786e+00 4.474410593298134842e+00 4.839783882550665162e+00
2.764778505425493194e+01 4.480720216967984726e+00 5.863955498522388510e+00 6.574855051501520720e+00 4.105153730169930348e+00
1.986587681085609702e+01 6.493606915583077566e+00 6.779067510244774830e+00 4.097538785748469969e+00 6.329171604763110359e+00
2.616129888970067441e+01 4.377616113170698320e+00 4.170785076151351412e+00 5.825498061775761016e+00 6.577865222790171273e+00
1.869854443137505484e+01 6.278665842119561802e+00 6.942269986362646250e+00 6.973840652326206424e+00 4.285463139284199308e+00
2.436565707345644327e+01 4.260989175760508729e+00 4.574443480901020820e+00 4.566801030560466934e+00 6.800905691496942573e+00
1.980766313849769489e+01 6.800790049873699950e+00 6.725476317186786623e+00 6.103457736588460136e+00 4.376433593926785548e+00
2.733795274348138804e+01 4.273265540238341487e+00 4.690696137480189876e+00 4.290057953052808237e+00 6.410713172268543758e+00
1.901756245254609823e+01 5.924030600765645360e+00 4.584803830741224218e+00 6.536823190996900124e+00 4.379372159476502269e+00
2.694357289861097371e+01 6.637465865083158612e+00 5.913643074199293359e+00 4.121803944810285891e+00 6.745048844667175025e+00
1.823782235193021961e+01 4.120202876034538164e+00 6.693249166744944745e+00 5.847313890607479969e+00 4.579866150179952911e+00
2.560591418314679757e+01 6.454597756382657536e+00 4.568537291762333474e+00 6.933055230290201543e+00 4.593042070308363201e+00
1.883796208144212159e+01 4.347238751959705105e+00 6.604458422378078453e+00 4.130084895458344896e+00 5.967437176350096628e+00
2.502604650506839690e+01 4.214570878659317898e+00 4.120986348106497665e+00 6.657650724099202222e+00 6.708649257529975429e+00
2.612919485073051007e+01 6.099481172072260371e+00 6.451378631417540532e+00 4.331814958676357463e+00 4.195215269324050311e+00
1.864941079863574558e+01 6.527226656420312523e+00 4.127332585733077153e+00 6.612692503994768600e+00 5.987791762979276733e+00
2.708139323855427349e+01 4.336346534659162977e+00 5.837176129793149038e+00 4.402087815048532526e+00 6.920759517440969510e+00
1.899201877320697207e+01 6.524433314023966979e+00 4.204914004053510901e+00 5.979910614724510687e+00 4.260219852015912245e+00
2.539864727643399078e+01 4.506702440765243622e+00 6.993857063300303878e+00 6.964119414904409666e+00 6.733084548055716212e+00
2.620445029845492613e+01 6.335633412985064439e+00 4.264497834043445401e+00 4.555286322576880487e+00 4.558742538505429209e+00
1.958510589673600677e+01 6.409820286333968831e+00 6.090675548006436735e+00 4.553252845972987295e+00 6.970444810452000262e+00
2.706119194903772041e+01 4.591101272658435484e+00 6.744460426564135247e+00 5.909769827710535495e+00 4.202054073094965148e+00
1.833106310334791900e+01 4.476313770036749240e+00 4.102140797801535399e+00 6.547281834045253213e+00 6.344232372146068499e+00
2.612888918439002950e+01 6.101036106083561172e+00 6.444177538252485071e+00 4.337788363105623546e+00 6.984770646603045030e+00
1.994624849928404586e+01 6.600780964562151354e+00 6.447462666648680951e+00 6.798543408815350908e+00 4.646883396658774146e+00
2.748535805727234660e+01 4.351277586811069575e+00 4.990886145457858802e+00 4.131593437058987739e+00 4.520931440981415861e+00
2.001937808123442863e+01 6.653052077865995173e+00 4.507213269712176285e+00 6.942077158501510858e+00 6.435188206355896057e+00
1.831523732269770122e+01 4.100697845352332394e+00 4.307598461068442575e+00 5.060000674736667037e+00 4.108287562892107836e+00
2.656407050478176046e+01 6.941475906508197902e+00 6.032451386862420328e+00 6.584396498036490186e+00 6.991095764675709923e+00
1.978986299600114762e+01 4.013485064945728986e+00 6.679601827337394049e+00 4.611567625842043938e+00 4.568963929208572416e+00
2.521996549845373536e+01 6.764410954286648625e+00 4.235862664110155329e+00 4.110987952007071122e+00 6.747161309520503636e+00
2.603639797756713392e+01 4.442854336813054417e+00 6.883628698180337402e+00 6.703144452142190346e+00 4.892659403877798852e+00
1.821383159331661616e+01 6.383318023659171558e+00 4.250590680655816023e+00 4.414626204210878591e+00 4.385109071968562588e+00
2.656758296599015523e+01 6.689083956087154448e+00 6.566951371940425553e+00 6.585310746827063078e+00 6.347841548616896645e+00
1.905544494395979527e+01 4.170534193086191443e+00 4.054595687149062044e+00 4.730736661896046691e+00 6.490500741606234136e+00
2.729474667414332600e+01 6.744688169919077936e+00 6.315574020750323925e+00 4.353777700497599490e+00 4.378716192328502288e+00
1.823766431856903836e+01 5.170277701121571035e+00 4.441614576650056989e+00 6.733932758716513867e+00 6.452049592247079524e+00
2.520031859435124488e+01 4.523561660781028948e+00 4.137706877172409037e+00 6.724596055576596676e+00 4.174725534039536612e+00
1.818992001672804548e+01 4.408726272371955801e+00 5.807545879479937057e+00 4.504154786781989550e+00 6.996075003609520948e+00
1.804169738024552672e+01 6.181263022479086544e+00 6.774257234785618920e+00 4.237672729143612926e+00 4.028288735188575664e+00
2.552075285661370074e+01 6.885797725754743581e+00 4.131414605984076616e+00 4.404376514229768169e+00 4.079825614678001422e+00
2.663811816071057237e+01 6.802894916452951968e+00 6.822554201424454234e+00 6.375066974663375241e+00 6.405972416569741590e+00
2.655873828566818062e+01 4.157596071302653407e+00 6.691546251446761850e+00 6.837326635414746612e+00 5.833552723316620892e+00
1.916937981985618222e+01 6.480223450907131699e+00 4.665925203857790748e+00 6.436117627756619441e+00 4.442757572969253665e+00
1.832877281465676944e+01 4.357300866659966410e+00 4.090607163963333015e+00 4.416792316433460819e+00 6.279413500661318537e+00
2.784672788607621996e+01 6.440535169195164222e+00 6.996171734588510382e+00 6.151462135715573432e+00 4.481897930247950690e+00
2.677529658408138502e+01 4.351154735575302190e+00 4.545452363517738625e+00 6.898925589351851961e+00 5.882581312428009745e+00
1.969182006635716320e+01 6.184406458714779120e+00 6.415008935047729288e+00 4.263922771289816005e+00 6.886377448953110658e+00
2.171180136780666459e+01 4.399592323148279860e+00 4.575013628225959472e+00 4.047251108627288652e+00 4.472347488278262340e+00
1.887815616310763289e+01 6.414178608521535985e+00 5.997064276066620181e+00 6.817402709265372174e+00 6.840122328640282134e+00
2.681533267244054031e+01 4.580762708692211582e+00 6.419543106944939126e+00 5.151579546730577164e+00 4.551298552698204603e+00
2.710908638083747135e+01 6.069519040327327808e+00 4.506118150677530743e+00 6.411061526580340342e+00 6.968841670652818010e+00
2.168263048581217234e+01 6.597700812434829309e+00 6.833712262515557079e+00 4.424171055558477228e+00 4.378936142710338153e+00
2.624685069400057102e+01 6.883754971682383150e+00 4.340589942017826885e+00 6.955140468977931256e+00 6.255900092526334610e+00
1.861663960579920740e+01 4.820937198924213796e+00 6.536439281571286841e+00 4.072110910140972706e+00 6.601441627314779126e+00
2.631470203768977001e+01 4.292997147740782893e+00 4.006670362370807759e+00 6.154636371468710010e+00 4.313504695623228358e+00
1.829962932435099532e+01 4.287894860620840909e+00 6.203457394577822193e+00 6.930461472687323266e+00 6.543074255133997319e+00
2.662833189705426307e+01 6.523141096464148525e+00 4.194845896437300325e+00 4.826473205782852105e+00 4.009200645107735106e+00
2.070700111951336453e+01 4.144342220120838860e+00 6.546083956489628264e+00 4.581307984549924939e+00 6.649025262436369488e+00
2.649464425114958033e+01 5.990785599497248093e+00 4.086933785821221576e+00 6.517350315258419791e+00 4.182525248473452528e+00
2.160929918507264702e+01 6.987589230860375977e+00 6.465812599104494574e+00 4.538850885760611575e+00 6.933666912984841169e+00
1.948502345528314805e+01 4.454199799007695582e+00 4.464671288357759060e+00 6.660730611715623084e+00 5.077141555256861949e+00
2.662535527157488247e+01 6.431136967858207321e+00 6.288208402429680710e+00 6.569345096556991059e+00 4.287615899410490705e+00
1.859538172984501614e+01 4.428958944352696214e+00 6.833165123698025312e+00 5.103832640487104833e+00 6.733302934356206748e+00
2.646422577235318130e+01 6.734369387322933775e+00 5.144493401313518177e+00 4.274042252482266768e+00 4.426951999444658448e+00
1.869003645039024164e+01 4.419345737017857267e+00 6.617269719512013815e+00 6.804020063546861508e+00 6.025950173657596665e+00
2.713150702904663447e+01 6.803746537923101911e+00 5.103261438178449794e+00 4.490925357056211098e+00 6.988673012401539708e+00
1.973279029111341387e+01 5.020260733817355714e+00 4.560785207072878045e+00 4.438172743805242959e+00 4.422205423935894331e+00
1.838859777202922530e+01 4.242496997774273915e+00 6.515454743538815485e+00 6.216193831544591042e+00 6.763825710445752648e+00
2.702615980229042947e+01 6.924711170315632103e+00 4.522160365471758148e+00 4.107393757275327850e+00 5.000843605031306538e+00
1.980070587180231456e+01 6.630818520506161384e+00 6.456077922898841415e+00 5.995175176585394006e+00 6.814460463804882906e+00
2.707476658280304704e+01 5.140284330852765926e+00 4.159256871488145713e+00 6.865588052259745666e+00 4.219269733567856839e+00
2.134235185644002541e+01 4.513649973065112064e+00 6.901487760555987450e+00 4.098771462234173768e+00 4.087817949316273847e+00
2.691860475086522086e+01 6.792083239462225031e+00 4.591282186500615481e+00 4.404409705083939919e+00 6.177268858734091594e+00
2.767547858389544402e+01 6.489014287536174486e+00 4.422641602811969719e+00 5.921632453015511111e+00 6.519129265178039923e+00
2.118239248915404005e+01 4.114104483991986250e+00 6.739008207075084300e+00 6.725973210260383972e+00 4.081937309603630659e+00
1.922712231406043415e+01 5.001510887158022278e+00 6.927512646908109417e+00 6.986064442936330110e+00 6.559898436140973566e+00
1.916422114347837180e+01 6.939279360984666134e+00 4.974354181356651416e+00 4.095853645132613963e+00 4.535949460232755470e+00
2.737850659072427817e+01 4.771155309777654452e+00 4.365506626629482412e+00 6.545340209077433080e+00 6.688208711513119908e+00
1.858300585669707061e+01 4.580215855805382930e+00 6.242573848200392739e+00 6.406361985664848824e+00 4.375517876152347441e+00
2.680694214881563653e+01 6.843316244281905547e+00 6.666923602310186325e+00 4.552155690028857116e+00 6.268139511207857062e+00
2.032510446785432379e+01 4.110073336346037998e+00 4.347180782213040828e+00 4.563661415805909449e+00 6.615721500934125920e+00
2.647510547380441537e+01 6.963272992758484214e+00 6.641559248416919914e+00 6.713774136208883192e+00 4.921798329105667058e+00
2.122513135952764074e+01 4.178237539592355887e+00 4.417084200528266891e+00 6.909596763330209335e+00 4.235999350731666446e+00
2.612290348350306957e+01 6.858468125899017664e+00 6.980038302701705000e+00 4.853145978753662604e+00 6.558827645142024210e+00
1.938841728522289998e+01 5.180411744154553411e+00 6.814623517035345301e+00 4.249772348933781529e+00 4.509216377921576147e+00
2.723958108230529973e+01 4.363514220190237047e+00 4.968151415544689087e+00 6.763002519555495695e+00 6.666179843196969657e+00
2.151976381150751649e+01 6.799290327170875337e+00 4.358437123870397834e+00 4.044992116841306995e+00 6.916652831406611135e+00
1.839006451647628282e+01 4.373009156533573361e+00 4.083035071165912022e+00 4.210129989630989833e+00 4.895398767894498349e+00
2.745750481697790235e+01 6.519488944946274955e+00 4.366328241625794249e+00 6.289034385503427416e+00 4.399493833136925325e+00
1.849742208267374721e+01 4.717856946125825957e+00 6.500361265233173036e+00 6.664383795356264351e+00 4.309064269074465159e+00
1.804071581590886098e+01 6.520047742158367576e+00 6.540214544350579473e+00 6.803058064764290869e+00 5.985758552146648093e+00
2.749107595357742539e+01 4.073887511896517211e+00 4.239820052386390259e+00 4.909682931773851067e+00 6.798697577399249070e+00
2.680074071980529027e+01 6.644199467971056983e+00 6.438278672993951623e+00 5.050436944882320311e+00 4.595304494896036651e+00
1.949236790551381304e+01 4.594890188560346367e+00 4.863264122764780595e+00 4.213563365393307336e+00 6.760742434639792187e+00
2.660662177569760800e+01 6.651339019968498079e+00 6.562695472960006882e+00 4.506181417242588694e+00 5.162319691147610357e+00
2.101656167874249803e+01 4.317958140542223155e+00 4.386190100603539754e+00 6.998480630974350802e+00 6.593283411415865380e+00
1.818011896876107514e+01 4.133652072075995498e+00 6.453461706401760978e+00 6.713065960625128170e+00 4.646101777932557297e+00
2.767542078296085961e+01 6.989935664522417547e+00 4.759148009308789007e+00 6.463355028104883715e+00 4.301634365748844502e+00
1.964109360618999744e+01 6.457434875881901348e+00 6.478564800756455355e+00 5.198510355511743342e+00 6.704239859994172157e+00
2.713621210406574491e+01 5.092570568022458666e+00 4.135866360093752192e+00 4.221348118742831446e+00 6.664392761375968810e+00
2.167198412499645599e+01 6.568324728350109609e+00 4.190021767374344286e+00 6.970786188912117431e+00 4.521376764076179278e+00
2.766724757957733161e+01 5.076812292769058210e+00 6.438591801065500775e+00 4.092789102962738568e+00 4.204305452266830834e+00
2.138997086751402321e+01 4.020780277421082793e+00 6.482620634135271231e+00 6.486731069585561116e+00 6.875253870485483532e+00
1.817300527010610622e+01 6.711036385694844952e+00 4.775888439798912088e+00 4.319739413426405328e+00 6.886456178214488411e+00
2.621319075856715486e+01 4.008358108539292530e+00 4.094101099615285122e+00 4.105128186107428689e+00 4.623258304362393822e+00
1.892867142583297380e+01 4.368583230749498725e+00 4.324526902899799019e+00 6.206439817151400362e+00 4.003628570460024960e+00
1.990140127710917994e+01 6.731482464221887341e+00 6.680387681763585661e+00 4.058667073263316105e+00 4.994239502269641306e+00
2.770500566948189558e+01 5.036809365440644726e+00 6.739559892420111886e+00 6.665730469673934344e+00 6.948032326385002122e+00
2.629341184134962361e+01 6.987386929853248496e+00 5.133984352857330791e+00 6.986471130134489727e+00 6.966438540770126586e+00
2.621972700491870611e+01 4.221434723063489436e+00 6.798849938026195083e+00 4.403166621006292303e+00 5.156066239152313990e+00
2.189563561779211653e+01 6.584751449342946650e+00 6.479422296090366906e+00 6.803311746099343971e+00 4.032063769984207902e+00
1.867200761467729819e+01 4.314236056731538760e+00 4.810192379282436370e+00 6.475200495048076377e+00 4.569371224292352096e+00
1.886438121172654547e+01 6.441455021757159116e+00 4.531082596557041597e+00 4.839066778509860001e+00 4.248156879784525053e+00
2.681035475358439513e+01 5.120492065889938438e+00 6.960909537763564359e+00 4.146707819287605012e+00 6.605896563844837921e+00
1.923090910484785709e+01 6.570326318454900338e+00 4.739946613491909488e+00 6.570901523923880383e+00 6.624181319160092229e+00
1.897397810830187126e+01 5.074520236580137400e+00 4.104290381832844226e+00 4.019982257877066090e+00 6.725606311449295660e+00
2.754911100912450195e+01 4.408540389866959508e+00 4.179177170321724866e+00 6.948615293165255835e+00 4.934418204163904420e+00
2.669374993070599444e+01 4.495234063555734849e+00 6.598292373089529761e+00 4.873011172376622291e+00 6.744544217663125174e+00
2.168473821328400675e+01 6.656813697757288928e+00 6.952023472238685997e+00 6.810313907165132186e+00 6.662717010690579755e+00
1.820754160985320880e+01 4.044206252712097438e+00 6.886423928742391176e+00 4.501646898271761010e+00 4.909062008017476053e+00
2.623783643311336178e+01 4.005248777040858243e+00 4.718363497786786098e+00 6.519566187817613212e+00 4.438600576663819908e+00
1.823936919762673270e+01 6.693594188506594378e+00 6.877682144478926674e+00 5.133726226311182472e+00 4.384494753861621241e+00
2.463586116436840356e+01 6.108152608341637979e+00 4.030915340385072376e+00 4.272864654953020036e+00 4.015955616244709425e+00
1.924185376632291877e+01 6.821601380271629544e+00 4.298282628529322302e+00 4.577493655809878881e+00 6.238664543970081411e+00
2.678697229330664697e+01 4.671159118477584471e+00 6.644987604478106213e+00 6.723713963989677467e+00 4.409741802115845211e+00
2.550080960125627527e+01 6.905995757854473283e+00 5.151355648877510518e+00 4.353943705323309210e+00 6.773553029043460683e+00
1.889264925358823177e+01 4.678658985134729775e+00 4.184511458182300636e+00 6.706515067028850474e+00 4.403522500061008316e+00
2.419573815749998857e+01 6.966754971371503125e+00 4.515331739051562820e+00 4.200580860128553695e+00 6.236213993149914536e+00
2.418566036286477683e+01 4.292901399107899252e+00 6.269866443689616986e+00 6.441930230147712599e+00 6.472312325865839711e+00
2.496867551610348812e+01 6.907729262586938646e+00 6.722345568302742436e+00 5.060967484387875359e+00 4.540857738506819175e+00
2.654993000391616320e+01 4.218231207428375207e+00 4.612593807867174434e+00 6.008493385212172910e+00 6.570008424302015371e+00
1.977556039154816148e+01 6.108992566125666102e+00 4.330143431651397812e+00 5.013509382729528063e+00 4.021824912625215909e+00
2.470696119544662395e+01 6.582954448302533734e+00 5.827716923779351355e+00 6.928424384935347291e+00 6.886663895753252440e+00
2.421732756851971047e+01 4.941353659341259252e+00 6.926475350534600395e+00 4.584289796169651154e+00 4.320310176890164833e+00
1.977579784171759059e+01 4.332095365148330934e+00 4.311900142982787898e+00 6.326527046147112365e+00 5.843934259956276911e+00
2.753879932920936824e+01 6.158859919723947307e+00 6.155781132530716349e+00 4.072987156394246355e+00 6.458106862545649918e+00
1.810140691605395347e+01 4.014538058134128562e+00 4.360478405696778914e+00 6.103001053881121685e+00 4.861607140930651383e+00
2.551537104211809037e+01 6.096749109720835946e+00 6.410125283139133323e+00 6.655477212294756306e+00 4.520702991213029875e+00
2.690782976960716866e+01 6.772108418506157079e+00 4.979700831111017578e+00 4.300268829285132099e+00 6.387002720173822645e+00
1.876447813418359090e+01 4.092254552267267087e+00 6.357624687628332438e+00 6.241624831724649880e+00 6.476833340004737316e+00
2.592705118496391847e+01 6.162778970908112441e+00 4.288818493768272511e+00 6.468343441663441773e+00 4.190587413704607300e+00
1.869092088845801669e+01 4.011762915212521818e+00 6.172992877004054968e+00 4.848725797113784708e+00 6.908129923316916887e+00
2.568438907353986878e+01 6.302186125236890035e+00 6.818177473350392148e+00 4.317064264674322693e+00 4.185129741691533845e+00
2.548025101878972976e+01 6.932696814189397649e+00 4.284952808639371113e+00 6.857333200091878744e+00 6.297020793391338245e+00
1.893641429923927078e+01 4.500246645615420427e+00 6.252843253570830484e+00 4.712429216799534082e+00 4.183907110319998957e+00
2.647482062581235596e+01 5.822842076080625873e+00 4.534189679715901811e+00 4.025587791327843945e+00 5.905428111622854637e+00
1.931685045149527014e+01 6.845611482177329954e+00 5.813015571185765396e+00 5.925251093578331130e+00 6.986007277835642348e+00
2.412123552763057077e+01 5.046028058516275117e+00 6.772078153510042497e+00 6.913095488153409462e+00 4.192145573284295601e+00
2.569984269307459357e+01 4.279501637504413480e+00 4.188823201017952691e+00 4.038789771200153034e+00 5.997373705010901723e+00
1.919205060941744989e+01 6.156141591179808081e+00 6.003286935579943417e+00 6.678082345178442125e+00 4.422422976412970996e+00
2.629450591039716301e+01 4.040029126177167917e+00 4.310750867334252945e+00 4.797672994703435556e+00 6.399017792612811562e+00
1.869708059850697524e+01 6.158116367217234099e+00 6.340792573968996315e+00 4.320234159644364524e+00 6.469653309946306052e+00
2.463449201547830114e+01 6.638988566277239656e+00 6.717200525402895472e+00 6.143157557902945598e+00 4.323992742276612233e+00
2.450821107922980957e+01 4.532836857174869394e+00 4.533529136167489426e+00 6.939902700697674121e+00 5.804899432555380656e+00
1.920616219748636055e+01 6.272031984013398898e+00 6.136348733995108162e+00 4.309940001595431447e+00 4.412004896110116370e+00
2.654622650717501742e+01 4.397193507845482685e+00 4.355579575374631141e+00 6.159310478361129881e+00 6.375268084120119916e+00
1.804277289734130463e+01 6.368001284831267483e+00 6.391215918654451045e+00 6.881660533520137513e+00 6.420005782897712621e+00
2.466290225663257729e+01 6.570266477456591758e+00 6.583466560988514793e+00 4.945925869464179669e+00 6.479355580920831414e+00
2.430440588802860091e+01 4.038018208926073882e+00 4.319189418940020175e+00 4.192684140480734456e+00 4.929639899411007775e+00
1.854619752873136918e+01 6.367244693304964009e+00 6.494586581444561801e+00 6.841565366779736479e+00 4.932752120694448017e+00
2.717437774296857000e+01 4.287308797040712882e+00 4.681461385630573346e+00 4.834961398296968582e+00 4.493299536273237749e+00
1.936642654308496958e+01 5.983332966182060453e+00 4.016141009382890203e+00 4.052336780186354126e+00 6.098247703088441440e+00
2.540093514024705001e+01 6.565400073391961300e+00 6.255501175727167684e+00 6.471995267674314434e+00 4.419489353733891512e+00
2.719482017836354615e+01 4.591583835532733637e+00 6.403989937266696408e+00 4.758691834893597594e+00 6.292944393897251132e+00
1.855370711087832447e+01 6.040679913465229589e+00 4.348165677111966332e+00 6.189448923911544220e+00 6.889555010823891656e+00
2.431100934614611830e+01 4.350121396003783225e+00 6.232832908115739201e+00 4.470867152823545077e+00 4.300140261538274444e+00
1.867103203353273599e+01 6.298493699454453143e+00 6.706396122158262862e+00 5.877272293795387625e+00 6.893684384176001601e+00
2.578271007502873502e+01 6.675477571566054813e+00 4.704286632739964169e+00 6.480126682209991884e+00 4.193761507347022466e+00
2.640934411588916930e+01 4.574681454263466840e+00 4.960400629755868707e+00 4.422901887077569150e+00 6.188578856399545636e+00
1.822207401285793793e+01 6.222614533343355347e+00 4.354066022068266761e+00 6.270526027812308278e+00 4.573522226344067576e+00
2.451359976266737561e+01 4.200024411538862523e+00 6.965695669834875758e+00 4.121130602672326226e+00 5.932994529426073527e+00
2.652953526486632896e+01 6.090160331365050972e+00 4.485653522182358799e+00 6.342804386029136765e+00 6.468919798205449823e+00
2.056157397636248163e+01 6.913084178052548268e+00 6.304442896883641900e+00 6.439477799456994944e+00 4.166954223207809171e+00
1.950815789802466327e+01 4.565059068484621285e+00 6.278705910588026740e+00 4.118895391483583523e+00 6.369333175820095505e+00
2.597984452855770243e+01 6.272680714544670799e+00 4.194731404609335357e+00 6.914615519961811785e+00 6.555989915670000556e+00
1.815397517172920061e+01 4.053899024413672336e+00 6.918732677707827960e+00 4.664645090665931804e+00 4.723790097814501543e+00
2.435375990404622470e+01 5.867710190736291409e+00 4.172901445859375613e+00 4.098163194447721480e+00 6.712570049503667313e+00
2.742928758646865361e+01 6.957521306467722155e+00 6.125390509785489712e+00 6.886702211086976000e+00 4.992669552388221632e+00
1.858012100467824368e+01 4.529382861001408855e+00 6.945256814922414534e+00 6.207457684315248692e+00 4.747346458442771144e+00
2.501622156580378231e+01 6.730331718108597094e+00 4.290202838694873400e+00 4.750509338617879607e+00 4.321025230490465496e+00
1.862052914432961614e+01 5.011410427997336825e+00 6.034657659556397213e+00 4.434966724230752000e+00 6.414589944509965669e+00
2.549978435807832611e+01 4.071656093465757742e+00 4.592067945330009948e+00 5.930455024050881541e+00 4.467902867307373072e+00
2.699999970174447128e+01 5.944387559389245901e+00 6.375510149666607340e+00 6.547466306481736886e+00 6.978294849613121187e+00
1.813652975443017468e+01 6.266811605229905879e+00 6.845577242071221313e+00 4.324094412678482158e+00 4.945040502175722885e+00
2.517352960170182286e+01 4.243358220598573816e+00 4.243489672512646749e+00 6.268231530079019009e+00 6.507623196523046438e+00
1.807561878351258855e+01 6.712314048593086113e+00 6.292120484294978056e+00 4.022971570679012565e+00 4.682456894237112976e+00
2.484790225252808682e+01 4.085553694631961719e+00 6.466212952423987304e+00 6.317516055527297780e+00 4.433766530513549853e+00
2.737618658084865331e+01 5.983520786337362729e+00 5.060099924239793268e+00 6.893196543693344225e+00 6.887124193190761190e+00
1.886712560859211152e+01 5.812442175485834639e+00 4.437611470350174336e+00 4.526127186086472243e+00 4.645667938331687452e+00
2.581389656326832593e+01 4.325161305914128285e+00 5.847146293837631958e+00 6.958592191932915227e+00 4.360287688833920150e+00
1.841231899598892596e+01 6.410714397213700622e+00 4.329963585081420874e+00 4.606942263932087833e+00 5.877858223044020392e+00
2.581938186982434758e+01 4.171199341032549412e+00 6.253553541286755113e+00 4.053844725275721039e+00 6.584430818197064106e+00
2.766344822633102751e+01 6.078450313377787850e+00 6.480228771245094777e+00 6.058214971100300161e+00 4.009211909607729218e+00
1.973765240887725270e+01 5.814937694733196771e+00 4.547279706060069593e+00 6.907316733826915467e+00 6.250819439848475767e+00
2.582253282718900422e+01 4.461770401038192446e+00 6.583393484091703662e+00 4.681790077927203697e+00 4.489137465896544832e+00
1.984754043875869201e+01 6.684921474035155242e+00 4.611217001006899352e+00 4.468962399075515179e+00 6.295526196572872379e+00
2.544987390597759003e+01 4.437217596413753462e+00 6.881702457849031340e+00 6.372765749331405161e+00 6.731334722590360364e+00
2.614760209408699509e+01 6.274794658817952175e+00 4.972813147614534302e+00 6.452367811378492135e+00 4.537832659226604726e+00
2.034738300867374150e+01 6.759250354463452126e+00 4.489724191435819023e+00 4.350858974933527357e+00 6.053728609332519994e+00
1.809482436382152670e+01 4.462524355232012852e+00 6.263026045705042399e+00 6.120237882363274373e+00 4.194628220548101361e+00
2.639587873782032901e+01 6.286253842732601349e+00 4.218371429098645820e+00 6.658009476087487499e+00 6.100381930941239261e+00
1.897724661330325802e+01 6.953227549305025512e+00 6.239261649008121857e+00 4.684387696167092052e+00 6.871189651491887318e+00
2.495515953214322025e+01 4.773682302919339371e+00 6.462055614942864956e+00 4.228729733202055918e+00 6.944936917315335023e+00
2.517928433685654710e+01 4.475573632678557345e+00 4.240052621141350286e+00 6.991632181365831755e+00 5.038281150004681130e+00
1.885062840774257253e+01 6.615270921475032928e+00 6.599746493088210819e+00 5.138136565232471753e+00 5.167265184931401301e+00
2.697721981846728667e+01 5.168619364914673220e+00 4.871907380718760727e+00 4.018010125254908083e+00 4.450478383326280429e+00
1.801464250597209471e+01 4.455646000351708658e+00 6.524213662197392516e+00 5.995135253815457865e+00 6.063858666123850938e+00
2.535141650951719328e+01 6.843678696131204831e+00 4.701975193500344652e+00 6.460516492778134889e+00 6.579344941506018785e+00
2.790036786326926688e+01 4.751585348779394202e+00 4.142645273751532464e+00 4.123202768846789823e+00 4.958715806623418487e+00
1.863368716653384993e+01 6.135038371018845638e+00 6.766527920485645886e+00 5.946657930934017955e+00 4.067185199235984427e+00
2.565839464037582829e+01 4.005623152222040240e+00 4.703275150782483038e+00 4.104826360159934850e+00 6.560696422423952789e+00
2.746716282754502103e+01 5.963831013299902395e+00 4.018125552434123726e+00 6.187795114173399114e+00 4.318490774977691515e+00
2.147306625661154911e+01 6.535489309794062507e+00 6.155317070855080175e+00 6.785331894041603640e+00 6.777149510263001275e+00
1.859257857609747333e+01 4.023897612735096274e+00 6.074553128603692009e+00 4.473997761031846210e+00 5.126404206593194068e+00
2.459934953655842449e+01 5.889862752315568883e+00 6.715861579442438334e+00 6.784250052182299484e+00 6.412415205705961796e+00
1.803124656538875215e+01 4.585222093021418033e+00 4.197327722098004088e+00 4.612956415241667329e+00 4.893566358975592223e+00
2.554050803421813853e+01 5.968851912909097557e+00 6.706408559483898912e+00 4.555092562355367747e+00 6.524103036928946331e+00
2.715603467489418676e+01 6.868352577314460028e+00 4.224136074073113534e+00 6.030949257969036914e+00 5.084020263093738556e+00
1.980882075629735795e+01 4.246866419064178721e+00 5.153335488289023658e+00 6.703178583406965707e+00 4.908708145186079008e+00
2.490275202936511079e+01 6.781036389588951607e+00 6.354764525772518269e+00 4.426787507576205982e+00 4.267250191010074190e+00
1.875979826056195421e+01 4.774801071276473685e+00 4.055408945078869287e+00 6.139731805844385271e+00 6.877811875570203348e+00
2.520452457099315779e+01 6.826633793068336509e+00 6.171075222163573848e+00 4.395467408823181543e+00 6.596694676985430661e+00
2.609041712463370999e+01 4.977676849834422157e+00 6.644945632607633712e+00 6.896340709208297781e+00 5.044278458806929599e+00
1.990225037605708280e+01 6.939155138118073829e+00 4.468427140777634143e+00 4.755631928846018930e+00 4.989091382537108821e+00
2.700581476243865353e+01 5.137241198863379488e+00 6.022297589848679245e+00 6.516288291376072017e+00 4.376343035641318657e+00
2.190652267187567048e+01 4.081047294622393906e+00 4.228125127720471887e+00 4.632915931801217191e+00 6.468992259463997030e+00
1.817324661210515302e+01 4.166518475740629945e+00 6.118998752517731177e+00 6.830506360455278703e+00 4.774952381989362671e+00
2.732085420728028424e+01 6.128704823896602427e+00 6.704944478442425471e+00 5.065540000080093641e+00 4.398314743157409445e+00
2.156162897845509008e+01 4.297745148962698103e+00 4.086005401674396964e+00 4.112696875154335352e+00 6.050837219540019518e+00
2.630964674462415331e+01 6.382410698679820804e+00 6.951227271020850473e+00 6.146602511086013187e+00 6.926936644815718580e+00
2.033442962745850480e+01 6.754959924358248990e+00 5.162500430729869194e+00 4.172654200191519891e+00 4.294641197532392596e+00
1.807305519631877289e+01 6.569218210369009547e+00 4.182198037118174838e+00 5.864034940695650455e+00 5.822611639215291568e+00
2.406563239661918274e+01 5.008197294991923343e+00 6.818671518242026330e+00 6.873871435308076983e+00 6.523857035318852304e+00
2.775543613730167181e+01 4.468297796299144586e+00 4.805770496887456389e+00 4.347972382499462718e+00 4.997965112788796738e+00
1.955864190814808978e+01 6.489619149562313005e+00 6.265268438865714273e+00 6.229832336920159364e+00 4.478697732062073555e+00
2.408607629689296914e+01 5.052295560327721091e+00 4.312212182514832293e+00 4.030613503097027817e+00 6.506606496951016894e+00
2.765814760904867242e+01 4.585557887859966542e+00 6.385385931738250420e+00 5.938771424743774396e+00 4.265880921518055757e+00
2.004568757469874640e+01 5.888025717987957819e+00 6.899787897385257551e+00 6.922129479666881302e+00 6.635452083042592264e+00
1.831472614642979124e+01 6.614751520290006681e+00 4.962596116530875179e+00 4.382455120746210575e+00 4.846135052322161130e+00
2.519239785873743642e+01 5.000688068492493699e+00 4.581930116287381338e+00 6.862469987686814044e+00 4.048217830210363744e+00
1.819773701481668127e+01 4.298850700301874994e+00 6.500385509417507812e+00 4.747066197659922437e+00 5.958696038740266765e+00
2.528233735474408306e+01 6.760221468093360109e+00 6.472975819369465533e+00 4.506455465345828415e+00 6.341726297035261695e+00
2.745383140385964538e+01 4.286987986644173354e+00 4.606518451139350212e+00 6.196540923929473976e+00 4.113095954587172365e+00
1.887243970302701612e+01 6.385936060718106155e+00 6.840723776528531808e+00 6.560656707222093154e+00 6.351173871260126447e+00
2.668198304897563844e+01 6.181685330430374492e+00 4.800945604341195327e+00 4.543204720876049763e+00 6.942044250100662062e+00
2.004430815196468174e+01 4.078186881689094712e+00 4.561709265614437570e+00 5.911153366456565195e+00 4.066879600614312196e+00
1.971918861080434837e+01 6.262368568055826756e+00 6.903388917171743522e+00 4.270747142023714638e+00 6.070377450022188093e+00
2.597111251262499110e+01 6.731349291753285335e+00 4.077968436536147046e+00 6.284500233282815707e+00 4.480552240436095346e+00
2.762020608659243237e+01 4.099833091513612082e+00 4.895931627721311408e+00 6.664485689451745465e+00 6.065169124901045095e+00
1.817656835075921151e+01 5.911954753421051478e+00 6.921482845235177095e+00 4.678125950126704069e+00 6.722988668727069239e+00
2.560424221586294635e+01 4.224226325823829953e+00 5.120475895698543667e+00 4.591826549893307075e+00 4.220272799554452448e+00
1.979715285626382126e+01 6.608339953556350288e+00 6.507672877051732918e+00 6.073528597287193520e+00 6.027588305565062754e+00
2.532095559503468252e+01 4.060690143287124521e+00 5.040234515191589715e+00 6.561118596357905730e+00 4.421719838123615354e+00
2.677003690478713338e+01 6.305826438808733059e+00 6.799426572749920794e+00 4.004982976923487925e+00 6.394140639613899779e+00
1.824241550566886616e+01 5.936876745616000761e+00 4.683072014615231815e+00 6.613634066239076681e+00 6.719930652071731458e+00
2.554078718182043772e+01 4.052550598433817264e+00 4.258786991703858327e+00 5.066672243621557215e+00 4.075379487328134154e+00
2.663605199495444609e+01 6.004097508806018446e+00 6.412560763555335441e+00 6.898790820029685911e+00 6.017863576704987061e+00
1.976054207450759748e+01 6.586717347451828353e+00 5.093193299148615516e+00 4.794264421875377380e+00 4.333126432050946164e+00
2.067063283762578507e+01 4.487757185814803762e+00 4.146908357567073544e+00 6.919326334555111480e+00 6.208414669354262116e+00
2.639367547369967681e+01 6.167185747630237636e+00 6.998330389316663513e+00 4.715316058277797318e+00 6.847862974798915481e+00
2.088850095241788551e+01 4.294988670719417811e+00 4.882893651297828264e+00 4.212348083021177025e+00 4.413825496334688125e+00
1.822280290069270592e+01 5.933896616357430709e+00 4.485893406730923516e+00 4.928051037170091853e+00 6.464659786914201511e+00
2.423549454934328651e+01 6.402136582757690597e+00 6.953254343149906092e+00 6.566975852789945556e+00 4.832502632016827171e+00
2.685992646819262930e+01 4.254957580969722208e+00 4.889872609193846031e+00 4.639332379345215251e+00 6.410945652164040887e+00
1.808834882183906956e+01 6.444138840919300115e+00 6.090285034896662175e+00 6.815603793166553181e+00 4.861447267817469609e+00
2.457900736919998153e+01 4.785598040529154495e+00 4.141914029014678533e+00 4.462658350082245207e+00 4.179296227711902567e+00
1.971049240126278335e+01 4.280583200565352797e+00 5.831284681710171114e+00 6.782203298294559701e+00 6.003859068914251473e+00
2.409546887548728478e+01 6.668417788285953662e+00 4.077364697674190630e+00 4.887620824228680050e+00 6.605230873116449963e+00
2.681846638856007559e+01 4.512549270601569518e+00 5.890119749266375493e+00 4.395060179001170297e+00 4.644299401822221895e+00
2.194216581359374985e+01 5.980543341292165138e+00 6.860368787578715377e+00 6.434004717768218029e+00 4.452861576127165044e+00
2.767879934187365976e+01 6.076038975617882976e+00 4.111774191336880158e+00 4.845658979199256144e+00 6.721834903205375689e+00
2.061362982080874673e+01 4.543139564434168776e+00 6.035427931652957767e+00 4.557387566277031787e+00 4.402608785117628543e+00
2.721393112935425052e+01 6.545289605664494914e+00 6.701528210504522853e+00 5.972464403991740944e+00 5.834034492618474843e+00
2.035921859125949496e+01 4.610962786337013952e+00 4.563937461112193006e+00 6.596671943700340712e+00 4.123366583986668665e+00
1.948295833441438418e+01 6.984222474108742418e+00 6.307407080955411693e+00 4.555654651207927230e+00 5.998318887230985830e+00
1.932160996110592066e+01 4.936400165061654910e+00 6.992162200718396114e+00 5.857489261281857651e+00 6.918033950453759573e+00
2.402189739420024139e+01 6.952862109968397597e+00 4.979851735197266649e+00 4.379862808138288877e+00 4.361041605052327519e+00
2.770698725190674239e+01 5.119880938972916518e+00 4.026175532605148710e+00 6.041744286382282780e+00 6.946774126345621525e+00
1.961029558304878506e+01 4.957078131190508330e+00 6.816486877021291413e+00 6.632853210791162191e+00 4.998610173708608606e+00
2.484029522841207083e+01 4.466754920785694694e+00 4.078843780392557683e+00 4.721352472622495355e+00 6.401742861862651068e+00
2.674301105432095582e+01 6.911426479582873483e+00 6.223860845953352872e+00 4.475460497287971684e+00 4.739441505479732086e+00
2.183507636342880787e+01 4.028973261207886125e+00 6.815496251923271132e+00 6.116675094749461472e+00 4.526367769634511262e+00
1.855624042941882834e+01 5.918959128014794402e+00 4.967968819051456819e+00 4.140191548355097950e+00 6.628737011439472582e+00
1.923590730297052076e+01 6.718516778548218049e+00 4.092449211852884794e+00 6.338826580509657305e+00 5.135869729300138076e+00
2.494165304010088491e+01 4.637947060835289292e+00 4.231481008739872429e+00 6.595522622956662140e+00 6.790403009572077764e+00
2.629599467569943272e+01 4.472321361072243207e+00 6.076314795824720782e+00 6.679877093675640864e+00 4.802769900576557838e+00
1.839375163013829706e+01 6.165301581182452750e+00 6.997836112928442986e+00 4.862350971771880914e+00 4.356265970887495342e+00
2.532391860866388811e+01 6.424640945631741928e+00 6.894706780231540932e+00 6.673635774557202360e+00 6.209876656838045683e+00
1.925006779962584957e+01 4.026396184822322866e+00 4.920626690448026253e+00 4.985227356749794225e+00 4.380609964759936581e+00
2.585657855957862594e+01 4.413664025759431730e+00 6.601471005678403614e+00 6.721511712570128694e+00 5.958152207737139605e+00
2.741720521419953727e+01 6.090375047881912529e+00 4.844021283735655992e+00 4.437553950724550944e+00 4.101871733418557042e+00
2.675773184993614606e+01 6.612981614161277832e+00 4.290449654829109782e+00 5.057523674952199677e+00 5.871261631736668818e+00
2.099820015824057151e+01 4.060698143401567428e+00 6.506383853857266253e+00 4.323178749772244700e+00 5.867744874021890489e+00
1.922060590054346818e+01 6.002842635582730679e+00 4.825478251130137508e+00 6.930702261144348952e+00 4.583165013612032546e+00
2.605003323026868500e+01 6.503912341337119152e+00 4.863662116679801528e+00 6.673807968599788865e+00 6.322261349144061349e+00
1.891699780405667752e+01 4.992695633589725901e+00 4.007358069128149403e+00 5.021340411013111904e+00 6.829550745285706270e+00
2.550300562315808506e+01 4.107316092407177877e+00 6.723999339036880407e+00 5.006004874970860108e+00 6.857692421762205726e+00
2.627389665950012798e+01 5.920925707263997140e+00 4.594048036678378466e+00 4.445539902289417533e+00 5.026974191705666506e+00
2.007415878488188454e+01 4.229892409847031409e+00 5.867975355376855440e+00 6.562312689389832698e+00 4.168011730130620762e+00
2.178997901543651849e+01 6.267377268532973389e+00 6.744784048700200429e+00 4.497977687347894715e+00 6.989109130225989119e+00
1.891097172482017541e+01 6.420600751357743441e+00 4.964136876720794511e+00 6.325102428667625176e+00 4.071113745055340516e+00
2.571125913721131440e+01 4.574224645220051677e+00 4.865014757433343107e+00 6.941380872530323209e+00 6.479754531598047151e+00
2.665518777823270113e+01 6.329576505690923227e+00 4.209879040916378656e+00 4.864534059250543052e+00 4.357452381941229191e+00
1.997549395097037106e+01 6.540065976980121931e+00 6.067807704312668804e+00 6.922176415840521457e+00 6.145408638057096695e+00
2.789726522974364187e+01 4.911466195137025537e+00 6.559335244164586243e+00 5.016246411194046573e+00 4.432200867550993628e+00
2.182533307681826429e+01 6.641463069929878671e+00 6.644006235207381650e+00 4.343213598740677917e+00 5.905459963041461258e+00
1.916135302610309665e+01 4.822467812874892346e+00 5.165168759228904172e+00 4.057776714374980109e+00 6.618702244550843439e+00
2.457941600496161882e+01 6.754795406022390480e+00 4.498583108828371202e+00 6.167809346962175532e+00 6.808189067253937132e+00
2.746785659141909264e+01 5.110831887169654308e+00 4.353787669765170065e+00 6.875706918468995177e+00 4.864187535758906833e+00
2.622685384336521253e+01 4.108918909709354139e+00 6.288427507620357737e+00 4.914665556833379689e+00 4.427206019775947965e+00
2.014105248952054339e+01 4.305242877045700745e+00 6.601057443960809401e+00 4.423185553513055979e+00 4.870167989431311462e+00
2.143065062055564951e+01 5.888031515610831157e+00 4.485000463672792037e+00 6.657844198245612688e+00 6.813339664934841444e+00
1.986776870787196358e+01 6.804100756500715441e+00 5.928390510515349376e+00 4.869743745696034409e+00 4.034743684561076904e+00
2.647142904048847711e+01 4.098380747420682368e+00 6.396336489794994584e+00 6.839998421534800421e+00 5.835979401498209818e+00
2.062393350906769740e+01 5.930118117715691639e+00 4.502821256213639600e+00 4.487382861714447557e+00 4.154768350050018988e+00
2.610669212186157750e+01 4.561894384003911007e+00 6.714941784124628832e+00 6.243287776758872809e+00 5.968940897966882098e+00
2.070211154090270611e+01 5.824990921181925962e+00 4.294390128737565426e+00 4.204745727606914230e+00 6.941620384650926567e+00
2.708941183784580886e+01 6.760579671767997567e+00 6.384064678524350001e+00 5.967315420165292927e+00 4.142180019168583804e+00
2.113775621861167764e+01 4.215650393244048111e+00 6.426305747268015622e+00 6.419665509037201012e+00 6.099525159748453440e+00
1.836827896778939717e+01 5.988791827033497661e+00 4.864245780549216747e+00 4.565760428847487340e+00 4.315787049537042286e+00
2.764361423380958271e+01 6.781226502481681351e+00 4.245130098535325303e+00 6.193759361375987815e+00 6.174372908915116476e+00
1.845086809842528552e+01 4.721812073594669812e+00 5.886821745176172627e+00 6.579133019920859304e+00 6.777707261917879755e+00
2.616427349540778025e+01 4.280434543562831706e+00 6.500063164091231194e+00 5.062514974953624680e+00 4.971575972258776233e+00
2.139598790096342640e+01 6.400998195117210798e+00 4.424334800667613976e+00 4.698993482902619867e+00 4.444387286458403530e+00
1.976871876101216330e+01 5.065858302254967249e+00 6.554422458508843974e+00 4.332104819551988228e+00 5.992313994072620886e+00
2.730943754727189443e+01 6.534817610156528289e+00 5.034741668555951399e+00 6.047422030103857260e+00 6.864044754202073939e+00
2.120108367885394429e+01 5.016652713867231661e+00 6.606605916347930929e+00 6.825384454878983043e+00 4.006063771240310878e+00
1.942413279588872754e+01 4.264426973968195256e+00 4.643742143656529819e+00 4.020256316762559123e+00 6.066453880639707918e+00
2.582250769695401615e+01 6.706343371250875762e+00 6.666507865107806907e+00 5.939355148658155947e+00 6.986669204729261118e+00
2.648216595252490180e+01 4.080781268176524534e+00 4.662317206146187054e+00 6.595038349545730760e+00 5.098720822848283873e+00
2.026395624029342457e+01 5.860996834762016050e+00 4.092185014114141595e+00 6.592776976894864305e+00 4.469203817488386576e+00
1.925547758650423447e+01 4.106603030705376689e+00 4.120376017481942377e+00 4.687741253947713460e+00 6.101941703740454415e+00
2.795259395040206840e+01 5.906266106268534877e+00 6.347780890551861788e+00 4.306216819133389606e+00 4.557001182194200695e+00
2.015845096446504314e+01 6.571240337564417722e+00 6.597039138855948615e+00 6.491043965957823403e+00 6.133941158958636564e+00
2.609983163144556784e+01 5.132166470595691976e+00 4.087053493520814484e+00 4.661323829974405974e+00 6.969146346390646229e+00
2.010989996549108128e+01 6.822989313240204190e+00 6.205106227046186085e+00 4.098566292257864951e+00 4.502767020400839648e+00
1.883986311089095267e+01 5.117331981202160485e+00 4.379754200271343656e+00 4.066785111371498118e+00 6.115860311200275845e+00
2.634906438700171094e+01 4.236167232667425786e+00 5.980878653465271810e+00 6.121203825119677866e+00 6.778599651613446575e+00
2.114079983877457991e+01 6.423507124251724321e+00 6.494033862352030617e+00 6.777400101423363132e+00 4.941544162729634593e+00
2.616514402158686892e+01 5.117494317176020324e+00 4.514715525374223937e+00 4.706174457820336166e+00 4.011840229081004239e+00
2.115589826805753759e+01 4.304290069171726962e+00 6.101099850739500674e+00 4.459810855276368002e+00 6.416222086609558062e+00
1.904699449077440576e+01 6.196005198055869023e+00 4.172911343547812457e+00 6.581672797349765958e+00 5.141397083147029257e+00
2.697023246969927968e+01 6.678198152285421685e+00 5.864958733801540980e+00 4.631565926678049117e+00 4.373573804549405253e+00
2.010138805834495201e+01 6.495609823536828031e+00 4.106204753626379933e+00 6.667235991945947404e+00 5.878331776692207633e+00
2.631853199889372874e+01 4.843103277729796652e+00 5.915445447637224241e+00 4.490927312424681794e+00 6.900822625731729332e+00
2.120034666960075143e+01 4.563318462790171282e+00 6.883733033837858173e+00 6.035227977807444688e+00 6.734355422014143500e+00
1.861066722511727889e+01 4.239312667638968080e+00 4.915128043840816474e+00 4.127563734038341536e+00 4.877045696120814178e+00
2.766124210049917664e+01 5.831323811744568708e+00 6.964122332513763780e+00 6.931923448426816847e+00 5.179743793045480160e+00
2.120984588070676935e+01 6.484861669855335187e+00 4.156784996077044880e+00 6.286489344058506568e+00 4.110325879432697782e+00
2.616484768839897512e+01 4.146859047968519896e+00 5.999369170350361102e+00 4.686582663036102048e+00 6.937873638916191688e+00
2.086120871735570503e+01 5.819211977983419715e+00 6.630306324772654136e+00 4.066852847963057016e+00 4.410970865505325911e+00
1.957868355905418767e+01 4.132491014942124785e+00 4.951292990737581334e+00 6.315708939122173682e+00 6.887567103465128682e+00
2.485765500359289604e+01 6.453343032307858884e+00 4.141023855776284179e+00 6.593159012565359411e+00 5.152851700161111381e+00
2.622288094635175781e+01 4.947468292101838472e+00 5.817518540375917979e+00 4.105654088760774201e+00 4.248999607791805744e+00
2.107879106521528101e+01 6.494935476868454849e+00 4.389793715059968626e+00 6.248525427691541623e+00 6.414223541035701359e+00
1.996270994440434521e+01 4.759597472362720794e+00 6.681953508780214435e+00 4.454087502611016269e+00 4.893731314036739555e+00
2.777536593404734333e+01 5.186719451664013825e+00 6.781066996611757602e+00 6.113370586828220432e+00 6.425183790306174814e+00
1.958455338103513554e+01 6.591184076857299345e+00 4.994625348553882738e+00 6.726072082851958456e+00 4.734654754999389148e+00
2.438773051242763046e+01 4.014334500197929145e+00 6.904227195237331749e+00 4.534443132070735238e+00 5.184358428829364485e+00
1.826578266671676332e+01 6.595870436386857882e+00 4.711054834825138649e+00 6.336109298396944034e+00 6.632007782426684983e+00
2.577264212504728391e+01 6.436347899749610413e+00 4.225641834063135427e+00 4.296556960287532867e+00 4.846644165245964864e+00
2.606140717689935471e+01 4.705736853342691539e+00 4.497122587269865690e+00 6.347886840440459366e+00 4.415632610474210296e+00
2.725228482164611776e+01 4.996537582188679494e+00 6.205501625518073716e+00 6.572978636152012832e+00 6.660240338724375597e+00
2.167882881463278011e+01 4.591710936357409345e+00 6.679779066077053074e+00 4.916210079616169182e+00 4.487158623251602307e+00
1.926877487295129043e+01 6.699582481334267037e+00 4.972718390472169681e+00 6.788555849190679226e+00 6.141184513012507118e+00
2.728766766767513730e+01 4.681267033705100999e+00 6.912358570688232895e+00 5.111319694322721041e+00 6.912565409423056195e+00
2.130515550280166082e+01 4.202667932131168627e+00 4.933809665110558740e+00 4.001358665231657064e+00 6.501016600246131816e+00
2.670990420971696722e+01 6.225807344231646390e+00 4.260065885182488188e+00 6.626263366103667174e+00 4.943536905745461674e+00
2.093644710178834245e+01 6.679272943830607545e+00 6.594386460288157892e+00 4.082926867771522694e+00 4.767614915852054658e+00
1.947541346822525554e+01 4.395976335118296774e+00 4.854523801196580557e+00 5.933726965729078984e+00 4.182010686073129868e+00
2.631462544279136040e+01 5.830142190968343741e+00 6.050646052508485084e+00 6.942253076301532211e+00 4.547789442198366672e+00
1.866591247612585036e+01 6.658219402043015656e+00 6.924418013408010886e+00 5.012097116180860290e+00 6.073947306040832217e+00
2.799058860790906778e+01 5.028979235502607281e+00 5.182843143239757033e+00 4.107497762993585155e+00 6.838431117627941980e+00
2.035887331395298361e+01 4.560537871709756885e+00 4.085193436287168467e+00 6.019301890342139139e+00 6.904811622836827034e+00
2.108105359020877856e+01 6.521118345718092790e+00 4.429084374600706475e+00 4.007219668182486316e+00 4.813727728919258375e+00
2.769019710725190109e+01 4.667790365361863536e+00 6.773012320386548879e+00 6.361678896565501340e+00 4.475730234603480184e+00
2.157115082574214426e+01 4.093441978619630106e+00 5.167059518760901859e+00 6.944345539205992068e+00 6.816235359135328409e+00
2.794433026244099594e+01 5.826193193697955408e+00 6.525529987989941105e+00 4.168663808612706134e+00 4.980176942634340520e+00
2.042533670257918388e+01 6.584258208787154842e+00 4.764970346778699017e+00 6.751333504723147527e+00 4.085476834468380503e+00
1.943438689186081447e+01 4.974194221140569638e+00 4.131056543902216660e+00 6.820579908708046979e+00 6.051212433143025038e+00
2.606084335377872563e+01 6.566287589279261816e+00 5.898154379375758261e+00 5.037236739183870604e+00 6.996978659410928891e+00
2.055746422743486335e+01 4.778214911788984054e+00 6.908537931296849344e+00 4.084101763515090688e+00 4.588556079521080910e+00
2.669692565610640500e+01 6.613939021071576718e+00 6.520261332502802709e+00 4.814154586814215264e+00 6.366862760885346972e+00
2.163619155872135380e+01 4.152699937819688714e+00 4.685557555595859291e+00 6.431242846212050779e+00 4.161074537409300333e+00
2.767883875718770170e+01 4.855555455796263686e+00 4.372480311866367764e+00 4.187233859914893941e+00 6.345600138703410664e+00
2.119378866033241593e+01 6.475728609300925420e+00 6.973774687367582104e+00 6.342254387098006596e+00 6.498737722762161440e+00
1.809275638185305368e+01 5.153288709273756041e+00 5.036597154918912800e+00 4.303561141381074151e+00 4.092583428869765783e+00
2.145144734863076508e+01 6.569143562849495410e+00 6.972768277489546307e+00 5.967832996237601328e+00 4.089356789942208081e+00
2.717726820141994892e+01 4.604379409077878904e+00 4.165151472209022820e+00 6.751141840959234308e+00 6.224413796109212527e+00
1.987523301495208372e+01 4.288596193800491285e+00 4.707965623427199375e+00 6.579641970633359982e+00 6.344057138122102479e+00
2.187869172230753989e+01 4.270326821902202141e+00 6.698999980917903052e+00 4.863742400081664030e+00 6.813897158290969536e+00
2.682198875161068941e+01 6.768156015173397044e+00 5.036445834421394707e+00 5.040473171985460077e+00 4.414795329778583799e+00
2.776949154404107745e+01 5.048627063425634276e+00 6.947680489532522152e+00 4.498863368920408945e+00 6.098336688895314772e+00
2.124274325380059736e+01 6.622018282876638295e+00 4.907765382807931509e+00 6.875778464907771337e+00 6.523931357171228740e+00
1.858648555556021265e+01 4.652601029414258349e+00 4.142096058253575741e+00 4.548626070813215350e+00 4.610501279256587814e+00
2.526712473285560279e+01 4.593131962140311941e+00 6.636800537335006744e+00 6.811446510595220438e+00 5.039439022688132042e+00
1.802336507427741452e+01 6.408091693942364664e+00 4.763192800880718281e+00 5.122135555690100261e+00 6.887630680387967885e+00
2.424634124914565803e+01 6.757767586659521264e+00 6.413237991814039418e+00 4.073009123437869583e+00 4.882980015348550751e+00
1.899372719785425900e+01 4.722035126934025051e+00 4.514219814157163668e+00 5.865611810470724663e+00 4.286178919050085412e+00
2.625793739231439616e+01 5.189939263105603828e+00 4.706451525336627029e+00 6.431905027598583402e+00 6.670440603863438511e+00
2.671794715400651654e+01 4.396658044144613697e+00 4.308662891372037507e+00 5.178655085196666619e+00 5.007189125666523744e+00
2.030976355226011165e+01 6.423586747751095949e+00 5.897910269073932454e+00 4.343157666030543318e+00 6.807608853519701242e+00
1.823331925547511290e+01 6.550784130537656402e+00 6.572151069484486463e+00 6.257189836207185607e+00 4.821879667366083311e+00
2.704357111211223952e+01 5.044656457173456232e+00 4.898600052868976817e+00 6.776463917832655781e+00 4.201981676411384647e+00
2.050732822733273508e+01 5.061379112683759729e+00 4.232105394077122718e+00 4.582328203129216959e+00 6.491613318850339986e+00
2.706401980931439155e+01 6.578372080058789706e+00 6.284942271736976949e+00 5.896890858030111815e+00 6.779697623709725285e+00
2.026990249177952208e+01 4.233383846058877076e+00 6.542051343318131984e+00 6.933501686561783117e+00 5.114791118594133934e+00
2.618649765239485561e+01 6.751896358872469861e+00 4.382306342749988204e+00 4.888471026607679626e+00 5.001710553466439890e+00
2.046950407299650365e+01 5.083282943306572932e+00 4.372785117951199396e+00 4.008795140053209138e+00 4.462870896326367465e+00
2.179717325810089079e+01 4.013491635124623258e+00 6.054112607885383746e+00 6.561287429356621459e+00 6.886989285307973496e+00
2.653088675256686457e+01 6.781663556147965899e+00 6.551933063867303453e+00 4.801780675192934389e+00 4.715678883589585979e+00
2.072421153209570122e+01 5.145373300963322016e+00 4.096532511748494976e+00 6.900255621668149431e+00 6.665616428189031772e+00
1.818061439845672211e+01 4.603713113139537683e+00 5.928020580231155634e+00 4.161316473022648843e+00 4.113896972750867853e+00
2.661001670975700506e+01 6.817951622903869691e+00 6.844093531285998289e+00 5.996850588528838344e+00 4.660637658204608513e+00
1.848020928813870967e+01 4.543491981702264759e+00 4.797087724379189844e+00 5.018977188424963209e+00 6.577818119637862004e+00
2.188562977234631646e+01 6.718007846925193149e+00 4.052189305163794053e+00 6.625748747034569952e+00 4.624996710754261109e+00
1.868286478886530233e+01 4.689342918166685692e+00 6.513531432751464401e+00 4.718272025959553417e+00 4.054244057719314398e+00
2.782520627553196491e+01 4.223836351835304370e+00 5.938227854283209872e+00 4.206651182391134114e+00 6.148856369421042523e+00
2.725727310159490102e+01 6.730511616805476827e+00 5.102599914826509320e+00 5.952723178267659954e+00 4.572787450207474791e+00
1.859054794115744969e+01 4.681632771898576628e+00 6.838363330128882644e+00 6.612285047467869603e+00 6.207585878501323151e+00
2.623759973321868699e+01 6.603005812651884021e+00 4.891359500794706605e+00 5.105835162309842801e+00 6.847376149812510526e+00
2.196689758959258398e+01 5.142008815796803134e+00 6.920158620897725044e+00 4.409193194254369175e+00 6.969140770288825948e+00
2.675409838783870953e+01 6.550022091034538363e+00 5.068272493753637420e+00 6.585131328059821598e+00 5.127329090243390119e+00
2.045127048648831902e+01 4.718875455767915561e+00 6.721403222465145433e+00 6.966616343166537995e+00 6.414969897425071288e+00
2.735369794107803187e+01 6.973069618693665817e+00 5.060985455747474937e+00 4.084947551706313185e+00 4.893029714578609912e+00
2.196358709982976265e+01 4.124671480660896172e+00 4.509840410351977802e+00 5.108512997087315100e+00 4.171470602038736430e+00
1.870022043426552116e+01 4.663513623645695105e+00 4.598216801406040943e+00 4.845743315127867490e+00 4.431761950185566512e+00
2.724868468478067740e+01 5.168123950275380629e+00 6.958899386882799298e+00 6.578313872572833176e+00 6.236426721295408981e+00
2.053416153942511002e+01 6.561432420531035703e+00 4.384338755793948827e+00 5.137083857877823512e+00 6.874401914437346939e+00
1.902422204915154680e+01 4.728708695689592290e+00 6.205440602628239155e+00 6.584281585246047008e+00 4.171382915184243423e+00
2.003582049507166118e+01 6.859803730512157749e+00 6.414086196904312587e+00 4.667191472049649015e+00 6.460112799335123945e+00
1.913584625028419595e+01 4.674408654866489599e+00 4.938017908583357318e+00 6.581257604321779198e+00 4.344952550997238205e+00
1.923374337462754013e+01 4.817674853985955963e+00 6.635067110442086857e+00 4.998984100571693290e+00 6.544385648871620553e+00
2.604810149634426963e+01 4.667041922408817101e+00 6.851795163825127766e+00 4.159356889454178585e+00 4.700932706460889676e+00
2.157805536041218986e+01 6.868954697438515389e+00 4.936219430961958921e+00 4.221552919695279904e+00 6.488529053103476052e+00
2.617852736965222249e+01 4.041045494130031557e+00 4.027973910840643157e+00 6.178356780679187032e+00 4.786074782268909367e+00
2.165651224616462756e+01 4.084504771473142171e+00 4.243810393137756876e+00 6.719146857429802111e+00 4.711633313168592352e+00
2.635687762343803442e+01 6.608989517663671265e+00 6.248807649088006677e+00 4.483939422129808783e+00 6.033462199213773580e+00
2.060692666952753527e+01 4.536238756577158249e+00 4.238623327663573193e+00 4.315962789939796096e+00 5.099763706162212529e+00
1.830807245438942132e+01 4.851250161113846104e+00 6.601638717068329498e+00 6.362187243220430943e+00 4.429052767531780788e+00
2.757865473090493680e+01 6.550122011255091969e+00 5.979510958591536252e+00 6.877404035497921342e+00 5.822922897023190991e+00
1.995811434770375925e+01 4.920546419950151851e+00 5.165563893926303329e+00 6.952018836700196047e+00 6.464837852121997130e+00
2.087702379665951113e+01 6.614728425203542983e+00 6.494206633092677983e+00 4.803200397415142042e+00 4.212126999317548304e+00
1.860291735387758649e+01 5.103762424025028110e+00 4.213684588988582114e+00 6.650953604840721844e+00 4.841767181732793190e+00
2.472308874136582446e+01 6.678351882074901269e+00 4.831143374113100464e+00 4.941052965525463136e+00 6.916019550028084772e+00
2.449236010536372987e+01 4.364930759776260771e+00 4.649135846954101758e+00 5.043361887968072388e+00 4.150222273510403959e+00
2.471804073281078118e+01 5.825684413003115125e+00 6.781312153648785035e+00 4.108355340024476554e+00 6.151705485456310463e+00
2.540688632402350322e+01 5.815223620453300768e+00 4.091390307460295972e+00 5.973189116667795062e+00 6.816443767541939813e+00
2.546141692643268684e+01 4.587612809829444416e+00 6.240467618811833539e+00 4.072612237186391759e+00 4.767759549988002554e+00
2.452236415291350369e+01 6.348814598441841817e+00 4.397567691284760549e+00 5.845608906269418092e+00 4.254870622156826876e+00
2.436920853615502480e+01 6.834463270259359291e+00 6.055763225769332792e+00 6.716819778652680206e+00 5.802460074861175876e+00
2.754022129950925901e+01 4.614639575432787133e+00 6.293888076146279431e+00 4.834874161245081403e+00 6.405784130631080764e+00
1.828521580060317930e+01 4.031162273183844569e+00 4.961858385474908317e+00 5.032009332132213686e+00 4.814197093929488247e+00
2.501355018441391209e+01 6.309424599969238656e+00 5.859405133153154921e+00 6.703590663754420476e+00 6.434826034994564736e+00
2.412336334897293000e+01 6.169113781679258501e+00 4.333348125405850126e+00 4.105134699906598961e+00 5.197144792165580007e+00
1.835348840450506103e+01 4.541933120835167870e+00 5.961719133835719830e+00 6.035896238270494152e+00 4.899254189736379494e+00
2.551518070304552666e+01 6.281752101296355306e+00 6.731647849231072733e+00 4.600482784409026138e+00 4.406916663244681232e+00
2.538999707166815512e+01 6.153107965533432200e+00 4.105865041380045710e+00 6.554587085633381882e+00 6.087995066507895459e+00
1.893457870558986400e+01 4.025244499752408167e+00 6.130897416494454077e+00 5.009207200502482138e+00 5.958226199513243948e+00
2.506566350532863297e+01 6.259214852939652296e+00 4.315641204546110998e+00 5.191934831311627363e+00 4.108649599508814809e+00
2.699222906348509810e+01 6.362745294797075069e+00 6.207134803346220586e+00 6.970547984148478982e+00 6.055852611987739387e+00
2.130546669479766919e+01 4.142309430512242763e+00 6.069868411542569397e+00 4.722917538158454498e+00 6.444685271496378043e+00
1.852770361193708837e+01 5.907073284683839631e+00 4.128367862296222768e+00 4.921171025183189052e+00 4.923759008259630754e+00
2.410677937660295100e+01 6.683456732435261394e+00 6.387120008370350099e+00 6.114775126619136358e+00 4.317667105897999846e+00
2.579505938170343526e+01 4.150530552623814984e+00 5.897991140358286977e+00 4.557389045807838102e+00 5.927749381119731709e+00
1.846709771954966328e+01 6.059937182281984747e+00 4.571994407105364644e+00 6.377852210496760321e+00 5.805143523722821719e+00
2.582412707672312990e+01 5.043162758672571577e+00 5.960740581207803146e+00 6.592029916926911426e+00 4.088965366849521388e+00
2.529520000283542558e+01 6.916990089719770474e+00 5.803633701216861951e+00 4.014605793208665396e+00 5.806992567927835580e+00
1.820865517285119140e+01 4.861162066493588618e+00 4.413725130354531956e+00 6.341139677609541891e+00 6.187044011950733058e+00
2.586491775081941924e+01 4.267315223684033043e+00 5.952267129043931071e+00 5.147495889004865433e+00 4.550605523012577258e+00
2.405834705974665155e+01 5.908213307586885676e+00 6.532081890920728107e+00 6.917055999714937897e+00 6.010202176260308171e+00
1.829879958523691386e+01 5.887160222465611881e+00 4.923269364576523976e+00 4.667710788575946346e+00 6.402789939335487013e+00
2.458157429557398288e+01 4.084023087507660854e+00 4.064476984914684010e+00 4.671755851498605061e+00 4.881241380942204167e+00
2.703489034055188611e+01 6.214407368968097423e+00 5.960100739073320497e+00 6.042758540885793117e+00 4.139638952114886195e+00
1.987409214693542481e+01 5.900557256375694948e+00 6.279275027932416542e+00 4.368028799707110110e+00 6.077773170092607202e+00
2.596358009346884188e+01 4.046247923558712323e+00 4.506284892990332303e+00 6.285939936942320116e+00 5.924308184023983515e+00
2.072099022275762792e+01 5.812077720140489845e+00 6.095403891520296824e+00 6.778031832920938804e+00 4.433701223467880759e+00
2.539289396219676576e+01 6.580462441555916087e+00 6.806910483655157940e+00 5.035090102617946428e+00 6.001917836741886170e+00
1.843664002139385261e+01 4.991051597414005947e+00 4.713341797590716808e+00 4.487055847624994875e+00 6.316465134733292075e+00
2.512483320029451761e+01 4.256085988608701243e+00 5.078234383785823702e+00 6.012924779639339690e+00 4.364528877072739732e+00
2.695706528752400288e+01 6.297515661826014188e+00 6.803798006539121701e+00 6.126246479901941377e+00 6.388866909650309012e+00
2.161390481584479417e+01 6.300310731040071666e+00 4.694314491728782457e+00 4.425193470503964832e+00 6.504398477978472926e+00
1.873290885574783715e+01 4.071274143256766287e+00 4.694750275035397102e+00 5.857948157429154534e+00 4.849447463587583051e+00
2.536178244534281134e+01 5.829992287321111633e+00 6.518552472715650303e+00 6.189177598467987984e+00 4.577398644847353815e+00
2.570206807625991985e+01 6.123253563119614995e+00 4.454573251883806151e+00 4.496742742989155772e+00 6.361088791405988374e+00
1.877088539298996039e+01 4.054080620096923937e+00 6.005142877110017707e+00 6.390503426530764308e+00 6.055529162853643399e+00
2.514255887209213114e+01 6.074928667285778516e+00 4.667573591454819315e+00 6.505921035777654460e+00 4.020024427905219966e+00
2.719934389719723100e+01 6.350619355674045785e+00 5.871138625726477045e+00 4.074334305741956541e+00 5.914768374162264308e+00
2.092512326837346492e+01 4.371960068574571423e+00 4.206602373085851276e+00 6.099138534080672081e+00 5.851335921526679584e+00
1.857142331414626568e+01 6.093269623441601723e+00 6.226757962576133565e+00 4.933508034400105657e+00 4.124231254440685390e+00
2.465836811559323039e+01 6.684573416882219732e+00 6.752076890313511548e+00 6.370074555233715685e+00 5.859798930264953576e+00
2.562904023612602344e+01 4.785069576188615059e+00 4.870849130850553266e+00 4.412527821467069344e+00 6.886361634272169852e+00
1.975521011339931476e+01 5.102446007226737024e+00 4.000363640140867538e+00 6.067453666892811626e+00 4.799345280666296176e+00
2.476751696508911138e+01 6.891077303368057017e+00 6.307381367163726438e+00 5.967390300172849216e+00 6.645030171673934838e+00
2.543848546473304140e+01 4.517478925522824262e+00 5.807238442640683118e+00 6.616882151725921979e+00 5.150511554612083209e+00
1.822513694514783822e+01 6.321544063903772326e+00 6.437527146174050863e+00 5.137812507219556402e+00 5.119434215793199350e+00
2.431190351688170992e+01 5.095541105998326437e+00 5.004097902825968447e+00 4.483463520880293096e+00 4.464431151017834942e+00
2.428581288532926408e+01 6.884036427675964021e+00 4.006066862221018710e+00 6.372167577211080847e+00 5.823084613105369733e+00
1.981125129135715568e+01 5.059272002891495035e+00 6.337646958258393859e+00 4.193575916788235602e+00 5.983096485662100505e+00
2.430960885952158534e+01 4.014207193427442810e+00 5.066523459848772504e+00 5.832866611836719173e+00 6.465355114685396032e+00
2.462067259428967247e+01 6.085570230124261570e+00 6.565694087419229774e+00 6.420727906340774283e+00 4.871347072317202986e+00
1.940837824194448658e+01 6.181949737569282455e+00 4.627156033009478087e+00 4.759761675011692006e+00 4.486068239822215808e+00
2.407232866750955225e+01 4.150929619989422115e+00 4.488530448738305978e+00 4.845019138523555924e+00 6.268819088023388275e+00
2.641446946080962022e+01 6.182435774042009058e+00 6.171573694334869131e+00 5.880555122793521328e+00 6.869987254995196579e+00
1.804038259148476442e+01 6.015790755959319114e+00 5.934674008457776928e+00 4.211675582285723252e+00 4.762007709631903118e+00
2.461856136862081357e+01 4.335633670885588486e+00 4.292028105838665120e+00 6.013521428528197710e+00 5.151507017024852253e+00
2.149424135223706855e+01 6.232576632108624004e+00 5.828219595790925744e+00 6.615056807765090419e+00 6.611915741939022872e+00
2.483359302641197530e+01 6.017055051058724402e+00 6.609179126684736616e+00 4.046828815166730209e+00 5.166303684105677974e+00
1.935286208453803170e+01 6.500319613518264816e+00 4.781878107998632998e+00 6.271918312917168059e+00 5.019607488057680200e+00
2.567203237270385330e+01 4.768670353690145802e+00 4.342160155155672996e+00 4.889406303645356111e+00 4.261984085151278023e+00
2.421190955833957403e+01 4.396542476176817260e+00 6.177884320290345066e+00 6.558620651443098026e+00 5.932509195012829473e+00
1.998718437843169937e+01 5.816582596079647338e+00 6.090928179885152893e+00 4.693755557172164750e+00 6.625685415220071484e+00
2.426951434378849370e+01 4.388444418515228485e+00 5.178309829263751496e+00 4.078078915452373998e+00 5.092612730590349912e+00
2.463163922670104711e+01 6.235400402367962336e+00 6.616016225432913345e+00 6.202024311067716233e+00 6.762131106653479939e+00
1.989837135870958562e+01 6.129797998329135744e+00 4.306018704662655239e+00 6.373396965695041771e+00 4.868189920859070874e+00
2.403417113705302199e+01 6.873993797201200628e+00 6.070805761368039732e+00 4.338106410137416269e+00 5.057796768607232707e+00
2.734624010592809285e+01 4.767948478727045192e+00 4.952065496032455272e+00 6.088497213098782446e+00 4.021104508006841272e+00
1.959535444618925126e+01 4.853208045261537151e+00 6.172130400225090519e+00 6.581405161000215998e+00 5.844432675018387258e+00
2.472918817734296937e+01 4.113533208441655376e+00 6.579208077028098067e+00 4.736584395114122437e+00 5.841808465664881211e+00
1.965511773186134548e+01 5.979137090203209048e+00 5.056075188840933876e+00 6.086830074317941985e+00 4.158899454856111788e+00
2.540996861999930800e+01 6.801913978021101315e+00 4.427591091482252494e+00 4.853756046995018281e+00 6.167041267450910524e+00
2.501197082075462319e+01 4.683320582597410464e+00 5.944148331285735054e+00 4.202157854440951468e+00 6.459436635946747884e+00
1.888645151775686415e+01 5.032630541685191972e+00 6.900489358755224067e+00 6.367588185343795004e+00 4.926542330559295912e+00
2.461460313929554289e+01 5.942244084525172276e+00 4.732925736151643470e+00 6.475635782196479617e+00 6.667587407312973724e+00
2.509388713715188146e+01 6.405273150973892271e+00 4.378991445458915166e+00 4.774105916008645423e+00 4.970077739016403484e+00
1.919918883184741887e+01 5.147042621558611586e+00 6.095661643567030552e+00 4.010395746981607168e+00 4.776263217249746340e+00
2.406054316811119165e+01 4.342741976748472510e+00 6.219014395896939718e+00 6.048961666252914426e+00 4.059443333994070535e+00
2.446554676305883547e+01 6.932260387777354538e+00 4.977304606958350419e+00 6.570768917760234196e+00 6.290652747722717208e+00
1.970193391941000272e+01 5.017695410133526934e+00 4.501895433305739935e+00 4.767281109499177383e+00 5.937140658358706524e+00
2.450821738713531772e+01 4.377914382204647126e+00 6.365668337149950062e+00 5.082531183906199956e+00 6.762273718914637577e+00
2.617263962760123519e+01 6.087629676335895468e+00 5.919388400397147976e+00 6.916212329107495727e+00 5.061875237005156514e+00
2.195915139409081718e+01 6.093905476182865044e+00 4.009961701288781377e+00 4.912504758999276966e+00 4.344293822160203433e+00
1.972474598889192876e+01 6.126049985091988503e+00 6.147755797815700696e+00 6.601798237044627982e+00 5.929774416757888744e+00
2.496061004222600843e+01 5.079512120544987575e+00 6.534158900496946920e+00 5.118605642938451439e+00 4.168794931521723868e+00
2.511779188305101584e+01 4.397676301801453747e+00 4.819227407484266479e+00 4.159775263685192570e+00 6.396227586578620894e+00
1.905082242444143503e+01 5.946355136158147481e+00 6.964607393848860184e+00 6.287596029788773855e+00 6.018577711866025304e+00
2.435733107676709963e+01 4.135245504092849522e+00 4.841640014293062677e+00 4.819632307106110680e+00 6.825855399027481951e+00
2.575068821667325025e+01 5.837090428935238329e+00 4.546754757110463174e+00 6.919128555345897880e+00 5.056358915009623978e+00
2.766341434827785761e+01 6.275210379044083631e+00 6.332972552399510846e+00 4.911301195552725041e+00 4.366471900235834980e+00
2.040293246626850632e+01 6.761462433172796160e+00 4.502287508333816746e+00 4.652854726048373024e+00 6.340034086831822790e+00
1.918014384914447490e+01 4.636396640145575176e+00 6.123480009517815681e+00 5.964306901312223630e+00 4.061295119006584464e+00
2.184679083243479525e+01 4.461137596018282636e+00 6.360788879947468111e+00 4.453631249489448329e+00 5.875998796280267555e+00
2.670419635018646787e+01 5.936332840421322921e+00 4.071655607430670898e+00 5.991786280437896295e+00 6.108000821657664225e+00
2.058946242448688224e+01 6.583472268099696656e+00 6.244350380537503575e+00 6.285881940397690215e+00 4.096720237561082278e+00
2.469845641909639511e+01 5.072001315816268452e+00 6.964615134792540019e+00 4.144213299227412328e+00 6.163809966279059971e+00
1.875328073588198663e+01 4.132834315788806556e+00 5.029052649313215717e+00 6.337022389325702498e+00 5.813854946879016161e+00
2.503923743465282925e+01 6.151167583975777120e+00 5.103109585100362722e+00 4.488383664045238142e+00 4.590602363877699155e+00
2.781377650125020295e+01 6.584756469244086752e+00 5.935766848640566806e+00 5.843669396283750039e+00 5.800509985246733002e+00
2.014989557544627985e+01 4.645752533820323826e+00 4.251469137832859957e+00 6.072786075725947086e+00 6.789144733520200425e+00
1.895203662993209548e+01 4.903461125227174477e+00 5.891156252489002654e+00 6.580481973998397294e+00 4.881936102097994556e+00
2.408232633327065741e+01 6.357919855874396120e+00 6.077306490710127740e+00 4.006282448071783797e+00 4.443460195763647924e+00
2.528565139265416306e+01 4.207957201122237478e+00 6.971523281170604491e+00 6.272671027690816636e+00 5.942832066206397812e+00
1.808868873118015586e+01 6.388437176794443673e+00 5.019326216462741463e+00 4.567617246711052736e+00 5.948091905743216223e+00
2.555105695074706418e+01 6.571983700216055269e+00 5.015470347826889608e+00 6.046791460962788634e+00 4.512050159770250701e+00
2.452349642135621366e+01 4.738097020441947471e+00 4.502247037386238659e+00 6.586124576295201649e+00 6.134069961670140181e+00
1.930777110468093483e+01 6.939247673617235712e+00 5.815758369708481368e+00 5.136570846281585112e+00 6.130995951459101256e+00
2.504165443843079686e+01 4.618056778298779363e+00 6.694219931257348932e+00 5.056571698685324634e+00 6.826201852807415094e+00
2.587225714138321209e+01 4.554916611809716187e+00 4.745755796708713170e+00 6.898309249907971896e+00 4.600663537590136798e+00
2.756149254168433771e+01 6.011617166903978848e+00 4.018040016460586727e+00 4.720897796244155842e+00 5.075504732497009286e+00
2.079681956719436897e+01 4.177567267690189823e+00 5.870637391696995167e+00 4.739474689472171320e+00 4.213432500307519035e+00
2.055244894414487433e+01 6.290735282186048494e+00 6.604745697952526307e+00 6.490298702861458935e+00 6.238917167248918538e+00
2.636985595332913945e+01 5.985761135715516268e+00 4.887803239526872900e+00 4.638203728827809513e+00 6.909754402869921819e+00
2.196879704914225329e+01 4.102582209920049294e+00 4.033967149797129892e+00 4.623988549598752940e+00 4.707001369453102768e+00
1.968507732174233382e+01 6.053542495408515300e+00 5.819698531064011249e+00 5.811919620256159824e+00 4.560272272094314516e+00
2.500235683601085768e+01 6.353520997110388535e+00 5.815010428515664742e+00 4.531710409161968656e+00 6.771462154826147106e+00
1.924830232381985695e+01 5.084180231958101537e+00 6.898366452217374878e+00 5.983006237573575525e+00 6.294628291690440136e+00
2.507204109877864084e+01 6.435700021217769518e+00 5.025230685102905603e+00 4.215644607503641339e+00 4.829463264463075056e+00
2.524784266332009963e+01 4.706248921491329895e+00 4.342740527414011176e+00 6.198517047954203996e+00 4.113260344671417990e+00
1.811015137621436111e+01 6.950072715028119852e+00 5.953968399970681169e+00 6.285627754516561971e+00 5.935029267930395314e+00
2.578458392267343058e+01 5.009040564061928436e+00 4.175232741118703572e+00 4.083065173429771377e+00 6.073641762059435401e+00
1.867325504761791422e+01 4.922686535781129358e+00 6.024636829764433266e+00 6.271053643107716624e+00 6.758436449166913107e+00
2.447674900082333238e+01 6.886986730780595423e+00 6.041477272914952401e+00 6.541789978188600863e+00 4.986424000790085742e+00
2.476615642807185935e+01 4.759246967922541316e+00 4.311417133502189358e+00 4.053842152504081753e+00 4.922441816371601497e+00
2.478959626882078027e+01 4.557959593817125565e+00 6.061775080810615890e+00 6.271618025755453907e+00 6.441319948341963197e+00
1.945217219586899304e+01 6.106377673468767142e+00 6.184614627236177498e+00 6.786499568877412791e+00 4.939886210042330639e+00
2.454206002835258715e+01 4.277013578169539088e+00 6.478619962097125651e+00 4.866692113660523233e+00 4.964234629186111469e+00
2.614688472598572488e+01 5.825665687615772192e+00 5.039007407394883842e+00 4.874327381727108666e+00 4.581870753430949073e+00
1.921672032574182154e+01 6.396464707984667264e+00 4.687240603060091715e+00 6.408252518571361023e+00 6.390924730016802613e+00
2.593476328765557071e+01 4.627870574437027429e+00 4.467981151351612112e+00 4.705734120265105069e+00 6.526429080307944552e+00
1.810661461191815036e+01 6.735078206535374257e+00 6.132190816326454907e+00 5.179719903192749442e+00 4.882116364710144651e+00
2.472979748240550180e+01 4.610356852474524203e+00 4.229404536218266841e+00 5.874211380919658332e+00 6.480921517078643390e+00
2.032362509800745087e+01 4.119159156742599137e+00 6.298861183423893451e+00 4.051663400718292785e+00 5.132396126240556633e+00
1.879557800481200047e+01 5.961464439728478837e+00 6.325095754853831131e+00 6.159787808273712528e+00 6.988755260951194259e+00
2.447405651576423580e+01 4.225915620478004620e+00 6.823641967389882268e+00 6.196567749047066087e+00 4.953961750060861036e+00
2.594365684091679114e+01 5.996089076236675197e+00 4.664454069626556176e+00 4.293934069600656045e+00 6.747463749658924037e+00
2.438811671153150584e+01 6.417865436721339023e+00 4.027216953901438856e+00 5.949503886869216274e+00 4.909023687473333730e+00
2.785842278726036625e+01 5.185794852836121294e+00 6.058411989076434523e+00 4.274233161064654674e+00 5.189773282077689842e+00
1.890223945636159897e+01 5.803424438069772151e+00 6.476273360463215667e+00 6.167343979210093252e+00 5.070660988571940919e+00
2.464337616085298777e+01 6.915211396891971951e+00 5.024162305606366452e+00 6.137036867938960860e+00 6.722416888458966788e+00
1.927681096254649518e+01 5.149678395873678483e+00 4.901954164178657258e+00 6.740311797652658754e+00 4.800886143297781850e+00
2.404142019730904423e+01 4.851772344517280011e+00 6.650214616023626846e+00 4.384680431269526224e+00 5.040847004328337988e+00
2.483776456928969623e+01 6.648612847965194916e+00 4.964161181079198570e+00 6.747861084552732258e+00 4.939087115063600208e+00
1.827764616300049738e+01 4.670733688155817021e+00 5.164385833266027959e+00 4.801770614125246972e+00 4.432982682198937319e+00
2.545963444353647631e+01 4.840323537087414252e+00 6.747129767364481445e+00 6.429797170368936499e+00 6.050305318932249321e+00
2.529097754944848120e+01 6.408216882985985130e+00 4.665393322533693876e+00 4.713603605394391494e+00 4.107277319567819163e+00
1.973436195584373820e+01 5.104318655673543148e+00 6.874144519051791136e+00 4.714259784837488532e+00 6.273402464533026190e+00
2.453943866671548335e+01 4.417052320473463745e+00 4.679774188571606430e+00 6.429905812859701975e+00 5.880884073020369307e+00
2.594793557937978434e+01 6.148181986222333251e+00 4.504174723068076425e+00 5.107622969673799140e+00 6.496741862466270057e+00
1.990358029806535001e+01 4.489982082555907361e+00 5.885663769571655379e+00 5.154956078154711463e+00 4.710906060679190155e+00
2.453950297343945763e+01 5.843978959282446262e+00 6.715298588755943321e+00 4.666985414349619887e+00 6.995665576993393309e+00
1.876478625283543167e+01 5.875488086232310003e+00 4.648419427041047491e+00 6.421599598699009981e+00 4.794013225877352014e+00
2.468287264323441121e+01 6.480685902065484782e+00 6.894593738035118768e+00 4.805007366578988304e+00 4.974501955344149629e+00
2.542713590233242016e+01 4.716242179854756245e+00 4.909450431388217240e+00 6.519713008931177001e+00 4.545204901238552253e+00
1.953959784309929759e+01 4.227619102690646002e+00 4.708257480195516820e+00 4.915718221085704442e+00 6.116253828360317613e+00
2.474031042190618024e+01 6.477083493620783727e+00 4.647956769182329140e+00 4.344568258975286312e+00 5.906848106965986389e+00
2.555693374557587205e+01 5.102788347126790747e+00 6.715485301965369302e+00 5.978889012724241780e+00 4.076170676917825197e+00
1.981706558076849234e+01 4.877076717922794735e+00 4.780339139378768643e+00 6.409748909370081016e+00 6.351089839776615342e+00
2.424954899011495968e+01 6.761195423241380453e+00 5.924630857775854409e+00 4.984212413211918324e+00 4.510373580254680270e+00
2.668865586598106532e+01 4.919439477252679715e+00 6.828896611317813559e+00 4.770425876626083195e+00 5.998222646034204963e+00
1.990078668844821408e+01 6.474031215740202683e+00 5.059441134747268976e+00 5.011178138979118124e+00 6.244100693741841290e+00
2.538813584628928766e+01 4.864730585475169455e+00 4.673815098268365276e+00 6.645698344656906897e+00 6.924150273675705236e+00
2.738809224061495229e+01 4.605378185566278759e+00 4.842199472309132169e+00 4.770665153548912407e+00 4.400799289769977030e+00
2.013057068941747829e+01 4.139135694243634589e+00 4.241191479015983923e+00 4.859629220917889292e+00 6.345387903133230978e+00
2.038043956740288820e+01 6.105208990463140140e+00 6.645814282486186997e+00 5.867329548861254906e+00 4.139905506465408003e+00
2.694551830509145063e+01 6.035168743807409086e+00 5.080576784977061777e+00 4.239231876548203104e+00 6.265075557495481284e+00
2.174822039823104802e+01 4.047866866920199591e+00 6.718802675184433859e+00 6.033910949443972882e+00 5.964992673900349374e+00
2.107479204148701157e+01 6.290633970174229539e+00 4.746526635073207601e+00 4.580381826602213380e+00 4.301471668420102645e+00
1.934300159624927673e+01 6.794294248942928327e+00 5.163101294732950208e+00 6.268336643572289368e+00 6.050727219419850478e+00
2.535577877761954113e+01 4.928714873498677207e+00 6.722801968427584818e+00 5.827273857804343038e+00 6.815203153746137055e+00
2.488450225672784910e+01 5.010887069290779650e+00 4.349397696282604642e+00 6.626016364295310268e+00 4.681065769164481694e+00
2.488138258509165368e+01 6.817513834638631032e+00 6.229294311440969345e+00 4.801051525831010025e+00 6.483724669011209585e+00
1.818495485847271098e+01 4.789577186877537862e+00 4.647174258398661273e+00 4.546317290916675802e+00 4.655915256225660492e+00
2.525549437325416235e+01 6.817278162376730677e+00 6.456542418760757407e+00 6.101620208787966071e+00 5.154972986388292711e+00
1.946401969233427209e+01 4.687504779037740654e+00 5.032346368841465356e+00 5.940150493415123023e+00 4.488017087479163614e+00
2.707104140018686067e+01 4.829828684716637177e+00 5.192502801564851111e+00 4.567852281767401657e+00 6.390372361376737587e+00
2.084248937461662265e+01 6.796280634537253285e+00 4.363283634513020814e+00 6.393780796484058726e+00 5.855502946187930213e+00
2.525301409815665110e+01 5.164673168743051157e+00 6.162340251092818022e+00 4.204399168901987061e+00 4.247589232706353357e+00
2.698135648146362087e+01 4.489730347095578722e+00 5.861815852293484674e+00 6.117548351018840869e+00 6.009829420881890094e+00
2.083248630613168828e+01 5.816866006394023181e+00 4.158461856161348003e+00 6.256571632051356247e+00 6.864968233818239618e+00
2.055631942898691733e+01 4.486587950016575732e+00 6.128437158183991151e+00 6.723072240580481029e+00 4.669144586910180195e+00
2.676616786496161637e+01 6.135273681451649530e+00 6.364866126841150162e+00 5.116075952809889138e+00 6.751469347896986939e+00
2.177164179181604453e+01 6.102426284695115832e+00 4.533938763183213538e+00 4.404400458087075698e+00 4.947722828271267304e+00
1.939062985323418431e+01 6.988895071768355116e+00 6.041824117794602600e+00 6.204805713992561422e+00 4.946830870091932120e+00
2.581503884545130845e+01 4.964250628434776047e+00 6.121398058096199968e+00 6.789586028749694968e+00 6.649538614091548006e+00
1.954882991848651130e+01 4.980111153674139146e+00 4.037753750054777768e+00 4.886539962978273088e+00 4.716588924217727019e+00
2.572335228160894616e+01 5.194395784426360407e+00 6.795103991139332500e+00 6.889789645975636923e+00 5.131977921018655131e+00
2.674789205311187601e+01 4.196476493370447258e+00 4.806931328746275156e+00 4.652040111788549481e+00 5.032530212250557966e+00
2.095730564008452745e+01 6.034480888093690432e+00 4.274923470581986962e+00 4.888029139590450711e+00 6.419164944699595310e+00
2.669200019106145305e+01 5.834136789978335180e+00 6.097189689404642010e+00 4.576582452526687383e+00 4.708799265688005775e+00
2.029697559134363161e+01 6.982684855173593164e+00 6.337515058387125144e+00 6.135181245510748838e+00 6.483234606089216534e+00
2.030639297380588459e+01 4.352387909297823043e+00 4.266202781031410929e+00 6.071054719305886138e+00 4.910619161122104614e+00
2.177549109138707806e+01 6.033427186304777479e+00 5.893236482843884794e+00 4.553222476704985588e+00 4.331985166348943039e+00
2.620238520855507858e+01 4.716024248517586059e+00 6.384820096727498395e+00 5.855761618980125149e+00 4.544321032167220942e+00
2.075215252319157244e+01 6.805707689460447796e+00 6.249158322519315689e+00 6.532390186486714434e+00 6.242382809403054011e+00
1.808492791084554341e+01 6.117800968700771946e+00 4.126831913960902654e+00 5.116189744328906386e+00 5.815920787535680425e+00
2.751582618894245158e+01 4.974221230144658001e+00 6.104916602708445161e+00 4.548401740964017392e+00 6.359027964522145027e+00
2.021704813044762616e+01 4.327357386102157477e+00 6.189853458542335929e+00 6.085494224499385929e+00 4.511869826780803727e+00
2.067484116395659655e+01 6.263400042963210623e+00 4.539919247331174468e+00 4.066721168915015561e+00 6.249849850790384131e+00
2.644825014035728472e+01 4.841634434992668545e+00 6.149144820935211975e+00 5.885736725458798446e+00 6.885270838673414495e+00
2.058402667425998089e+01 4.476747121097334414e+00 6.859134340508231453e+00 6.377777121850948028e+00 4.892588525274551792e+00
1.881852504362802136e+01 6.112612188620229148e+00 4.776917302921271258e+00 6.273321691855355375e+00 6.443057776893882149e+00
2.731512223682818075e+01 6.214869261174984061e+00 4.598306420630448699e+00 6.005584172235495899e+00 4.657943688389130088e+00
2.106189716747438823e+01 6.567547937854858020e+00 6.322040509298663125e+00 4.035174299809445309e+00 4.957131491542813073e+00
2.739248863290737646e+01 4.066541669676707826e+00 6.227267092476837185e+00 5.930084763389457336e+00 5.020094012395333927e+00
2.000531413567156136e+01 5.803143442884321601e+00 4.491015051144169767e+00 6.901445771334712376e+00 6.377035816764104581e+00
2.030135644093095948e+01 6.834881813108771631e+00 5.839131988863702105e+00 4.893500940783263253e+00 4.248632632063703340e+00
2.663539872797046471e+01 5.166116227087710122e+00 5.891246458738891079e+00 6.521712851014901169e+00 5.911664951439795423e+00
2.066647717920732319e+01 4.642582373602228252e+00 4.189885943847659888e+00 4.753178864673825998e+00 6.754044750837818967e+00
2.771844620227035350e+01 4.177965799885618559e+00 6.137866785279936011e+00 4.641123012342050380e+00 5.176588746941471975e+00
2.063061457394526954e+01 6.104201723567216575e+00 6.226527368915229843e+00 4.444665488486736038e+00 6.759082077603502547e+00
2.129595377779025256e+01 5.953176821400774088e+00 4.027421831489631288e+00 6.650573230943306768e+00 4.642347722546126931e+00
2.751282306546901069e+01 6.426165339234302998e+00 6.383786925212628027e+00 4.639854640994873769e+00 4.976811694698116462e+00
2.052893809384062251e+01 5.112077089931917229e+00 6.986202905207588465e+00 4.721862686946118437e+00 4.420219781943763415e+00
2.162164074163054650e+01 4.187310363498159660e+00 5.037306068399796111e+00 4.528311132140427020e+00 5.952800002589897943e+00
2.053376038392656966e+01 5.902613139316313706e+00 4.279453891208481409e+00 6.173252668439496382e+00 4.443094719731172759e+00
2.671713371300081263e+01 5.072308501094286548e+00 6.832452147789670249e+00 6.208078714543208143e+00 6.347835238733156693e+00
2.129755453569869417e+01 4.555133554340124569e+00 4.886250656947927595e+00 6.812963694490795419e+00 6.087434583547842948e+00
1.977238238166509277e+01 5.981596396303724639e+00 6.679133733060761635e+00 5.118157155614561304e+00 6.372664597319002588e+00
2.756410455928198999e+01 6.031134110029037210e+00 5.172400035046587519e+00 6.118860958184074939e+00 4.187075260626836659e+00
2.042517651677684398e+01 6.770323151445150067e+00 4.819096147554997600e+00 4.150663638280088996e+00 6.123534586348493569e+00
2.095040014451257804e+01 4.552462298843584776e+00 5.853448051585512957e+00 5.973435822953569563e+00 6.409720841441343353e+00
2.642003365377723867e+01 5.852560548583490174e+00 4.891567417592267653e+00 4.511822925474278101e+00 5.116675589443560490e+00
2.025599733621031717e+01 4.629591200282031416e+00 4.013176977564171466e+00 5.892351600181875426e+00 4.569863549313846640e+00
2.133726778720937389e+01 4.283967068484689555e+00 5.826723157033417699e+00 6.624311569216979834e+00 6.009537437960682738e+00
2.767953782380682526e+01 6.333131882929052381e+00 6.778626279349395212e+00 4.748458488960258350e+00 6.126771513234769984e+00
2.078295583221792953e+01 5.954737138972964416e+00 5.167173364406624003e+00 6.770088270616059667e+00 4.014813595493498255e+00
2.735784734383071282e+01 4.576470826379373413e+00 5.987572520030960632e+00 5.047698133325821956e+00 5.805926796658550160e+00
2.157081705390295312e+01 6.296158336925421928e+00 6.417210358746091359e+00 5.050330191533945801e+00 6.764742105217248280e+00
2.790232059003517406e+01 5.805119105361947085e+00 5.019544263567163433e+00 6.878917743946413310e+00 5.144011323690257598e+00
2.070793033065749356e+01 4.420182716225940389e+00 4.744205895408080131e+00 5.107188911756161964e+00 4.119974967420760414e+00
2.021680978774755388e+01 5.938685666968330779e+00 6.824209536524725728e+00 4.109888495744584702e+00 6.336607719170130437e+00
2.741242591608756385e+01 6.290232824965674041e+00 5.066040070168810416e+00 6.078767983694497445e+00 6.729933411717843761e+00
2.021092881558438847e+01 4.301891130391448215e+00 6.795154707891995827e+00 4.796282471599419672e+00 4.631797987135944261e+00
2.106531221503928464e+01 6.383948649342757520e+00 4.899511761526466280e+00 6.424013082172434608e+00 6.557336840000889566e+00
1.866318154552707043e+01 6.891447983135747357e+00 5.097022642299083195e+00 5.138048047592810086e+00 4.700652006394840932e+00
2.638593296197780447e+01 4.824106565625929655e+00 4.186595289124546149e+00 4.775417643570256665e+00 4.994292704239222225e+00
2.043392837893437530e+01 6.073971532660420003e+00 6.543269309353229701e+00 6.139042382723971514e+00 6.938414479136757684e+00
2.039315214094728290e+01 4.122489505072936211e+00 4.948482640683595335e+00 4.202373134104734120e+00 5.124058162200000766e+00
2.641358774168386958e+01 6.140939304139730659e+00 6.710844684105192748e+00 6.142415918151588272e+00 5.088785072322259850e+00
2.054832627896074726e+01 4.493700799603995932e+00 5.111303664306396932e+00 5.831787796493260956e+00 4.383609239394362866e+00
2.672129237675966351e+01 6.213049158770178160e+00 4.765341176819961611e+00 6.445860320068469207e+00 5.840542110975856183e+00
2.019302896720697404e+01 6.284604780203419061e+00 6.799420778137765353e+00 4.890952594309562862e+00 4.434203827109737261e+00
2.052949197980061058e+01 6.791537137923843837e+00 5.000386376387834453e+00 6.895533965310002955e+00 6.115309644237920672e+00
2.762532125892555257e+01 4.073935867733067262e+00 5.002603818512019629e+00 4.974581481797987870e+00 6.153867781603074683e+00
2.046330064797567161e+01 4.293737524963024299e+00 6.662205781808831162e+00 4.973435711146389160e+00 5.918774714065809128e+00
1.824163177702963523e+01 5.801576883893842407e+00 4.742406616535459918e+00 4.085195184010266267e+00 4.888080606842816422e+00
2.027781391204066708e+01 6.831979797560206791e+00 5.045810366956123616e+00 5.891692201555702724e+00 4.577444693665760234e+00
2.713435907956660742e+01 5.051006921990155440e+00 4.253008014861375585e+00 5.965827854831506905e+00 6.009388822939619068e+00
2.192760105226638956e+01 6.560970648846338626e+00 5.813847619027058045e+00 4.233047190788205683e+00 5.968696267688849311e+00
2.182288817688427685e+01 5.177551677084091253e+00 6.074406516738553030e+00 4.360490888629737327e+00 4.334200432232782063e+00
2.797545443303139479e+01 4.006672274146764856e+00 4.873076778319273217e+00 6.391488469493742386e+00 6.201400784633064767e+00
2.162782749360810897e+01 4.785399064568059302e+00 6.550146511047875819e+00 5.842469581097929243e+00 6.626696539831721466e+00
2.139931124213383740e+01 6.140249620381586837e+00 6.437915715611891798e+00 4.477676650769314648e+00 4.661739373754991256e+00
2.702767405415010771e+01 6.612741399264757014e+00 5.083795420086405947e+00 6.337770054800303754e+00 5.899082064721892671e+00
1.932921778270075563e+01 4.677557140912228739e+00 4.748880070055992775e+00 5.920047827648616590e+00 6.532403287387912094e+00
2.160333044695116200e+01 4.801747035926362095e+00 4.565165734586228652e+00 6.995740853834051087e+00 5.193040679845432273e+00
2.792483580614866057e+01 6.363282039860665762e+00 6.755778599767216619e+00 4.885747984067425165e+00 5.104194833952687027e+00
2.088687089241898320e+01 4.781091813078753638e+00 4.934157817945419744e+00 4.112784834027883640e+00 4.467962306115434323e+00
2.110543277355031222e+01 6.784055529268537832e+00 6.591939018456727695e+00 5.978694494970173245e+00 5.848980697321255029e+00
2.790582962873048345e+01 4.611441849893208378e+00 4.815702543634021282e+00 5.963020753121210049e+00 6.634000174864350008e+00
2.038582239936987150e+01 6.548833410797842980e+00 5.056758933629364350e+00 4.124310377859882415e+00 4.874881695389475134e+00
2.067260249309926223e+01 4.807966947597178908e+00 6.435831744325445136e+00 6.051793257957788441e+00 4.020748105497946590e+00
2.631036769397598718e+01 5.011024869906446355e+00 4.700228414914545461e+00 6.789218235765487108e+00 5.847638164456324894e+00
2.140873038843823295e+01 4.095263333034278475e+00 4.806208940153871900e+00 5.115157281298890801e+00 6.941289432645285196e+00
2.752191797837412679e+01 5.904640104939268497e+00 4.322056806427343467e+00 4.679480965091873834e+00 5.976008045460087459e+00
2.165212163370683029e+01 6.943689930454787884e+00 5.881147523856733450e+00 6.918300351220085354e+00 5.111561243224196360e+00
2.678844658679302171e+01 5.155390942047696434e+00 5.878046313182079707e+00 5.084028764820613056e+00 4.359672886789785373e+00
2.090141573438602052e+01 4.968754860408050256e+00 4.138026363746035940e+00 4.183123780411559522e+00 6.181180102027520995e+00
2.721354848361487910e+01 6.455443698190901358e+00 5.837034667896536355e+00 5.969937642171305292e+00 5.160212235866271868e+00
2.139171444345361905e+01 5.173038727282739835e+00 6.180084429553428294e+00 6.483700457832392239e+00 6.945952866384867974e+00
2.103772023319260853e+01 6.817995788275470481e+00 4.499271533967698744e+00 4.964023030630219324e+00 5.076477590460014788e+00
2.068520038297586083e+01 4.697975952935480315e+00 5.900641532593113858e+00 4.442089518245002644e+00 6.468936612181998669e+00
2.718677386196233670e+01 4.692524068730219433e+00 6.497995135840086256e+00 6.181355238264647056e+00 4.993580192916749816e+00
2.163903701311226513e+01 4.532385167528872216e+00 5.033440881845272052e+00 6.042929524300009625e+00 6.428041916477923223e+00
2.193428513757233844e+01 6.899775397805712807e+00 4.088473815371336251e+00 5.968537164777162118e+00 4.614434185766085328e+00
2.616703270768722689e+01 4.668558871462124671e+00 6.228217108304652250e+00 6.886907633271374785e+00 5.057737537064868505e+00
2.112506029121392359e+01 6.544594322143633569e+00 6.340314291260574109e+00 4.662470312724978250e+00 6.565702915906920012e+00
2.623589383659949448e+01 4.708841007256967082e+00 6.856528566319596507e+00 4.782539366904969391e+00 5.056870392028250727e+00
2.010382625100779563e+01 4.132425724470984107e+00 4.883475515871816164e+00 6.782542065994800140e+00 5.138120347119372155e+00
2.156917318765439973e+01 6.497189039311206393e+00 5.080705874361561847e+00 4.787751975878610011e+00 4.199815916138663674e+00
2.101707586934243110e+01 4.887139400480019269e+00 4.085179135064229250e+00 5.142049643922431912e+00 4.037369368158694627e+00
2.664020407105110877e+01 6.733793281453141155e+00 5.936948262733857007e+00 5.054600067797286655e+00 5.912356759456518951e+00
2.098648882302831709e+01 5.118205589908481734e+00 4.094704768511285842e+00 6.873150737088697504e+00 6.231399594905508543e+00
1.820698232335703182e+01 5.074314215648739967e+00 6.192071499925372535e+00 4.688526142672770014e+00 4.388645159100852844e+00
2.080195326716701487e+01 4.971181574367894207e+00 6.616476653514618889e+00 4.492893887400115638e+00 6.105356490354176380e+00
2.684068704458972832e+01 6.812015283361471774e+00 4.997403334156675925e+00 5.164164987845206944e+00 5.800770907711641833e+00
2.037972655000777422e+01 5.175340463841683558e+00 6.206888163964567440e+00 6.416020853411165348e+00 4.469473844273308849e+00
2.170688397171428008e+01 4.688190276385216571e+00 6.969938108584017300e+00 6.775645320587601717e+00 6.080293120083194225e+00
2.642546766884207088e+01 5.165644248876249733e+00 4.628953916685825121e+00 4.865712503503274888e+00 6.469052655309747379e+00
2.740306990099966455e+01 6.552986651474514979e+00 5.133658369088822226e+00 5.121097010344067613e+00 4.777242095282253409e+00
2.013551016986199116e+01 6.458924212430725120e+00 6.892745246163062944e+00 4.773963472670168073e+00 6.024127898673090620e+00
2.028277616029448893e+01 5.000573158131565776e+00 4.686855518556845901e+00 4.461292428997406745e+00 6.483643057198401394e+00
2.748275707430546788e+01 4.870543007119625400e+00 4.149657854217331909e+00 6.173477497056427232e+00 4.895690174975169562e+00
2.137607187772378126e+01 6.445736319293260408e+00 6.669902803395670432e+00 5.892744603531337333e+00 5.022476920708411896e+00
2.143598623996361852e+01 4.809652071472092061e+00 5.123660304462695159e+00 6.480905204140968046e+00 4.307439291049874441e+00
1.932900324380434398e+01 4.656545643194879069e+00 4.775480955030904973e+00 5.104284558904615743e+00 6.662675429951348427e+00
2.631383544347357173e+01 4.752142450933563467e+00 4.962382583573016426e+00 4.426699120017201672e+00 5.156443801314043895e+00
2.100881912927442485e+01 6.735325233380988763e+00 4.897225494821270786e+00 6.323627106792337749e+00 6.962670139361115673e+00
2.034822982695263249e+01 4.749869906626042138e+00 6.647154746128531855e+00 6.996925907870782169e+00 5.032287726123998439e+00
1.976210996173786683e+01 4.617543928766281169e+00 5.807345226436947172e+00 4.652222170412859903e+00 6.909883736946709654e+00
2.738633071619454284e+01 4.478221955408119292e+00 4.641433621098862261e+00 6.002208055514131502e+00 4.679897938421831327e+00
2.101722024709267345e+01 6.502425274509253228e+00 6.654330975246270263e+00 4.734266106470352398e+00 4.854632367678945570e+00
2.609192866948557210e+01 4.925882729662936832e+00 4.870035422259823221e+00 6.658343609614054692e+00 5.198870252294040206e+00
2.042642104226410993e+01 6.500337863559961349e+00 5.044115090158967085e+00 4.688552223434746757e+00 6.611731982580216105e+00
2.190121563330680132e+01 4.933476986097203643e+00 4.366836974769387147e+00 4.019091854363109562e+00 4.740740531387045209e+00
1.805280798849519286e+01 4.732479026731685856e+00 6.970449825125973220e+00 4.989082418210056602e+00 4.668003250423636175e+00
2.731817310214670158e+01 6.460959198212989918e+00 5.114140177666585352e+00 6.045665063785596871e+00 4.651272732319370107e+00
2.117680884515985085e+01 5.190238726787304024e+00 4.709120039735180896e+00 6.900706573435046565e+00 6.933781540896005957e+00
2.101247912491521674e+01 4.626143377345602659e+00 6.606050263190657468e+00 5.181197789349395677e+00 6.625725574058606959e+00
2.157266319277992039e+01 6.790652987664782536e+00 5.003679526538785893e+00 6.719077279996814589e+00 4.971393984403140287e+00
2.052745751886831016e+01 4.911310729811966702e+00 6.535576475093821003e+00 4.489984567013381778e+00 5.134882558992802437e+00
2.536953423516212425e+01 6.282554412202821403e+00 5.165453695486512231e+00 4.951927131816597161e+00 4.587259703224647822e+00
2.461140858346130500e+01 5.908760098775605485e+00 4.543317240965036419e+00 5.897572917060800890e+00 5.847868623556331968e+00
2.498770802385200085e+01 5.864386552142857312e+00 5.814359116762842561e+00 4.550086703577669311e+00 6.224211895124665439e+00
2.469047468234558096e+01 5.040895909139546660e+00 6.216867725525018429e+00 6.265764518687981344e+00 4.279644821046912462e+00
2.492217719000980836e+01 4.043527399043183479e+00 6.128450251246948532e+00 5.902042266025228301e+00 6.162297539018121384e+00
2.415760652687540144e+01 6.178441711491204913e+00 4.290357349818430421e+00 5.172282242308290812e+00 6.326809556725615735e+00
2.584910385988740700e+01 6.110220612497360371e+00 6.385677312905285952e+00 5.857038603741382410e+00 4.353829008475798013e+00
2.524759689168473997e+01 6.271337559033356435e+00 6.302200306392371942e+00 6.573636027188575426e+00 5.822001952972345684e+00
2.488509308632154671e+01 4.591382518635456655e+00 5.082402713691998031e+00 4.632696899645436517e+00 5.849687238939679013e+00
2.524117392945471394e+01 6.198879235397264154e+00 5.939390955723185428e+00 5.059950742393255929e+00 4.073257290998191671e+00
2.530350454754902145e+01 6.387004000917651858e+00 5.169631725624559415e+00 4.113354326421638341e+00 6.123723191153980672e+00
2.179007585381272349e+01 4.943640890118238040e+00 4.462148195391272054e+00 6.346207526270857713e+00 5.814798983235407448e+00
2.444966396894638905e+01 6.264860066852026677e+00 6.140568481995791750e+00 5.807380545486341639e+00 6.735883882118976373e+00
1.891479765996403728e+01 4.866451925562677694e+00 6.037313444815422869e+00 5.137443644474914528e+00 4.704610521802421452e+00
2.457402221360765537e+01 4.014848172910609136e+00 5.824688005629874432e+00 6.227553974479401511e+00 4.758312706216146992e+00
2.408956930826197507e+01 6.209750711931871336e+00 4.037664818181628590e+00 4.711843840750312040e+00 4.923248224021231856e+00
2.029184083426181573e+01 5.933089040837904449e+00 5.867173202098054929e+00 4.170705558506499600e+00 6.321515159888913438e+00
1.960677509607838331e+01 6.282574863453735503e+00 6.061061344076001944e+00 6.193798745885199963e+00 4.995627426467479815e+00
2.463969689224400383e+01 4.376706713288295525e+00 5.016857300644305795e+00 5.921021926559035364e+00 6.292962664376060111e+00
2.595187341655703150e+01 6.264890814522177109e+00 4.599337402660950147e+00 6.197037180335281725e+00 4.860186266523785825e+00
2.495822995639168340e+01 6.228559840388484758e+00 5.983914347975122006e+00 4.902340549949065540e+00 6.448231437799605281e+00
2.102264187107703108e+01 4.958277147025909493e+00 6.141370793383678972e+00 4.102001685472955295e+00 4.883251610708277290e+00
1.945341302458884769e+01 6.348403857418141172e+00 5.873753422734886875e+00 6.050339318633799479e+00 6.349914930278490743e+00
2.531913771920808642e+01 4.065436847642305729e+00 4.636607340182735904e+00 6.006141734991760295e+00 4.903455458747665752e+00
2.499671093617663686e+01 6.201095673299357180e+00 5.803465520253302756e+00 4.206219745400391119e+00 5.173729352718811292e+00
2.537859950791938601e+01 6.051350402002393380e+00 6.672118056021623111e+00 6.238658433557258576e+00 6.015816170564462162e+00
2.122090093214066897e+01 5.105896081621534854e+00 4.610521949888819471e+00 6.160493294635365658e+00 4.270621556854597323e+00
1.993441954188084964e+01 6.390401072589582121e+00 5.112602567833280709e+00 5.956198525743754857e+00 5.949294705476432021e+00
2.592832210345885713e+01 4.194976146885599277e+00 6.128924933955493870e+00 5.063683380058201955e+00 5.880188526466444188e+00
2.568561228685201314e+01 6.188315842905089958e+00 4.651058956491230134e+00 6.147764631099703614e+00 4.268052327689495051e+00
2.553403994563205615e+01 5.981620344002235079e+00 5.043132457276147562e+00 6.681088544130745710e+00 5.801153416418436848e+00
2.107171567905334797e+01 5.137204752966287202e+00 4.547215252332864388e+00 4.971449857467404421e+00 5.946306783120287598e+00
1.891158982809005806e+01 6.152220980195675537e+00 6.121821923122259257e+00 5.021386569871334693e+00 4.904602840138158726e+00
2.465054440567857341e+01 5.158744800691357213e+00 6.131170756063663241e+00 4.235005681560358504e+00 6.148012905916248272e+00
2.557202532934827133e+01 6.106283070957925219e+00 6.642793771397675684e+00 6.337735354113977593e+00 5.139772566811559251e+00
2.570483367393842400e+01 6.648403123051664920e+00 5.038656469798323378e+00 6.323132220627581290e+00 6.119359879839769256e+00
2.177894454981094796e+01 5.032484938179626610e+00 4.732357676004050440e+00 4.883182082873847918e+00 4.402889515142962118e+00
1.982659824175719976e+01 4.791467617065026552e+00 5.892393725057248233e+00 5.930083204739236891e+00 6.032918959491447630e+00
2.500892763935865659e+01 5.143336217595131821e+00 4.370093912598665753e+00 5.035865062555447302e+00 6.016695372113638030e+00
2.508202997633287623e+01 5.945323087608463730e+00 6.337631811142550475e+00 6.844382472915675031e+00 4.671795920106498023e+00
2.568030074540127927e+01 6.746611169400054564e+00 6.042719618969198514e+00 5.092717113735433010e+00 6.172434138649292024e+00
2.026310045981498931e+01 5.136674329909025616e+00 4.977281718054053172e+00 5.082502861822955964e+00 6.806483117288655293e+00
1.915436287800769932e+01 4.642751570275525985e+00 5.933257318072379327e+00 6.046807475372904861e+00 4.780906316554243141e+00
2.515426125395335433e+01 4.220791767105485093e+00 4.791026457503713587e+00 4.642047854929208128e+00 5.125205258801820207e+00
2.413652867709916805e+01 6.171447040249769422e+00 4.988379240933032754e+00 6.350537435512465301e+00 6.709186004358643984e+00
2.146022900885687434e+01 6.126020612240281160e+00 6.248363058406591009e+00 4.020022722545959049e+00 5.114899322521260672e+00
2.549839485557554752e+01 5.002368489377198912e+00 4.303211771413452347e+00 6.393659174423332203e+00 4.771188660992527808e+00
2.562564150078570080e+01 6.830255871647260335e+00 6.076195752131237526e+00 6.140188252012951153e+00 4.888622041107190341e+00
1.856072500485241150e+01 5.076458536049392123e+00 5.873977956726533556e+00 4.785572402830744032e+00 5.969420643789974612e+00
2.447253535309934591e+01 4.995493389602311041e+00 5.804737955742957922e+00 6.286198005279139522e+00 6.447868716836010705e+00
2.445305525643712130e+01 6.050736932336981511e+00 4.735240556671090673e+00 4.575741648959355423e+00 4.920767264339729330e+00
2.116590272116743066e+01 4.789828888252844585e+00 4.336259971536715163e+00 6.374538610449801190e+00 4.864839271067729953e+00
2.522250054435003008e+01 6.990526389502341509e+00 6.317171702247827980e+00 6.395583826564639196e+00 6.145541795709014821e+00
2.061222491470021367e+01 5.084387409033537253e+00 6.186752333154391437e+00 6.556504814620555344e+00 4.937609970460272280e+00
2.483508397635797849e+01 4.847956680442684352e+00 6.010536013787510790e+00 4.811179354025805210e+00 4.300039414660338011e+00
1.935798718047254496e+01 5.978850702144576701e+00 4.667324945142196313e+00 4.667454141962134706e+00 5.997949776527447874e+00
2.559419283863412886e+01 4.611067971258123066e+00 4.194749471497816629e+00 6.077091987986087851e+00 5.932322930779812431e+00
1.873354702805496430e+01 6.314835877083657678e+00 6.271705527322906093e+00 4.851901524048042980e+00 5.935320295947389191e+00
2.447858304100721583e+01 4.456297577223844897e+00 6.328346810450527826e+00 4.968708958149707478e+00 4.851621730450782266e+00
2.545698216279283344e+01 5.883227909905751396e+00 4.893599902824295356e+00 6.597899025939479856e+00 4.857507824169447375e+00
2.489072050439196460e+01 6.111155955053963140e+00 6.953540700282322184e+00 5.069943656061956183e+00 5.872896344642499322e+00
2.188616981731494704e+01 4.646697548565037472e+00 5.109317867289567161e+00 5.846022002843935361e+00 6.650462640881116272e+00
2.535066900010203028e+01 5.895335548927590708e+00 6.498303000873513646e+00 4.837903483957921580e+00 4.624853039983659819e+00
1.880043377834874008e+01 4.723552615383014519e+00 5.121443786928383979e+00 4.949963977580878804e+00 4.843098074449991408e+00
2.462438434924650110e+01 6.828342113170754679e+00 5.144287005219628561e+00 6.298745119477777266e+00 4.757819133259384436e+00
2.560231404009957146e+01 4.841442866014792124e+00 5.979687709701824616e+00 6.420586282527244393e+00 6.017656065557390299e+00
2.090008613113525016e+01 4.782886325248088433e+00 6.135073624477563214e+00 5.098287278706886916e+00 4.543603994334765694e+00
2.489140155529070597e+01 6.918379877703650038e+00 5.115453030241130961e+00 4.820020467412410525e+00 6.111097073548569902e+00
1.977273004932157008e+01 5.027358468318448459e+00 4.838724293510639818e+00 5.192713453678162061e+00 6.151779140345624342e+00
2.491162031116995479e+01 5.050947797890109392e+00 5.981472168043100446e+00 4.434281302180373530e+00 4.874362403863807813e+00
2.048418815188119169e+01 6.393208240593204472e+00 4.032413089421867269e+00 5.919093702401097445e+00 6.040595070501585617e+00
2.516733947070893862e+01 4.865194450474007226e+00 6.342553610409335185e+00 6.740699621647567419e+00 4.965688143087843898e+00
2.734550715792109798e+01 6.338962527788892132e+00 6.041914754662872866e+00 5.146476974256590786e+00 6.173832120680739166e+00
2.093421972964835476e+01 4.810817339739072551e+00 6.175010022172735091e+00 6.062028179855160737e+00 4.548509476973142007e+00
2.101589552046394971e+01 4.069595971625448172e+00 4.944225803364933114e+00 4.612851003410257000e+00 5.967102074213842755e+00
2.043481165650491249e+01 6.299825329355337011e+00 6.688013397437731378e+00 6.153492632332992152e+00 6.194142758665312165e+00
2.598826359303715350e+01 5.860859278798668193e+00 4.770415257284195576e+00 4.632295397264377890e+00 6.758346244739795061e+00
1.819974590426289041e+01 6.016857046425768907e+00 4.866209135897790361e+00 6.351535187079145217e+00 5.017525314017732718e+00
2.534115352073142446e+01 4.940206970839460254e+00 4.107083956413704051e+00 4.610943675586907098e+00 5.166847661937937097e+00
2.517052231079599167e+01 6.876770110861613716e+00 5.840917460823908058e+00 5.131380645287001663e+00 4.994230484880344711e+00
2.418265925056448751e+01 4.897268556514640103e+00 6.753356893209437217e+00 6.214831687200235599e+00 6.131541539392112661e+00
2.110049285009730013e+01 6.101956675383350515e+00 4.785952446199048360e+00 5.866230410333771239e+00 4.410829452957368169e+00
2.403211726934231862e+01 4.805934307197541777e+00 4.793245670643585754e+00 4.534485560698467310e+00 6.141411809141527733e+00
2.083991646946919474e+01 4.217146410025947922e+00 6.050710566981456040e+00 6.375809174886098774e+00 5.854552120811136184e+00
2.693955006265141350e+01 6.321083706477104158e+00 4.720965020965889991e+00 6.164542984590153374e+00 4.748916577632556368e+00
2.164458829706427068e+01 6.060913284153961023e+00 5.994510678926758374e+00 6.586314708284454866e+00 6.363524619282595829e+00
2.066750438417611235e+01 5.100932733399112351e+00 5.889995741015244590e+00 4.745333987055960989e+00 6.966741046727529252e+00
1.828416981085061721e+01 6.390109162563655687e+00 4.999701548517421656e+00 4.997122851970807744e+00 4.728476851845982765e+00
2.589059095951238731e+01 4.811185374229139278e+00 4.838254235894985378e+00 4.473920667237706539e+00 4.793219169838167204e+00
2.472264715503330734e+01 4.988103396342266294e+00 6.515188224202334233e+00 6.389467314988598545e+00 4.752764458477708231e+00
2.792905821924099996e+01 6.367974137523743750e+00 5.054832035075768282e+00 6.117742560368144566e+00 5.932346822303589562e+00
2.141599116147326498e+01 6.107219538173671580e+00 4.914361391831215897e+00 4.970480804934442887e+00 4.030180867492803465e+00
2.095315707052769838e+01 6.958632421382500155e+00 5.881438879061831493e+00 6.387699111879117986e+00 5.837158820290836658e+00
2.491733496361698030e+01 5.113689693968350269e+00 4.738238842476471646e+00 6.588283384626888228e+00 6.215026390752472985e+00
2.538460312524032503e+01 4.780617121412924497e+00 5.846617316677003018e+00 4.912678473206849361e+00 6.907801228059074816e+00
2.186479984131418419e+01 4.297811759558333833e+00 4.655038057540072494e+00 4.847543253597014434e+00 4.962684138483907326e+00
2.039352303653107867e+01 6.189468918925099317e+00 4.391722717718400837e+00 5.013961200560681064e+00 5.169739062413532871e+00
2.644097570338160708e+01 6.194014540105321487e+00 6.211748610862950493e+00 6.377100048155080358e+00 4.905281258486811069e+00
2.016146909871287463e+01 4.461199148103996315e+00 6.027785630528081917e+00 5.056024024364539571e+00 5.835420066237559489e+00
2.057122144800495533e+01 6.044534899882000545e+00 6.309560828493691709e+00 5.838079645665608552e+00 4.329622212925413827e+00
2.140995649427539149e+01 6.174696966187750213e+00 4.580009573062469030e+00 4.613831597071965440e+00 6.144025837062344841e+00
2.786291756713143286e+01 5.175073730623520163e+00 6.052859904453671724e+00 6.388929666653942796e+00 5.901096018669369947e+00
2.062611118095826157e+01 6.274870586816940765e+00 6.214989979047994773e+00 6.886833007374403515e+00 4.648518492150070180e+00
2.445305959962720976e+01 4.828654441648389195e+00 6.407174297211108538e+00 4.748880373496005447e+00 6.356595773045366826e+00
2.024442136875736153e+01 6.396028071399580739e+00 4.786388915003549904e+00 5.071712404897061433e+00 6.972565079711480429e+00
2.530336737048230944e+01 4.852945962251620671e+00 4.920663947356328727e+00 6.549839484591129413e+00 4.748929553677808890e+00
2.170220948760904278e+01 4.357640903532990606e+00 5.831678211515275656e+00 5.067813975901430901e+00 4.600568908170006743e+00
2.708652237571062571e+01 6.092281934195706405e+00 4.777350028952092487e+00 4.855951184456389846e+00 4.976393011221213136e+00
2.112143400785180347e+01 6.270126881384838313e+00 4.642380565775001244e+00 4.027049708299038855e+00 6.093082664883715971e+00
2.072584109089255833e+01 6.126328598420613503e+00 6.019002443840865801e+00 6.253359281737907338e+00 6.529211500987845085e+00
2.098883321611363684e+01 4.259162586333923528e+00 4.922153097600306282e+00 6.005663538245263666e+00 4.923509851072877197e+00
2.783562375632553909e+01 6.205618673925211937e+00 6.259271393101355940e+00 4.855807123835951700e+00 5.182551822284160892e+00
2.059683275250477408e+01 6.256136129337973806e+00 4.329139917005120353e+00 5.879184739909560697e+00 4.708128542019210272e+00
2.125867562092267704e+01 4.828994467981583938e+00 5.997477899118401012e+00 4.411396464104862858e+00 5.837159668076789210e+00
2.602250062373108719e+01 6.106952434350928272e+00 5.882679364434797442e+00 6.357016978642118232e+00 6.183025394643447470e+00
2.154344563384453082e+01 4.355829878008782963e+00 5.979103465842630527e+00 6.095848127584135412e+00 5.184494191627183390e+00
2.000370502455643162e+01 6.210195003394769486e+00 5.094442525440713965e+00 6.348366355291708452e+00 6.923624693327028012e+00
2.555807524220087146e+01 5.187008268815775480e+00 6.781208347203443232e+00 5.137302338774572874e+00 4.745425982980949087e+00
2.060434885219654433e+01 6.015459026997532099e+00 5.100713427244363274e+00 4.477011307068336166e+00 4.986647529965717140e+00
2.563811026820022931e+01 4.969496179756081489e+00 5.080742246066746404e+00 6.224042424085968861e+00 4.472635588659428230e+00
2.026586625513858664e+01 6.381636589510037538e+00 6.716728424046831236e+00 5.021177491090522693e+00 5.870471721512069863e+00
2.015726929481280294e+01 4.207450008605441383e+00 5.074545941506841018e+00 6.367122560150010990e+00 6.212756588325702545e+00
2.401097491165619857e+01 6.710160896044085277e+00 5.034274571793750930e+00 5.018667881676375231e+00 4.981807151326698602e+00
2.506165359647378210e+01 4.709969869595393099e+00 5.122601375770618581e+00 6.107896180700154609e+00 6.653985220902510989e+00
2.128715213285633112e+01 5.869775000343404159e+00 6.452630687481720528e+00 5.847574465006982081e+00 4.945909765385636980e+00
2.684061856276677460e+01 6.386559028111451042e+00 4.829186036538571258e+00 4.722263997300027327e+00 5.887330734116448028e+00
2.050098412037587536e+01 4.881895141608334043e+00 5.010755419494949514e+00 4.494841872969034924e+00 4.926938707765014414e+00
2.117009035209201429e+01 6.826837764998658464e+00 5.947380176071908942e+00 6.107974232762559907e+00 4.827102824939896841e+00
2.697371504875682646e+01 4.604319073310276345e+00 5.070656316051818102e+00 6.067575204499237707e+00 6.385592721490068513e+00
2.059521645991398131e+01 5.113793486030562718e+00 6.049641649542738087e+00 5.865390757818971679e+00 6.549789407866372315e+00
2.037264985547072627e+01 5.957231311054365541e+00 5.188834914902155759e+00 6.801925091016809866e+00 4.768865240896198010e+00
2.728146627726686546e+01 5.170961188743032011e+00 6.399719788322478564e+00 4.921360033433613168e+00 4.900922842173115690e+00
2.079470310043545567e+01 6.018615518970334755e+00 6.791534130871459851e+00 4.955669690924435322e+00 4.670085883017556228e+00
2.593850592288590207e+01 5.072646681842759797e+00 4.951308307974358058e+00 5.115152690930318435e+00 4.467109107588762562e+00
2.158477055663871624e+01 6.095887132452100232e+00 4.845643570432973668e+00 6.991027378359198075e+00 5.986829781660828687e+00
2.124329108567659574e+01 4.960104353587226456e+00 6.905886705731856701e+00 4.698893944832023273e+00 5.908950335366364826e+00
2.007577888213576855e+01 6.805790673106410615e+00 4.699517287495265982e+00 5.048314522685329209e+00 6.340885152929143231e+00
2.543235727141651026e+01 4.953458015838141826e+00 4.756846622998109453e+00 5.168872056230713774e+00 6.950738830275792424e+00
1.809454874912239930e+01 5.082792181384276020e+00 5.177245421895255717e+00 5.966949267612598362e+00 5.151042413022377531e+00
2.744278477646187753e+01 5.064644144842817219e+00 6.371495602422497129e+00 6.124682871371676995e+00 5.035259027443350632e+00
2.004062360001935517e+01 6.274661585501678296e+00 5.916202552211577093e+00 5.178546468015310822e+00 4.072330483204970264e+00
2.073426174156944057e+01 6.446622395754409318e+00 4.671939529506111910e+00 6.335273579807710220e+00 5.928813480982035422e+00
1.858631870297424982e+01 5.048658325336600861e+00 4.883069888427792549e+00 6.036662499911558122e+00 6.372981419679972781e+00
2.610460015980532233e+01 5.165938320832260899e+00 6.068730501335378058e+00 4.787082721834558185e+00 6.144680369404832199e+00
2.148756011248001840e+01 4.941825168540315616e+00 4.593785425010000090e+00 5.139304082370570903e+00 4.820067474601045454e+00
2.148692436931098371e+01 4.633356886603977820e+00 6.394103997810047346e+00 6.780342299573874243e+00 5.968985561873068946e+00
2.166808368974107069e+01 5.803450064320808899e+00 6.079613448721175040e+00 4.718943600174973163e+00 6.956302806546004192e+00
2.779471890295316072e+01 4.802526534844933082e+00 4.759462759790862307e+00 4.644379185461481541e+00 4.633483596142091265e+00
2.082060937087785746e+01 6.906029694538686314e+00 4.707621691905687911e+00 6.072480631544554974e+00 5.171315969137150859e+00
2.132144799709593030e+01 6.823875545151540045e+00 6.253761480966494979e+00 4.955596964005213323e+00 5.154927311395523404e+00
2.009204081073892567e+01 4.665213013098054695e+00 6.688132382123421316e+00 5.915548931748764616e+00 4.936995962824411777e+00
2.639712049749782352e+01 5.172752618288913418e+00 5.154869207426566291e+00 4.620690668688901326e+00 6.246047297951855093e+00
2.123578376719703797e+01 5.194465371143635934e+00 5.021115546547410879e+00 4.076624967761084406e+00 5.978915421400517793e+00
2.774879195448044555e+01 4.728085667297135863e+00 5.142566052125660647e+00 6.221516646536187523e+00 4.986451692083605280e+00
2.156924515666181819e+01 5.000196005181481773e+00 6.780849725308305764e+00 5.911666493224376318e+00 6.305082701897192443e+00
2.179696200859339683e+01 6.825218635120493538e+00 4.693920048418458002e+00 4.995004375482318792e+00 5.135466831508245455e+00
2.047611357958274780e+01 4.706930190930949109e+00 4.626953491956968811e+00 6.833749882763947348e+00 5.157666021971682113e+00
2.089511751133293771e+01 6.489499837402504134e+00 5.804259144632534451e+00 4.804925973455059562e+00 5.985142535318718870e+00
2.042500115471233357e+01 4.973587564948808826e+00 4.683250947152372667e+00 6.898325022051266409e+00 6.214919111094663329e+00
2.018748382236756100e+01 5.087174599731857150e+00 6.434250637121154526e+00 4.845861419026873840e+00 4.701857763534384560e+00
2.479464604329277222e+01 6.053151758966729190e+00 5.060973460852939532e+00 4.604169090159415667e+00 5.001581501232733373e+00
2.436610750342539333e+01 5.957632571983660696e+00 6.211371958781641389e+00 6.261337957941301546e+00 6.071651621679168720e+00
2.401266621009932933e+01 6.282954260719341377e+00 5.090269227673035246e+00 5.123467572916510449e+00 6.142488516806744236e+00
2.576262131121767851e+01 5.149413428750140298e+00 6.084832576466643772e+00 6.108141011654148578e+00 4.831701660790456820e+00
2.553493471298634887e+01 6.078532415042124271e+00 4.996908479989967233e+00 5.813683820378212630e+00 4.961629777824932752e+00
2.510277037584412341e+01 4.863276639219272113e+00 6.030306685248643994e+00 4.720350030475843894e+00 6.089071399272321550e+00
2.519770305209373262e+01 6.063084032450976935e+00 4.693232651106103326e+00 6.078491271904870707e+00 5.891486121444377666e+00
2.535444662545733507e+01 5.141566403043327682e+00 6.038196873383204988e+00 4.953493650140273097e+00 4.828555055293977993e+00
2.505638733088474979e+01 6.061869995625796648e+00 5.975237753891924797e+00 4.619474272223373035e+00 4.640746540566817124e+00
2.404227120847799171e+01 5.044268044409904839e+00 4.919733269649983143e+00 6.204615015638689002e+00 6.097308325602391221e+00
2.404895931660078645e+01 6.014257009538745535e+00 6.192752602156763153e+00 4.895404347581605364e+00 6.112872714639046023e+00
2.184960286005880548e+01 4.998597121217960293e+00 4.977167349986933331e+00 6.151752137196073278e+00 4.610028609274196221e+00
2.546645616155903369e+01 6.171231014100686529e+00 6.192317116880283301e+00 5.992611549638072965e+00 5.096663298277639420e+00
2.147479761249243069e+01 5.033169489876601510e+00 5.087385804240038389e+00 4.694915560995217341e+00 6.157212369904775606e+00
2.112331495991885788e+01 5.800105464798125610e+00 5.051946328307947987e+00 5.035448145728603109e+00 4.689380919643101997e+00
2.522730314021676179e+01 5.175043291952390767e+00 5.999626710793895867e+00 6.169211012167528096e+00 6.297393046225137958e+00
2.077272509431283609e+01 6.104213708994381982e+00 5.087081460268255917e+00 4.878158069970131905e+00 5.984721407608949661e+00
2.461529570847578086e+01 4.751716211994184924e+00 5.027992630734741120e+00 5.995844369737845625e+00 4.938465123750280128e+00
2.071227455660360306e+01 6.204858236145515349e+00 6.253809916042316175e+00 4.970977798261897895e+00 5.076059420586728876e+00
2.143345428959135646e+01 4.903777143111046399e+00 6.126838674989945055e+00 5.962760958819822044e+00 5.855789727364096642e+00
2.507898149967831003e+01 4.912489727754260294e+00 4.686394104510465120e+00 5.074567835349302669e+00 5.058992717119226157e+00
2.142582032477783827e+01 6.117140499369605244e+00 6.320493300924933777e+00 6.143663629718789210e+00 6.077346263908122381e+00
2.505371253321507297e+01 4.674507844607902030e+00 5.065701102958870550e+00 4.960858422822662206e+00 5.991739990344372657e+00
2.181582342534189323e+01 5.808957920571288902e+00 5.946962722824748582e+00 6.024192427352560664e+00 4.869813646715554611e+00
2.018937217855628319e+01 5.972936676035733861e+00 4.764415098540609961e+00 6.071781318182869036e+00 4.708793899705744579e+00
2.172566235922373679e+01 4.900808850040111686e+00 6.239762029762338180e+00 5.145148547362287772e+00 6.100281024859494750e+00
2.169000586994111401e+01 5.868098715268656562e+00 4.862501707341179369e+00 6.132780002920831031e+00 6.195614848166034250e+00
2.120664887432898382e+01 4.912721274419942219e+00 6.148249076213457620e+00 4.974726899315093931e+00 5.198076092822449645e+00
2.155767621526305788e+01 6.393994861188031287e+00 6.214499390806051515e+00 4.665208894820793262e+00 5.978406746794469484e+00
2.174823948692457165e+01 5.139036486856797481e+00 4.680184644724776355e+00 4.743836745569634417e+00 4.664181665410755073e+00
2.081095068554853356e+01 4.618134552373197366e+00 5.114667248187631188e+00 6.214504808320687523e+00 6.372046955002708124e+00
2.144653682896893798e+01 5.087356028958111231e+00 6.361044419577931208e+00 6.078704008519628665e+00 4.732579696639909628e+00
2.263840830193898057e+01 4.155104816453566663e+00 4.588390607841240865e+00 4.306354555346679547e+00 4.061601631090661080e+00
2.266683977672488126e+01 4.241875410076273667e+00 4.468061770387216747e+00 4.143136842905509099e+00 6.473098111026492241e+00
1.938197013669184443e+01 5.459725616879180343e+00 4.120097130468820978e+00 4.430351537139919138e+00 4.158587201793314314e+00
2.253837830873036907e+01 4.413969563462051049e+00 4.141675004504607571e+00 6.492084668995509844e+00 4.208259385122049778e+00
1.868482612705766854e+01 4.551014968804874883e+00 4.046718641424569718e+00 5.427416244288536973e+00 4.076040024717999977e+00
1.859006991616539750e+01 4.121691763296437827e+00 5.751033082014500586e+00 4.276677878802464861e+00 4.258279216889639507e+00
1.884764667843593600e+01 5.737680987199923699e+00 4.542921043708706641e+00 4.500894330978608693e+00 6.458563809237389819e+00
1.938865727850253862e+01 4.266812923230498988e+00 4.568360379193800114e+00 4.012335844178678279e+00 5.724638082236449321e+00
2.360407978783009497e+01 4.355958142022548607e+00 4.162864110473594614e+00 6.916333601422934407e+00 6.754024371960929862e+00
1.899293439486493185e+01 4.269734436193018290e+00 4.374457174546426685e+00 5.229190811695072050e+00 6.766297926483385794e+00
1.915415244310307585e+01 4.258447272276560724e+00 5.292591129174187614e+00 6.756873848453648357e+00 4.157529042070398972e+00
1.835927484779801588e+01 5.253897024472334643e+00 4.265515972637174968e+00 6.548487078316595600e+00 4.154463357491362530e+00
1.885824587576821543e+01 4.119631434578455043e+00 4.470498263190352262e+00 6.569963342233121395e+00 5.730708491139671956e+00
2.368416627373254002e+01 4.254962327242028053e+00 6.646565764253709929e+00 4.020314318056156466e+00 6.674176714448977421e+00
1.910891421254369860e+01 4.566347382471191096e+00 5.763433966246502393e+00 6.915898105065668489e+00 6.956774376654141001e+00
1.949617895288661629e+01 4.074880124525182445e+00 6.974248399388221387e+00 5.611283563875434588e+00 4.395833911869243771e+00
1.988926488823486949e+01 5.562164246734403683e+00 4.000432585908381355e+00 6.501729394245970184e+00 6.768228178622202051e+00
1.880105080175580667e+01 4.451812771093948129e+00 6.636879648766665696e+00 4.191072415729920841e+00 5.226967768690703231e+00
2.386188305090529127e+01 4.433422006013798544e+00 6.563760476458170956e+00 6.826063671777651720e+00 4.472335995500004380e+00
1.828527932558803570e+01 4.080120070943187294e+00 6.904593118276014074e+00 5.205515823799569120e+00 6.780938116587649667e+00
1.860232086907376825e+01 6.491784261301443593e+00 5.536054971941155145e+00 4.237959527586078856e+00 4.078853117023406583e+00
1.854599894873964772e+01 5.316493825704669440e+00 6.837584687821115281e+00 4.356239146295847853e+00 4.536408064784401617e+00
1.865302209154294033e+01 4.100170431607663701e+00 6.514818832893470635e+00 6.787102164049207076e+00 5.523834134767193760e+00
2.288997520120879869e+01 4.201818431796385589e+00 6.794232026598476359e+00 6.826254817585862611e+00 6.965559702479990456e+00
1.877610930717909454e+01 6.805745860703835248e+00 4.441921847138069701e+00 5.654841609048163242e+00 4.433904960289576813e+00
1.989882777039084161e+01 6.614119468182033224e+00 5.545173799951863103e+00 4.254351593079876537e+00 6.637983749893267671e+00
1.958155698628550212e+01 5.509444143111426939e+00 6.979557329099542962e+00 4.301844247272081034e+00 6.822153760292212432e+00
1.832628673406271602e+01 6.752413265839857459e+00 4.072751398564898651e+00 4.291111886795730967e+00 5.443760469756762532e+00
2.254108837575642710e+01 6.714343664027403236e+00 4.425349283351911467e+00 4.249545994957912853e+00 4.447568007038831261e+00
1.990874673696750818e+01 6.571999001354606129e+00 4.495669684522496823e+00 5.207013200612975901e+00 6.814875749159240215e+00
1.835007292110450194e+01 6.417253340322904620e+00 5.781854801301109958e+00 6.979150810766878266e+00 4.221231358624425667e+00
1.894973795355014801e+01 5.375853953083503889e+00 6.907729769491086635e+00 6.716339176607919903e+00 4.374323916474279095e+00
1.867023119491402738e+01 6.992622377052033045e+00 4.205893788518928922e+00 6.991217270495218017e+00 5.470323808262107512e+00
2.320838140998827726e+01 6.689846773534013913e+00 4.064251377456641556e+00 4.174748303980787334e+00 6.536779314860059920e+00
1.899528258291083205e+01 6.798398383832298997e+00 5.390768399653799392e+00 6.423448764759657870e+00 6.954355904111467979e+00
1.827152474132756410e+01 6.687371102163389480e+00 6.642067008567571484e+00 5.675384802060181144e+00 4.522535980693697333e+00
1.944508625899734255e+01 5.215968741930669061e+00 6.430543423244181156e+00 6.517085471921874706e+00 6.518574163525869380e+00
1.948951938189929223e+01 6.630457056218195255e+00 6.741498598235200923e+00 4.505245711201298242e+00 5.542046103537885848e+00
2.228912188005023509e+01 6.636682085193945646e+00 4.208671099659482273e+00 6.750532942532083247e+00 4.442506697196439980e+00
1.905075135947830844e+01 6.583264115706356279e+00 6.450398254816319010e+00 5.366438951484998832e+00 6.661801708131012134e+00
2.745448149442400876e+01 4.151677762055445697e+00 5.599525980669206149e+00 4.030487119358149073e+00 4.585948586755016265e+00
2.768456308381290754e+01 5.285898212656269024e+00 4.198628124806225159e+00 4.329962115277942836e+00 4.071641196628897674e+00
1.968628561486806916e+01 6.638730514890178291e+00 6.937832911915410961e+00 6.885249349846218614e+00 5.263821372086309403e+00
2.399842779911896784e+01 6.917093246952346064e+00 4.572031941200807026e+00 6.984651293170733410e+00 6.410744713373969006e+00
2.773202457106545182e+01 4.290397127711696790e+00 4.075784989806731318e+00 5.371505306375100375e+00 4.128495215801552654e+00
2.707234831437557432e+01 4.525032048304950649e+00 5.368286940846139998e+00 4.157452905643045149e+00 6.654760055799462393e+00
2.661601587330785534e+01 5.703432057015815460e+00 4.496219354694307668e+00 4.385257546706608167e+00 6.840836068768685330e+00
2.607594973094148116e+01 4.050878628288232086e+00 4.038049530179202762e+00 4.165907395355368692e+00 5.374504757252643650e+00
2.202389723464078131e+01 6.447855528240813427e+00 6.583351708158016180e+00 4.500187352818119990e+00 4.592585857641441116e+00
2.609087871334533304e+01 4.191868633908171660e+00 4.298115404078704849e+00 5.263913244290879589e+00 6.479952410062576718e+00
2.641937130797870736e+01 4.306261592697014251e+00 5.780702037856437769e+00 6.416080976494299648e+00 4.233860873621346776e+00
2.700538781020339485e+01 5.466463689372445423e+00 4.488238022053011811e+00 6.904111208668744837e+00 4.206737458898214932e+00
2.782620001374241525e+01 4.218593910410052494e+00 4.222827836080374375e+00 6.469238797251795070e+00 5.356828588200885477e+00
2.250601809236750483e+01 6.460185747416106850e+00 6.876609445761962647e+00 4.114627648671947746e+00 6.993690512047665564e+00
2.693659407771103886e+01 4.321074615403976971e+00 5.381017676366091962e+00 6.661140512398831426e+00 6.659765854341511471e+00
2.765996172316160795e+01 4.494277700416701826e+00 6.811917848914216478e+00 5.665589803630599164e+00 4.110690031135475486e+00
2.696272433395096257e+01 5.514587118898763407e+00 4.324974435998583999e+00 6.692746465537821265e+00 6.572694312864245880e+00
2.770478627040734665e+01 4.539686841889756685e+00 6.827391852582660015e+00 4.105482603327976321e+00 5.328704593548159174e+00
2.294492403248792201e+01 6.522613915247014837e+00 6.996967012989519397e+00 6.488638789547287899e+00 4.456590807160973000e+00
2.603978882524178218e+01 4.390629087121178387e+00 6.992037657984109700e+00 5.371723458878177482e+00 6.921577849289302087e+00
2.610126419253262497e+01 6.617115122336373112e+00 5.435612286626438916e+00 4.458017978574194018e+00 4.282191020378790292e+00
2.749108918162853854e+01 5.356138609991544008e+00 6.877736208828425291e+00 4.336833649646147926e+00 4.401649424123315057e+00
2.658176581364148561e+01 4.016840347745059603e+00 6.964175935939007189e+00 6.958104965092084981e+00 5.700039198218706638e+00
2.333793744472949072e+01 6.629676432817675824e+00 6.896069691872942720e+00 6.959592439647884987e+00 6.524274167472717600e+00
2.666608160744247158e+01 6.909087984561039342e+00 4.495644965968042861e+00 5.218058271178946050e+00 4.442815676817482462e+00
2.758690475138836007e+01 6.753481115543769064e+00 5.692714635112686494e+00 4.538111006856936136e+00 6.662497474748777293e+00
2.759029721986953021e+01 5.604343964462379368e+00 6.817905050800345812e+00 4.045435940915703021e+00 6.598546171137049221e+00
2.720499502964313621e+01 6.619391415763023367e+00 4.494697973152540271e+00 4.278702276248761649e+00 5.383959479835323414e+00
2.283343583651076614e+01 5.872945821544946376e+00 4.340894699476267604e+00 4.025383516894345703e+00 4.426938147901998910e+00
2.720049801551726887e+01 6.527111612717784617e+00 4.185077244024836496e+00 5.512958500740213097e+00 6.873799668431225918e+00
2.797708490745153043e+01 6.631397879094034664e+00 5.589537935644825595e+00 6.854354422541135250e+00 4.373489253322035530e+00
2.735427554107111447e+01 6.986905252864891835e+00 4.496187132923700425e+00 6.597858580768649617e+00 5.345775341248104162e+00
2.222765437100648356e+01 4.381100447717636293e+00 6.156096244299829934e+00 4.543935203308322457e+00 4.279278571395142450e+00
2.726011507031044800e+01 5.379783730466295211e+00 6.634676824669432982e+00 6.678485579532560834e+00 4.560705520581356254e+00
2.755897960650866452e+01 6.470455344598012637e+00 6.912765224363424110e+00 5.540720651968842780e+00 4.507415324577744187e+00
2.714439883597574621e+01 6.510918177974810206e+00 6.719035367264914349e+00 4.310083328903987265e+00 5.688808578745887523e+00
2.663446950541717229e+01 6.405364597449948683e+00 5.607476721938038366e+00 6.867432288211329450e+00 6.637224666917318494e+00
2.368460065365518830e+01 4.152792698973372332e+00 6.112219190062878837e+00 4.447000727759027328e+00 6.844012761107228116e+00
2.606070009941493382e+01 5.429507494878177631e+00 6.563249128603728444e+00 6.981238329371477924e+00 6.704646508978125752e+00
2.619209203168910349e+01 6.795419684793232662e+00 6.966122514834676593e+00 5.397607937682083801e+00 6.635587026072026440e+00
2.637425630700405321e+01 6.668898800797339987e+00 6.823492292130959314e+00 6.539221043505072828e+00 5.632480648998894779e+00
2.243619529377505728e+01 4.563723165377859381e+00 4.181618360383989597e+00 5.944802457072039914e+00 4.392048333339374722e+00
2.526124610275361348e+01 5.626416871826733335e+00 4.003887893131299336e+00 4.257083180774198894e+00 4.575404256671257386e+00
1.995404504782586486e+01 4.512628896591258432e+00 5.523472006517510025e+00 4.581845479937165067e+00 6.155361641760801028e+00
2.494558771353766247e+01 4.476438276906020697e+00 4.086500017363730919e+00 5.559908587101305422e+00 4.211998036821574587e+00
1.947587905887275284e+01 5.239331722805744995e+00 6.237631823397084219e+00 4.253269848323879998e+00 4.011749971318961272e+00
2.424225270050479253e+01 4.532369091062119715e+00 4.498536202882315926e+00 4.585781824857180666e+00 5.261623570016078943e+00
1.808324731957141296e+01 6.141957454249648229e+00 4.195472727976821581e+00 5.789987456245427211e+00 4.548331893744073540e+00
1.933715421576887650e+01 4.361923888753673317e+00 5.741200090669579481e+00 6.663483321214063615e+00 5.931969478395263451e+00
2.518063988009514276e+01 4.175970634733654485e+00 4.310211964628388515e+00 5.554247667214887940e+00 6.571106808683985889e+00
1.971447593436207057e+01 5.721313510721073747e+00 6.339818290378072874e+00 4.214170594013403992e+00 6.617365736227185380e+00
2.483658464785503384e+01 4.498931780298181415e+00 4.241324626630148309e+00 6.430701319793320714e+00 5.710169596731226704e+00
1.842213807665025982e+01 6.354299573739538687e+00 4.023758773947389678e+00 5.386856954901014127e+00 6.846312464341113291e+00
1.971264665717244924e+01 4.380173739191897120e+00 6.267905313594865468e+00 4.384280415388234431e+00 5.319835880943161399e+00
2.493533127536102612e+01 5.331853639595813377e+00 4.450505375271159636e+00 4.206277085302962071e+00 6.476733294360561999e+00
1.974361940919735048e+01 4.024375632373907941e+00 6.336976722157329434e+00 5.743026528327804137e+00 4.176307105113394869e+00
2.507997025575412309e+01 4.456584120446097863e+00 6.533826549404634143e+00 4.030866706542026279e+00 5.643107257156514400e+00
1.896911326321264113e+01 6.263303320022163945e+00 5.320315349458012655e+00 4.147837459187517339e+00 4.544093041350994788e+00
2.412034121962222954e+01 4.461026964569241748e+00 6.671238611979858568e+00 5.742334186654080241e+00 4.291342222793954164e+00
1.848741876903671866e+01 6.158724152558149534e+00 4.248814043402028950e+00 4.057710029118727135e+00 5.265395041642779717e+00
2.525428089856610470e+01 4.406889917612867968e+00 5.771838022015908010e+00 4.343644944500828942e+00 4.540541552121388769e+00
1.832662454526368734e+01 5.977360921996345056e+00 6.913210738795527277e+00 5.574824474182839218e+00 4.033507327632015915e+00
2.424029217514644330e+01 4.567043675843261319e+00 6.618211083313104481e+00 6.957449171412794620e+00 5.321616787439032770e+00
1.807282109150585114e+01 6.181899635605342169e+00 5.771441776469494300e+00 4.240510405174241271e+00 6.805407634965011887e+00
2.588709966474490543e+01 4.329794398648186160e+00 6.734979012259287856e+00 5.315603036956449756e+00 6.993028132977587852e+00
1.858064307977040386e+01 6.382353004716514455e+00 4.102514185642002431e+00 6.566470645837933162e+00 5.362729446442894066e+00
2.477672986770627261e+01 4.452331864105916637e+00 5.788834045525313776e+00 4.439855347285067033e+00 6.832986806172210770e+00
1.952793496015187458e+01 6.294117563329656662e+00 6.778317027259181060e+00 5.292239033790393954e+00 6.867670830159966044e+00
2.468705570894990942e+01 6.641360781751299847e+00 4.411454173823109670e+00 4.219278192372405201e+00 5.439314450342893181e+00
2.453612542202797187e+01 4.125565926296627772e+00 5.534951948882737227e+00 6.701553531879729242e+00 4.466576958297291178e+00
2.642819695249883694e+01 6.394894606220736577e+00 4.559935264833528734e+00 5.349424635421697438e+00 4.040925657341349897e+00
1.976530158984956742e+01 6.174400908144156652e+00 6.624542684520571711e+00 4.002953136809323631e+00 5.570392033674370857e+00
2.476343760875768041e+01 4.094089593667734839e+00 5.447154595062463578e+00 6.745997988061039230e+00 6.788907885453627777e+00
2.677692650049294798e+01 5.808318024471829766e+00 4.493485807806731458e+00 5.473611140202206293e+00 6.673362936435736081e+00
1.952632767351642329e+01 5.803565898480139040e+00 6.640033219719911450e+00 6.497573421740976407e+00 5.388097426128620526e+00
2.484578957335180505e+01 6.772872482426024909e+00 5.616071268242142089e+00 4.331890186999976855e+00 4.108847458924481444e+00
2.550325792773286082e+01 6.961629904515128864e+00 4.263868055482598507e+00 5.273442662888771615e+00 4.379853605931006477e+00
1.839760605588440967e+01 4.070447185423431868e+00 4.592304416688993030e+00 6.129584913177059668e+00 5.261604175260358396e+00
2.575524102979836982e+01 6.790627718877372487e+00 5.325669395685308949e+00 4.224069529655864130e+00 6.420768603153124587e+00
1.837674275779313149e+01 4.555259983367708543e+00 6.618810366179873839e+00 6.241938428334043998e+00 5.569012261440041023e+00
2.486960328525591990e+01 5.640654703736327491e+00 4.068996704604532333e+00 6.832881713131898849e+00 4.130974260356138572e+00
1.893418083993401169e+01 6.061330426872562072e+00 5.499929772357400992e+00 6.558349245734297561e+00 4.315896177292030345e+00
2.553322334152167983e+01 6.510194970405318138e+00 4.588950954553008721e+00 6.833974421118937492e+00 5.395584404716509574e+00
2.567735688616064849e+01 6.432454733143077696e+00 4.289408284692086681e+00 5.712007488141477296e+00 6.877330045842564132e+00
2.459912760507419804e+01 6.603229644094241735e+00 5.251617930481771168e+00 6.862320357810637539e+00 4.043861787285601750e+00
1.860591502862205360e+01 5.271105967921631219e+00 5.988438317424967572e+00 6.453631742581390718e+00 4.443309963880715863e+00
2.435865993171828947e+01 6.771499135289703375e+00 6.591330732431419648e+00 4.040248193180413061e+00 5.746624371288295841e+00
2.444805475331837386e+01 6.603636228536621466e+00 6.593442586486480295e+00 5.698842512199326471e+00 4.428864616456749559e+00
2.471608548249547965e+01 5.280455494181933496e+00 4.458228605404542577e+00 6.856160543014462760e+00 6.916344191649425710e+00
1.954058925325293927e+01 4.085018229353067021e+00 6.242354715301523527e+00 6.483710772786548837e+00 5.597450540455353618e+00
2.504197897269732920e+01 6.981947020382120783e+00 6.958840622071926774e+00 5.228850702567790165e+00 6.631610763412984610e+00
2.409359334234848049e+01 5.286102724925534346e+00 6.788427919243708253e+00 4.434370820666653223e+00 4.004330297047835607e+00
1.932092052050341735e+01 6.857508959678689564e+00 5.338173925277455822e+00 4.431860262783666293e+00 6.376863402541590453e+00
1.827945479583480193e+01 4.170885524334673633e+00 4.202791945015569297e+00 5.256306324420052078e+00 6.080493922187658384e+00
2.422394403725264311e+01 5.572889579995898401e+00 6.458869044709888207e+00 4.528889140967972793e+00 6.852716321315991621e+00
2.401685958781423125e+01 6.486577514481884243e+00 5.457670559766548912e+00 6.794128400545260682e+00 6.716460444860645751e+00
1.819560507820969875e+01 4.138190640974682921e+00 6.331037438296390540e+00 5.562125367136022902e+00 6.898445340291318395e+00
2.428963099586587049e+01 6.798353384997215976e+00 6.895209217586459438e+00 6.730459311536684197e+00 5.454021949882248421e+00
2.595897494397188865e+01 5.380783346772183506e+00 6.701357803053176632e+00 6.953881546942605851e+00 4.121850496180941903e+00
2.780008656697503611e+01 5.911592673308431856e+00 6.505785396371372542e+00 5.594778482969402944e+00 4.426458182192644308e+00
1.890599810302992267e+01 6.610519111225143796e+00 4.418574316639452881e+00 5.981696835612900109e+00 5.435729366197891821e+00
2.602763867532052089e+01 4.242827825915155948e+00 5.599678651373933391e+00 4.566177058117400378e+00 5.819942558148436085e+00
2.492685914955549364e+01 5.310174995485965610e+00 6.897992826862084037e+00 6.403658434090436558e+00 6.671694981154219661e+00
1.871720204436310198e+01 4.316939082748648460e+00 5.237056971633295532e+00 6.087067601868133337e+00 4.544848901229840976e+00
2.705988948426739427e+01 6.131488734923856043e+00 4.112457140282076651e+00 4.029858791728724299e+00 5.539737409408818536e+00
1.912229957928917301e+01 4.158796634523580060e+00 5.605659274712619045e+00 5.856127012474360072e+00 6.512113085255429645e+00
2.700895644055236744e+01 6.013456313712051582e+00 4.161848796591478994e+00 6.568990286517796484e+00 5.620475295562624929e+00
2.683746697401270964e+01 5.966356729257541680e+00 6.917659806376356357e+00 5.227946784023987270e+00 6.951468829085484913e+00
1.871444122942711275e+01 6.188865151169960832e+00 5.644230503391804987e+00 6.812790502510737589e+00 6.748926786111750786e+00
1.921437076069787508e+01 6.746916153319602039e+00 6.160823582793888420e+00 4.020642627662255997e+00 5.410920663668018271e+00
1.829001106034836255e+01 6.963081153191562400e+00 6.382010717045447201e+00 5.684204398311288209e+00 6.831729551850370896e+00
1.859104802225433417e+01 6.839839248271140093e+00 6.587921559054001008e+00 5.919996372599169554e+00 5.575657076069841622e+00
1.976782966192521229e+01 5.342340368260034111e+00 4.515982684257457080e+00 6.071488826749201984e+00 6.880329803992126791e+00
2.307743849060799946e+01 4.183454918616113183e+00 4.055629036899254025e+00 4.108881859908828815e+00 5.022494461892276441e+00
1.929503240921129859e+01 6.837120481160292584e+00 5.515900234533752666e+00 6.024912589433111698e+00 4.262842863733164123e+00
1.843314094270654735e+01 5.488581173424158521e+00 6.278928053030219836e+00 6.940660025948008460e+00 6.724913180720424322e+00
2.223923426377047718e+01 4.150399817887058695e+00 4.361982925159439084e+00 6.785294216018066926e+00 4.661585010291683595e+00
2.738309649655102973e+01 5.424923351419010054e+00 5.828461446865818019e+00 4.230583284844572134e+00 4.439544620535832209e+00
1.837594999806513485e+01 6.714623003325084660e+00 6.033555447364972402e+00 6.456730405092502068e+00 5.411160905759976103e+00
2.259846758287543622e+01 4.557204011603998239e+00 4.218134775570086425e+00 4.600109966530441241e+00 4.576592530607298315e+00
